longitude,latitude,geology_favorability
79.68247240713085,21.542418449108002,0.8959741331846461
79.71704285838459,21.539974725773885,0.3286629110795044
79.70391963650869,21.53056923475017,0.48193274022714555
79.69591950905182,21.556436000206087,0.7755926770983771
79.66936111842654,21.548597449630517,0.7442704342248887
79.66935967122016,21.571942059539438,0.6121299943440173
79.66348501673009,21.521926574828925,0.5898444128314908
79.7119705687465,21.558632075653307,0.3681433525384965
79.6960669007046,21.56577693271069,0.6891412882629351
79.70248435466776,21.565569194151298,0.4761715083401092
79.66123506965775,21.57316443802573,0.43027092987908416
79.71819459112972,21.56374202456977,0.24727965678003744
79.70994655844802,21.575668603698862,0.2799020586604126
79.6727403466407,21.539959395989253,0.6977392323461087
79.67090949803243,21.55019256500509,0.7211519731898839
79.6710042705912,21.520844779796974,0.6101958648865742
79.67825453457758,21.520417455238196,0.5870331685791124
79.69148538589793,21.53440759722709,0.8464822928924987
79.68591670111853,21.526048431828343,0.6362754599961067
79.67747374841188,21.535612682076145,0.663964691641891
79.69671117368334,21.5306225976717,0.5563050810588399
79.66836963163912,21.52171120149032,0.431013131374544
79.67752867891211,21.57455824878436,0.4960595072569613
79.68198171059763,21.520493387883334,0.5730594409305488
79.68736419905302,21.564164928660222,0.7216784784486329
79.70711055768358,21.52912887321517,0.44350956701572175
79.6719804269295,21.574733777319974,0.41463165036878624
79.69085406630481,21.573567756375393,0.4094521817001448
79.69554487413173,21.559234068782153,0.6227827213791095
79.66278702476319,21.560334048988036,0.4817459858286256
79.69645269111409,21.52032034851818,0.5592309328546909
79.67023144742123,21.579092293966813,0.33621421598642465
79.66390309557912,21.572669956214547,0.5523539337059231
79.7169331322352,21.573706373543803,0.3162495032149797
79.71793792198447,21.55955467222305,0.2780170939956787
79.70850384088699,21.54068721571927,0.6359772395650685
79.6782768261504,21.573618918945428,0.58892949632925
79.66586032684037,21.53749101568907,0.5670293164300348
79.70105398159073,21.553762692600532,0.7887015002382094
79.68640914962437,21.52598385834063,0.4679461743290596
79.66732229409068,21.575317337807963,0.39190301129004196
79.68971061460667,21.528446227466272,0.7062381774392084
79.6620633112669,21.533493808343824,0.6217590138988187
79.71455922412473,21.55348804948769,0.4017904971479608
79.675526798896,21.565845580012777,0.5416060181886949
79.69975133706124,21.557161078356177,0.7774662316048844
79.67870266456536,21.53392803476801,0.6686583855063015
79.69120408127067,21.52005658255165,0.4057787176766723
79.69280261676059,21.565429034818443,0.6653568179865901
79.67109126733153,21.579112439554663,0.5795822178339103
79.71817507766588,21.568594787218363,0.2291692350295144
79.70650796940167,21.547612397089395,0.6728418284937583
79.71636993649385,21.574226035683946,0.37348001373048273
79.71368964102565,21.5445908603871,0.4561844757762952
79.69587399872866,21.551496045054606,0.8260793456950997
79.71531245410138,21.54862778604374,0.5994546983359332
79.66530955012311,21.546857432359932,0.6078096178066886
79.67175897174515,21.566511446157634,0.5285227222011152
79.66271363733463,21.551606134436167,0.7697655856031119
79.6795198198458,21.539003027321513,0.8410885244832892
79.68332063738137,21.535489490059508,0.735751557638937
79.67628094190643,21.522264839018046,0.5581362651875795
79.70972425054912,21.554991709712983,0.6042370170729023
79.68140519960161,21.53379768492406,0.8119338148678319
79.67685607058124,21.528888035320982,0.767313739449262
79.69256176498949,21.55922979782966,0.7167123675180538
79.66845545349848,21.56087255546929,0.6076757828947796
79.70813181884525,21.56512929353546,0.5338036800993389
79.66447303862078,21.550214613780316,0.6510972600589784
79.71921321619602,21.573643276312232,0.3642972072978825
79.7063346861578,21.57618056520389,0.3883685250891026
79.67192294089205,21.56844225638755,0.5056150132479938
79.66033132702741,21.55813560892049,0.5705496592882905
79.7089276857073,21.53822325721547,0.5804313241071997
79.70241144063085,21.57897669529721,0.5032733718408762
79.70374043008246,21.536448170031516,0.5826395904700933
79.70627622080116,21.532159415319427,0.4140459196199352
79.66444267910404,21.546529246827195,0.6494049227092786
79.68150794371266,21.52341043424274,0.6524374815197784
79.6669521435715,21.578709667880307,0.4125150257773616
79.71178620555253,21.555306013384985,0.5580380763660366
79.69739788760965,21.55341712549985,0.7274044227767205
79.67985388149116,21.55934777679398,0.7026882468337068
79.66381350101716,21.54982141886663,0.7552541514283446
79.67865893930293,21.521923811025673,0.41362238686049424
79.67951099932161,21.556738677330422,0.8131773108768254
79.70377637070028,21.562970432617384,0.4787173935748402
79.6982534482813,21.54500494363744,0.587682957926693
79.71323276455458,21.56543773432427,0.43120394535410156
79.68833289550972,21.533620077960304,0.7144354143830498
79.66717565475629,21.53327659546397,0.6820099165931621
79.70279468723338,21.529685019261255,0.6050802838522569
79.70564710291701,21.542319685587348,0.6617197230669598
79.69367663185417,21.570820722123344,0.5497108454468548
79.70625803079727,21.56967472372894,0.5129700090660073
79.68962773578185,21.54296945247781,0.8281846624287019
79.69136396976292,21.555347124158814,0.7604728112398557
79.68565246110151,21.563248978988494,0.7604490709036364
79.66152514760464,21.53447240647768,0.6949853372093373
79.66647348561959,21.530088465153685,0.48244609947720046
79.6618857511412,21.578325759592737,0.5318148628012148
79.69818462467582,21.557053438792575,0.558587027734954
79.67886135886458,21.57888494331002,0.4293017523427364
79.69051424146988,21.540265359227934,0.7140394501867348
79.71445398843557,21.562181901998446,0.47243776156969786
79.67495753374892,21.533356218192473,0.5851360469656735
79.68462297538214,21.535672010276436,0.8700478737134252
79.70533306831258,21.550714127276176,0.7096163064519965
79.6737278899295,21.539177087530483,0.7998634874622935
79.66461879458973,21.530057293830435,0.5415254658101428
79.67738508717483,21.535772842119357,0.8729053388066823
79.66967327723523,21.52214490366795,0.5986587670851242
79.71578185914055,21.562265417288646,0.4188028531710932
79.70848722277387,21.54952699942515,0.62192523032396
79.69800422539062,21.52565458398427,0.5513280649785353
79.71228763541126,21.53030163958771,0.45687337828766855
79.70822032461395,21.52615207228676,0.38961103834605015
79.67119420353316,21.556755568496552,0.7287206367643874
79.7135535399094,21.52565262181675,0.2614479995614253
79.69236053451493,21.565256939982113,0.623660357908357
79.70844640930984,21.521230655159222,0.4558953416720377
79.71376547799541,21.534962547279754,0.5776806543285261
79.6790802084983,21.573440000553514,0.7089338647886216
79.66660311547166,21.563111879087334,0.6401766122487783
79.67367610975252,21.52437809997554,0.5876313439685691
79.68562646731758,21.569267566269108,0.5451796466116896
79.70908088595534,21.549582107292412,0.6104987813065363
79.71164383499539,21.570806981630128,0.2819166915568626
79.66041712783186,21.556044386467022,0.5282822689031933
79.69064483815465,21.56090998192197,0.7867624995528668
79.68504466018892,21.579610093623742,0.42224349510833514
79.67332646862825,21.53394013275544,0.5558434538036661
79.66719192204002,21.55743673448568,0.7837453520368318
79.68025691028421,21.547619283403442,0.7883084773304904
79.71657458223476,21.52236711717536,0.21556868313192026
79.67939217592124,21.52086823849017,0.39621316673285256
79.6911274373046,21.527153714669073,0.5285579693582145
79.70218113753371,21.558945504432312,0.5254405768159894
79.68181777614275,21.554029785274803,0.9145665216471149
79.71830692496326,21.553205773669823,0.36416000050840164
79.71774683769652,21.521911405751695,0.4284553023746248
79.67510693774952,21.5481581797816,0.7167449114104645
79.68983491035354,21.57547736907055,0.5263939817112292
79.678052698589,21.543855512158636,0.879159848816172
79.67709042966264,21.557495348187306,0.8321856246951023
79.66221321684127,21.566789120537386,0.5620085720183334
79.6965738600388,21.56703551674851,0.7324124818711386
79.69016074139373,21.551156804943716,0.7341263383583018
79.663088725075,21.57147711672414,0.48897636327872873
79.6767187878542,21.543482685601823,0.9275009679995599
79.71449595315799,21.573321592887087,0.2436453462321627
79.67437371344002,21.53441362998373,0.5722882279789087
79.66869369232548,21.536812984419434,0.5962478033645267
79.68936716561664,21.52318723745194,0.5906067444327929
79.71913902724664,21.567734910192534,0.2900296073877622
79.67452331629069,21.54502331417396,0.7091573820759312
79.70032813284435,21.533746996834683,0.5920468243555652
79.70569717691973,21.533907416656994,0.5709765223497357
79.67425825263955,21.574083996473753,0.4663598304300969
79.70369298091671,21.570034996027662,0.4366859586579658
79.68206698796315,21.55321185312143,0.8713661335189391
79.69793834983561,21.556966648024943,0.8302380566518086
79.69801178264565,21.548459534233018,0.779758763048088
79.69214648104449,21.543499992572727,0.8711325403717316
79.66541738620326,21.574928612873098,0.43180340188142674
79.71011814973535,21.527536762211216,0.36465438384062204
79.6792468038983,21.54510680738297,0.8209409765622058
79.671191110624,21.540673714479272,0.833061667198682
79.66244650849329,21.549889043215067,0.6313360953689415
79.69545357659129,21.54745791247271,0.8656678203871064
79.70065386171053,21.551133371899063,0.8315929995476148
79.66099526973566,21.52839513863362,0.3679906547577013
79.69072558349795,21.550788490090795,0.6753426599665497
79.67358974651188,21.534545128833233,0.595758770085157
79.69871036742457,21.531059880939292,0.5580198164413386
79.6704619857403,21.52389005312717,0.4176750590765307
79.70145626428615,21.565759153525367,0.6784976729593077
79.68320412077803,21.54564651525139,0.7014612212234699
79.7162037993242,21.557598620998704,0.37732384950817566
79.66825125664876,21.563655600598285,0.5421546457282458
79.68046398106301,21.56075899991881,0.8947149258656025
79.66680841127443,21.54823004314538,0.7640296507392963
79.71548161709671,21.543273911737103,0.5750923172805302
79.71264036120286,21.54255759457844,0.6302551445919383
79.67547649766291,21.558402927815802,0.765613827176425
79.69959904276205,21.54968766129651,0.6236534409531489
79.70903333201207,21.57094793487931,0.3424442444021254
79.69331204869597,21.5724821190596,0.47202985151366283
79.69177903470136,21.53023362268039,0.7073795827851486
79.67451113745402,21.52817401909274,0.4797533905028917
79.66558616606835,21.557824055562158,0.5243314028256875
79.7138329454772,21.538073544883737,0.4883429103980325
79.7140250834298,21.521114243125904,0.3991834639067515
79.69798608743639,21.573318560161777,0.5596599004746579
79.68034178746292,21.53361404603463,0.686916130048294
79.68095257447676,21.575756839101146,0.6286271322435819
79.70355734073222,21.563046067052692,0.5783356321830977
79.71382661559716,21.565759209394688,0.3036359105265133
79.71322518545591,21.532087689747588,0.5207766955231083
79.70679253275145,21.534051665537007,0.6596648243550203
79.69852189876926,21.551276065229445,0.5847309371561933
79.6650483978997,21.530325991158993,0.529239406159967
79.66969772284567,21.53832590156098,0.6993489397171239
79.71391325131162,21.539287748676866,0.3538448407655225
79.69638574357957,21.529577795995166,0.7077777226465953
79.660551823097,21.53231097000371,0.4640867297538965
79.66608829257196,21.567313110520494,0.6543822669672488
79.69981010614649,21.530031751272837,0.6198001083244729
79.66030369503078,21.521707443510635,0.45363885378682134
79.66964848308504,21.557761296557736,0.6211205612443638
79.692924027362,21.578558987163547,0.38812696402982727
79.70151371186157,21.539872828877385,0.5068364621202698
79.69911767557015,21.527119342191774,0.46213002932985514
79.67345615856763,21.554223239522052,0.735813550669875
79.70273075328085,21.574381252665738,0.5588092627702805
79.67423494524981,21.567043706789708,0.6069665254130139
79.67952398188956,21.557350952104763,0.876468298727068
79.70478948430708,21.538903389796456,0.5695302773541748
79.69897797394283,21.55251281039657,0.7918116539681502
79.71095340462965,21.525474690478255,0.5523451941755981
79.69945677353802,21.560736725456838,0.5660602264538415
79.69409851620013,21.563505761133857,0.7831983194397846
79.66562048606968,21.577901897374595,0.47589870801813383
79.68206294818356,21.535623841524703,0.8510706691214844
79.6759121420609,21.52110738514258,0.5629685488075924
79.67463937860275,21.552736507865628,0.7784627233347771
79.71838063328515,21.562407430263807,0.30936508889121056
79.68358586348,21.567424448552977,0.5427302778893389
79.71352279331063,21.531624335981487,0.4362799369008098
79.69786831755984,21.535705172142222,0.8024483156029989
79.70768867821249,21.550755455516036,0.6443841048952434
79.69015822558632,21.5398360485982,0.7246979247209349
79.69461423307757,21.571630689195246,0.6566915537206888
79.68955106162913,21.54842560922432,0.9046237861723325
79.67171457926788,21.56797471864612,0.5491565207158766
79.70334712691569,21.55483718562894,0.48433280975462767
79.67684634174645,21.566385408497027,0.5579590571449419
79.66145895798589,21.539960379191818,0.7146029317959316
79.69872833775443,21.569884997315818,0.6485171024586414
79.67062664076443,21.53647433893306,0.633551601065429
79.71642751506117,21.552765928480195,0.3771387455344024
79.71723571462016,21.532840426790433,0.48146107420285245
79.71489186341323,21.54853159129757,0.5967852543872525
79.68220952201533,21.53909051257052,0.8809833945771537
79.66092739699172,21.536002205838233,0.5972352228981416
79.71569911375526,21.57801910108168,0.25916229356193676
79.68569104889903,21.529604446329202,0.6717673002865554
79.71799928914263,21.567239550247443,0.2939031399296269
79.71781719862535,21.579049897568993,0.41275284871024914
79.71118056732804,21.521194089024405,0.3428358582474169
79.67766693352418,21.561941644842523,0.8395419516279372
79.68310586371611,21.535174708333376,0.7146937440523171
79.71106820029101,21.522429269459696,0.48354606464825717
79.67901532030938,21.544173374737397,0.7792757808539312
79.67016956480116,21.57611306861025,0.47223435837953065
79.6934080757475,21.52070590566202,0.5305326078404028
79.71616928644964,21.555273141515787,0.31083205124399493
79.70176178780049,21.550083788715718,0.8038340145086138
79.69420367020535,21.57240304986226,0.5725067256652331
79.66583058962624,21.525040102871237,0.509071302069265
79.69690043360195,21.5608915617932,0.7763667126968065
79.71940323100625,21.560806581905997,0.4962082840992038
79.6684050409142,21.560144801011734,0.6830086614968598
79.69109977914182,21.5765400696961,0.6359907643222042
79.71264238431567,21.56938525174041,0.2805477415719134
79.70444611706525,21.52251836357461,0.3243203710829751
79.70182094445971,21.54826497104227,0.6982552563743405
79.70214904503922,21.54387718337208,0.6109187276127894
79.68156946907318,21.538608833265446,0.7806683746160891
79.67761551065587,21.547080203509246,0.7805071211240571
79.7085616693287,21.543051651095556,0.5222163540149793
79.70860680368075,21.545940033992718,0.6542023938734178
79.7120243391148,21.578755711936516,0.381832697589092
79.71479443315339,21.525317978484974,0.5249396616726443
79.69068054393165,21.575333852190322,0.61326470805892
79.69009097768122,21.54881420280826,0.751766772300392
79.70789771073801,21.55742453472997,0.47659915309577316
79.69899783584667,21.56981097799706,0.4966937014160565
79.70211801263547,21.541627781748954,0.7475338480320279
79.70774756016617,21.545825314485278,0.42904341546108254
79.71340032050905,21.544571108816722,0.40165687864884647
79.6802797094111,21.542483861352146,0.9450979315717727
79.6825349771584,21.575531759298812,0.5833733812432496
79.66563891639045,21.56973579347158,0.4538108142443661
79.69469680845977,21.52653999939178,0.4857158137496033
79.6621565364278,21.526487401148625,0.5975383013542397
79.68793588108795,21.54567217089118,0.9478451586104641
79.69255867808245,21.525919442603968,0.5026489947338225
79.6771924751277,21.557145585716267,0.7666358460302278
79.69544999563414,21.528621496435704,0.6933458269360977
79.66183001499634,21.551342395838006,0.7136044484429727
79.66224089132496,21.52043319682022,0.5207579251344447
79.70935603363958,21.53899578090476,0.5267804927325634
79.68161143848468,21.56063144342036,0.8925039497457828
79.66762363075911,21.54904233641367,0.6729786565820834
79.69133459560328,21.578696169159937,0.37366071217973795
79.70619961318592,21.572446227763972,0.5105286261495617
79.6729492616498,21.54154424674259,0.7785140735804401
79.69737342854914,21.522729192488335,0.6047044064684595
79.66512084789963,21.5707375780069,0.39309397430537496
79.66310090327012,21.57467405861888,0.5592548351273249
79.69188127789408,21.569237643605142,0.5503516455877345
79.69243810729661,21.527676996455185,0.649106982571232
79.69824579408989,21.579874908064735,0.290926430270676
79.70356548002336,21.535515053293167,0.6120740887567755
79.71855112476776,21.5634522947685,0.4503337473285163
79.69097802089807,21.57448209258014,0.499136033908117
79.67937738837647,21.53414122685984,0.6446281735567547
79.70771117168611,21.574495513280624,0.4275180349408231
79.67624993507572,21.53856889475169,0.8684928947281223
79.68633828524234,21.57858479334304,0.4392113885478472
79.66470738288054,21.536875601222828,0.550937344272692
79.66152104460492,21.57720614948547,0.3519244989504553
79.71775890488067,21.52321267905356,0.4778255702196034
79.71015880723073,21.56255632070019,0.4429355367712544
79.70175845236562,21.55192666803022,0.516896101779012
79.68453717666485,21.54867262462736,0.9328785588647708
79.67039765920424,21.53340965885535,0.716572881946026
79.66938622256026,21.562335747386587,0.5532689102586468
79.67501457388987,21.531448569486777,0.8148078914231147
79.69295359988236,21.553170507759084,0.8137091748340857
79.702875755362,21.535194721782414,0.5859229762713889
79.69961184260306,21.57733728278688,0.41398807521532477
79.67679603381676,21.521717871630138,0.649357030930069
79.71729191683978,21.531983696806673,0.31230929689005
79.70427381500174,21.534538636383246,0.4968726082040943
79.69326124315069,21.54484406954607,0.6677464069902785
79.69670324477406,21.5339638145122,0.7272086798175528
79.68517600374567,21.549480945416125,0.8751353470820463
79.67486385937006,21.572347931395512,0.6037042842190574
79.68135836071907,21.56272380528455,0.6567125130311292
79.70547076662785,21.554797718832106,0.6423651817210863
79.66086360931779,21.52534019067896,0.5440612980355988
79.6669643584304,21.561639526503356,0.600769935236268
79.66276015852131,21.529984857058654,0.6227007099105745
79.66244372813914,21.5671820431577,0.4849240255569207
79.71132763504066,21.535003405510608,0.549230874686322
79.7022194715628,21.545022923699253,0.5176320429504616
79.68845042974523,21.541028212139075,0.8141674987687455
79.66587004963905,21.57152883488049,0.6570631405548146
79.68949695250701,21.527592667522804,0.7628750843192256
79.68840830624683,21.553938692943085,0.7505366826870322
79.67039211219459,21.528523696566584,0.5745740049985456
79.68603109895427,21.56228775016793,0.6123068788339541
79.68391028406384,21.574304687667667,0.6725193984283052
79.69695100588314,21.546076459232033,0.7596599655545424
79.69810561905206,21.549285535615898,0.6913424316153272
79.66271824058632,21.575645370188965,0.3266632118266281
79.68247675687759,21.55125948331896,0.979887701912566
79.69755159494285,21.549255906282973,0.7428369709362564
79.6901881755148,21.554699746162257,0.7333786397843249
79.7113893904713,21.561353784181776,0.4317542660474683
79.69952161789713,21.526413002505222,0.45858960823130296
79.66977606562489,21.56926663166449,0.6109485827054739
79.66423412484403,21.546130301647196,0.7999283562585706
79.69854515669238,21.52434091059385,0.6169421051197018
79.66159067863249,21.56717096015189,0.5087064702767292
79.6951465348764,21.542616998301174,0.8457452033518484
79.71641381448549,21.526022049705702,0.34374842433294583
79.69452845067255,21.558026742372594,0.6556701369315364
79.68329019557238,21.572807881206018,0.7298633714108331
79.69859729310654,21.573265210564838,0.44706818155569733
79.68749517342948,21.577459808488538,0.4534030272428209
79.69273700735896,21.572062327586,0.7118210979834398
79.71648788852659,21.520128455160727,0.22615375817305944
79.68316615826804,21.5428144699848,0.9079601698370394
79.71767143382944,21.56911255479433,0.4985304282214613
79.71432103851737,21.54197518035991,0.46718710896931737
79.67174746808736,21.55609291038278,0.6022173496675357
79.66416167805251,21.55637901684247,0.6105751529902405
79.66604668008264,21.54190151824233,0.5650948336025444
79.66109330953908,21.574268435636874,0.4185042762822837
79.66566657764535,21.550193700723167,0.78194433465457
79.70098040640498,21.54788705235625,0.6638916823022339
79.66427131890761,21.57985082473971,0.38993521663329095
79.67913853781762,21.549610021844355,0.8581181867025908
79.71069251865816,21.530703895115714,0.4751503157494966
79.66139631614415,21.550784165371805,0.7332086238433975
79.70886810895533,21.568841004131194,0.39582937457384765
79.6769112864864,21.566611619613894,0.7659428494133875
79.66708988965729,21.567314905906507,0.5998421702856869
79.70180422992185,21.562481427039874,0.5367513572867946
79.6977365708068,21.535253069744,0.5906629041007825
79.71264832081162,21.571725045150412,0.35372484400367665
79.70410426262823,21.573606607922574,0.4921242219979006
79.70820885582309,21.531649161797112,0.4058779772927345
79.67692207435428,21.527827338193084,0.7512454822272434
79.67064637262678,21.578536298115345,0.4840171491285622
79.70503688509845,21.57209943781902,0.588100497251682
79.70841008435603,21.573594168832596,0.2819176443571545
79.71943030852005,21.57318258307746,0.2893036556962439
79.68475706061469,21.552501209442024,0.6959970289468396
79.68232108514756,21.558784104199948,0.723048544542614
79.70658477764452,21.552721771128017,0.6952335502882273
79.68044821241517,21.52307238095142,0.42088025434621823
79.71584543953621,21.564730185121164,0.3872755667579105
79.71150476511058,21.550319922000153,0.39911715864671066
79.6857396416425,21.55886254448741,0.7613648426578977
79.70505226406749,21.55015838829853,0.7179796040136123
79.70527257244508,21.549508679339347,0.6502216406633674
79.66618743213016,21.530307346568666,0.6451534431773559
79.71415317440078,21.53672282290847,0.4005221604142072
79.69031514234688,21.529531161516637,0.7771355682173651
79.70958744796646,21.53173997773752,0.5337180984280783
79.67920297606183,21.578378642825218,0.4712652936161792
79.71373139370976,21.52918680674633,0.3865628391892515
79.68335210072405,21.536156225458313,0.8886544499675268
79.66065025908881,21.555435379464313,0.6223914399910876
79.71432291858515,21.556610714574198,0.5216157518353387
79.66547720060717,21.52923844778463,0.5289585083169626
79.67915881825542,21.567623045547112,0.5800926513892974
79.71700371802305,21.56711217207477,0.45038098713771835
79.71703642881626,21.534239062252233,0.43421146958562756
79.6944062732874,21.537319978160525,0.7124694516192248
79.69791023273018,21.576279271927568,0.5105022455060192
79.6869067313187,21.569540286758766,0.544252169876184
79.67759264630187,21.56186782198375,0.8281893277338183
79.67971987272219,21.524933993290635,0.7227567842402292
79.70035110736463,21.545095844854153,0.8040701267897925
79.70514247176627,21.55355811232461,0.5534413871213105
79.70749474262355,21.531244677279027,0.4636336255706516
79.70737708856767,21.54689359492649,0.6709074176697079
79.66547236618293,21.55606155264932,0.6979131579546483
79.68966521828216,21.539642600806925,0.7926998400784879
79.663453525601,21.566856689137026,0.6733049440554488
79.69297173293943,21.570426974898325,0.5982810325759431
79.6864918300824,21.539416568166043,0.7982456658689522
79.7132622509655,21.570319429269546,0.2618111668825719
79.68105490075313,21.52621459396618,0.4821457457818302
79.66702402098565,21.57026374591736,0.39473014667591605
79.66857950092317,21.529165025900056,0.7082888006115341
79.70569063790305,21.524975629150582,0.42610660395945343
79.69709308379898,21.55850652426646,0.6856457354230507
79.66606736056737,21.548316241945315,0.8056739929400822
79.66504640836689,21.574473436024768,0.5068985527829859
79.70205814788754,21.54179135176545,0.6792146581657075
79.66436578038184,21.537229135806257,0.5625351416122106
79.70931160355742,21.55004409436865,0.6481186734906101
79.70237453362938,21.54735677114612,0.5595141462174728
79.6648809268385,21.54066568277303,0.522896303355534
79.66509026284511,21.5616244779219,0.5269331912328091
79.71919837471007,21.565573710034833,0.3009306583949893
79.68245624774536,21.571179038141807,0.5459665088836274
79.68223852882402,21.57837139628262,0.5492308289323352
79.70876797403545,21.53599937152795,0.42698713774948954
79.71683491464303,21.562965608949398,0.45747090130433454
79.71916006382938,21.543655494129744,0.2843586879101023
79.70520269111553,21.560624918317064,0.4602150907302857
79.68257557513185,21.548558901420954,0.8525809877647209
79.66501004300191,21.579626386166073,0.5436231763390889
79.70662881495565,21.563734128147445,0.62997009556706
79.69350425498415,21.577149478026058,0.6287084460443622
79.68545332055481,21.57009817296887,0.6715856434662042
79.71438126310568,21.5741740606698,0.418822498512908
79.66667184893836,21.568865151832878,0.5941403528921856
79.68955750625744,21.547549547822555,0.8600492396107223
79.66068121868604,21.53510730720081,0.44904840699001375
79.68811963851965,21.54221921052703,0.8232112847232017
79.6633781965409,21.521214173958395,0.4088697219626563
79.66712907497607,21.551439590047877,0.697184630040807
79.66705157480662,21.550303468016224,0.722701617515707
79.69895261812697,21.551515027889828,0.598309268278649
79.70476269275592,21.57844187349832,0.36101732527195074
79.69500212590583,21.57468724020729,0.38220713607648216
79.71773035290848,21.529702766699806,0.5183253949914897
79.68249223477142,21.542132951293354,0.7104428638998951
79.6771427251769,21.545437370767793,0.7520649193354381
79.71211594769137,21.5416319750711,0.6104654217216264
79.67341575031116,21.567909757816235,0.6234640651973047
79.71779335236644,21.551442260192054,0.31677225916459884
79.66072926848139,21.554325989018295,0.5708413185173042
79.71819272960246,21.571180813539275,0.23866361892218746
79.66258959471703,21.56835568920492,0.4296549988766684
79.71346858682189,21.527932691369216,0.2688877348844257
79.69166206654518,21.562834875045017,0.6859025813058852
79.71957788776716,21.546126167734123,0.4971588116171508
79.66442779388412,21.53767893418375,0.6540170915677479
79.69323125706407,21.52300112925413,0.5610148309650249
79.71815815213715,21.549234973620727,0.33308266337032333
79.69138587065021,21.54132620084347,0.7321558777707113
79.69776391828812,21.535090782380582,0.7536158319103252
79.70174492133907,21.561680303775816,0.4812771655450211
79.68727246388606,21.566169123238932,0.7905595958817511
79.69765348480504,21.534687371141764,0.6420270338266053
79.69505885871538,21.52296684620076,0.618534794612173
79.71406948062946,21.570925162033912,0.3336475795961954
79.66272678282049,21.52059758447226,0.38344706454894617
79.67685779137553,21.576226749635286,0.5960746179580158
79.71702468904459,21.55765719243896,0.5080688927445413
79.71341582703346,21.53931079811208,0.38541622711116674
79.68733940516714,21.534788674574603,0.8771378723258751
79.6972079558681,21.520540339855867,0.34702162407629344
79.67664287097887,21.534128285020653,0.5877391448169543
79.67128726958342,21.528263698091028,0.6246022728894968
79.6878219042964,21.55672997324339,0.8654836377841952
79.68120113368155,21.529992735315627,0.8105213530887667
79.69501936671105,21.551717790252194,0.7345772072544337
79.6646640782179,21.555406985340667,0.5188466007239629
79.71846368845996,21.537882501900814,0.4315684156251557
79.71917264466877,21.522103896941122,0.2663703152184529
79.70188970284119,21.522235232836852,0.43791212419107306
79.69216578198065,21.521580839931634,0.510979319228142
79.67857165697718,21.564347480028193,0.5797946972287199
79.70882770118241,21.539080582288857,0.5251262645208025
79.70108387035323,21.567778011158058,0.5268871731826242
79.66975701636069,21.54590396943057,0.8148898433406926
79.71465563106963,21.547179886049797,0.511959028656099
79.70935223457539,21.550772956150574,0.45211452995740303
79.71698799479752,21.562781887382506,0.3155149420138601
79.7035431705033,21.536410171949782,0.5123810531403659
79.69680491175615,21.527295240972013,0.4668882620984749
79.68509458217744,21.553363440111486,0.8811909068244623
79.71596370900124,21.539618657394563,0.5835063181139983
79.71196383337002,21.546549478820083,0.5521476115082823
79.66271312020636,21.558816802500235,0.6422055830864755
79.66158201846983,21.549647544468474,0.603645135253504
79.68258780201268,21.55721672902605,0.7513622904090781
79.70863319984691,21.552652000126816,0.6777034453563984
79.7192365677589,21.564387782316164,0.5157230384477635
79.66902501346621,21.562356197062694,0.659422057573511
79.69564784292113,21.552051393508517,0.6911051483930555
79.68285345139786,21.560734181251583,0.849641637469935
79.71819486386887,21.572413576136356,0.23786416532475718
79.71052713538815,21.545936277267288,0.6071428414527484
79.71029972228267,21.544765784364927,0.6244781516287813
79.6881215895877,21.56585473725114,0.5718431080880348
79.68488917014025,21.55495323022252,0.9674597098339486
79.67640442431583,21.524260406813355,0.7128518872738219
79.66338252979905,21.573526720941462,0.601987502294264
79.7118833425753,21.521846986134257,0.3749486299163956
79.7087740605478,21.564903781372582,0.40964597558884486
79.71998306039717,21.565527648562256,0.3886391000935582
79.71979821022444,21.577186665116916,0.29407782510788744
79.69332590233616,21.523248064504138,0.44388276371836943
79.70613924491083,21.555811411647067,0.5591442955946156
79.71668594379294,21.54567043423762,0.4889395168564563
79.71097884344064,21.539837977291572,0.3734477711417934
79.67484088610459,21.525419113617943,0.5276939641033075
79.6870326481186,21.553759247180277,0.6799911334787077
79.66774956490909,21.548742443540476,0.8019314625192056
79.71724306163553,21.52627326748906,0.4038866409604117
79.69637047806705,21.556749370425823,0.587410509377452
79.6737185683302,21.564277187215176,0.8216340247785039
79.70030204106435,21.56603669806322,0.4343889220606922
79.69708769442747,21.574322391295745,0.5308517142907154
79.68148976308197,21.544568244513325,0.9217926535864995
79.66681345553198,21.577184366117326,0.541743346472979
79.70029439173557,21.57192576430496,0.36822399693770613
79.69121846205422,21.537790094261435,0.8693329921288706
79.70633910350413,21.529556982240965,0.6158969709275247
79.69120981006672,21.54612336376768,0.8246994080992524
79.7111308900191,21.544113922477358,0.5093561580062869
79.69311441032647,21.55454315831987,0.6355186795641454
79.69365627829212,21.555003173939664,0.781845478987864
79.7125992161595,21.5649992190628,0.4128703489127674
79.68420897197274,21.550593396892335,0.9285642810382005
79.66804091370703,21.526289358456445,0.5129417422656439
79.6617269605788,21.571497480133186,0.5326549541106755
79.70530823534041,21.53858587499111,0.4583735021687989
79.6972185730812,21.578277847618395,0.3431291778823145
79.70224478608596,21.527071606520785,0.4007667935717604
79.67277784969053,21.57749507033395,0.3495116076401185
79.6681822885352,21.52546070841295,0.5445393199352713
79.66087267994007,21.533862168276823,0.6350297763136854
79.68103525352839,21.522794796525194,0.5893975736052591
79.69539506121127,21.562306788798338,0.6984348838281805
79.68353464270598,21.571017924194305,0.667999202540738
79.68624849532142,21.546044264908957,0.7911185852685974
79.71424952166963,21.575711324502546,0.3165435344441555
79.68089532802139,21.555417944305336,0.7652193179929256
79.69083936934959,21.55780042812679,0.8317438097989095
79.70701918076446,21.570725152102046,0.35448492888996574
79.68379256693927,21.53780801230311,0.6368158983899538
79.69732520201367,21.54125594327966,0.7400140862166187
79.7117418225248,21.574357115151678,0.5175640339322237
79.71697123741946,21.574057809762323,0.3813513011393034
79.66882440885574,21.57858896657205,0.5358847074726263
79.71559525750969,21.574110298986497,0.4095618233540005
79.68952697758478,21.527642322162002,0.6183567571894903
79.67549466329794,21.569423457168217,0.6846361341632559
79.6875481453743,21.544590308686576,0.9247084304603924
79.71880195451713,21.579448081356755,0.23144971740907125
79.68955708563956,21.548336857859727,0.7746932559793478
79.67972509661725,21.553230164950133,0.7488594775405699
79.698004051259,21.551786494915408,0.7084744271073352
79.67440873712668,21.539304221791497,0.8770805770791908
79.66455179968652,21.524501325333574,0.44269001772157174
79.66773278331463,21.573739073824115,0.4665673018993808
79.66768275033746,21.568160548751575,0.6836216769180763
79.66911416161074,21.52837160683358,0.5834410282051753
79.66832963035897,21.566606096281003,0.6123643775662029
79.69845248468819,21.557550799963035,0.7933910582531737
79.67091280506395,21.544548627275056,0.7582620103723341
79.68074003699942,21.535241268945732,0.8032870917739622
79.71380730459435,21.571583727010132,0.2620880702261733
79.68843769841577,21.562011295557642,0.6404100784220477
79.70005346431125,21.552864394568147,0.660386970237121
79.6703391922721,21.556574112033907,0.7298879162273814
79.67153734112851,21.525463970924932,0.6976866153254213
79.66245211697598,21.54843518565467,0.7863085892000645
79.67013610378433,21.53162201756714,0.7368072802655817
79.67671542034192,21.532503020740528,0.6395381454246589
79.6706206290566,21.55967823773721,0.846348916651954
79.66532215202542,21.574675369110057,0.5307697573385687
79.66723815226604,21.5442253966287,0.6783685712071478
79.68764672608197,21.532464956380732,0.7617534970515608
79.67238002310434,21.5589248162342,0.5884820939080737
79.68185619166289,21.57227122278102,0.4870662033320591
79.69020503625129,21.56489912806735,0.7858084587425536
79.70142368971776,21.572125433832195,0.5390514497292803
79.66235872839046,21.552193280260646,0.5979990837718105
79.70796462393454,21.56511257466215,0.4942823441148795
79.69767402336946,21.528403873561537,0.691456465825876
79.66490554191692,21.54089647692179,0.6982695873614704
79.7124147174464,21.54337294986889,0.4634690864830805
79.71525234403191,21.55067774477476,0.3457684551061767
79.66366467759129,21.575744581615407,0.3872110717641072
79.67661265888883,21.572457793613328,0.720904360989124
79.70837207678758,21.52807152953735,0.43635212500074927
79.70489558142302,21.530367379112946,0.5061107792911929
79.67107126116137,21.541458432975332,0.7449888138946179
79.6725609594002,21.53744463195344,0.8407736296051449
79.68222832616748,21.556886257189376,0.841673605118016
79.68907137911145,21.57416656286587,0.6094118524171255
79.69709528629181,21.577737492500354,0.427356329278338
79.68213481837418,21.559216177152113,0.6451511367350159
79.68775208296799,21.570289552084063,0.7463250646907724
79.70484825628802,21.551512132013848,0.7522040035465326
79.66220099217344,21.532499616811602,0.685934509670068
79.67514621666064,21.55148130472561,0.9437039260490402
79.70280097515307,21.553304956086258,0.7395810123924842
79.71371241026124,21.56454745385281,0.48565634398209656
79.69070064652693,21.53319297938244,0.7977394976982463
79.69192680911591,21.542098622925202,0.8098126302331534
79.66643032068038,21.54184164815287,0.5771297829771233
79.6868447420094,21.577566375744468,0.47350210490349975
79.6919570359873,21.5466366976196,0.9417771764613269
79.67454823021808,21.565305638037888,0.6295677404491269
79.67615459385696,21.565048682882466,0.7986796809279166
79.68263704978628,21.535932651088192,0.6382029604951909
79.66120427186667,21.554312181362302,0.5633672869805206
79.67932474993499,21.573658173599117,0.5224154200676863
79.67268688041979,21.548511863167416,0.656148032723982
79.67964984113067,21.57670705044055,0.40609900094685564
79.66718572790916,21.53286749375945,0.5233165312121449
79.71343163684439,21.524449546346442,0.48271129299692395
79.69561554721324,21.573487232388683,0.3945236293349226
79.70074613914866,21.57086087187773,0.4560662999807445
79.70735027431644,21.579555392556028,0.23004135929277603
79.68990653193575,21.560763609286745,0.8020293031644272
79.66521521728524,21.576201275600027,0.4917068237857233
79.69222639250911,21.569616941505046,0.6479449411164098
79.69521046708125,21.570665579987203,0.5299457921785129
79.70472636845106,21.554148494227256,0.5238780771730125
79.68589957277378,21.542941875875,0.8915592074208579
79.66765481816773,21.576073484352595,0.5677105875798106
79.67702655434792,21.54592703053695,0.7169891306110292
79.68178493778392,21.55232916203498,0.8373028505915973
79.69875503447989,21.54676685842751,0.6394328998325421
79.69424669828014,21.55388909883761,0.6636043216752701
79.68136580355387,21.548230304739537,0.9187947915158894
79.71919091492758,21.522878053514766,0.3440666544710143
79.69634648916141,21.57292289116046,0.4427287365447242
79.67423360750416,21.546663629134944,0.7474690746335401
79.66610694835722,21.555336618910438,0.8229717954932085
79.66917154835106,21.52835126816548,0.6836800088478545
79.67475746370307,21.52020327087896,0.6138703383342856
79.66964088239557,21.53471740561862,0.6524711440679037
79.67119402144307,21.562275161928,0.721887811374512
79.67710571012162,21.525951671806773,0.5595028310996266
79.67040241571769,21.574533246423186,0.38615872641726046
79.71380592547759,21.53290135416137,0.4002926141571
79.6648140247397,21.532275616857508,0.6090692597437456
79.69147068337422,21.530890477697287,0.5926277029014098
79.68462380961938,21.52083890277828,0.6302497567397338
79.71894271701451,21.566308328108693,0.26511137003735596
79.66672233413009,21.572502071874712,0.47181073551436487
79.68387133594274,21.556849762156972,0.6980077108212138
79.71816822599652,21.53129199890079,0.3492831820806088
79.71193042755364,21.537116679816453,0.3378531920771554
79.70902432425696,21.548555601841898,0.48482028664310933
79.67547416962269,21.577260757097395,0.47083906298179934
79.6702532552434,21.534841082309065,0.6659878064952562
79.70011859319547,21.563898754235193,0.6166096554588325
79.71576255934765,21.546366893397575,0.385063419941302
79.69340577358084,21.5378708409016,0.7350708715401911
79.6942967613682,21.547354956221326,0.7786020335604095
79.67679874561962,21.524272403052475,0.5138152293024758
79.70616957599151,21.56792124225582,0.5898670416091003
79.67122262491345,21.53459811567898,0.6933829415589949
79.67942075418425,21.563524727391577,0.6749750621695034
79.68552618631698,21.52410090228689,0.7101798802573502
79.69045662272106,21.57730591336994,0.6029410787782691
79.67454458394491,21.531580899124343,0.8128208907773566
79.66689020948435,21.572964524572424,0.5649659747910332
79.6966372025465,21.568568392576925,0.5476202092949366
79.67731783319441,21.578071595444882,0.4291554330743237
79.69487429328535,21.548673439656746,0.8187236603877242
79.66926176291645,21.563643837630757,0.7923378842763439
79.68886840611128,21.542242639422266,0.8435907381485979
79.69195536595309,21.531062094281182,0.7699608164296737
79.66310941220934,21.546584555976008,0.6027050351803316
79.68019625669163,21.529944940923308,0.6417356879964582
79.66806488061634,21.57892267736718,0.5646175064708173
79.66380249822836,21.525774789468443,0.5739305507331799
79.7193976139434,21.555352703407156,0.5457332153451556
79.67934123069848,21.557587831315242,0.8795282336053805
79.70859246675127,21.552284772572442,0.5404289047028085
79.67527843928582,21.55973115314271,0.760228864434718
79.70089016333344,21.526970846500713,0.6412591586541895
79.70561367159338,21.553301111452317,0.6158761964197814
79.69573832443646,21.53723275426764,0.6230428088166234
79.68829457131301,21.576410563798063,0.5004712480241813
79.68471045484884,21.565724299206384,0.701835214337486
79.68093209599257,21.578350868929583,0.3765501042813144
79.71577174865487,21.52225336418441,0.424461571465668
79.70983716446726,21.53710799051084,0.3868053652099406
79.71790161463998,21.5317253551983,0.3536777430149486
79.66745783340913,21.52066927523871,0.5573907952834766
79.70385204851222,21.534539543814777,0.5570281009148172
79.71630042740927,21.560726559011226,0.5224810619264133
79.67087398396994,21.533865335328073,0.6198049454625827
79.663989776042,21.550540206728957,0.8055813233614721
79.7044672389574,21.5732690868979,0.36840202892612045
79.69446838679079,21.561625475220943,0.5550099636257058
79.7105097266055,21.543677744194362,0.6346694623602205
79.66838634259757,21.542348136334727,0.792849846331505
79.7077160387116,21.54734414884051,0.4929874043890112
79.67209763920286,21.530622486463592,0.7811390073680098
79.66981935657194,21.558040046044958,0.7138579824421332
79.66985594787586,21.541849169146275,0.8686284014428873
79.70887448321388,21.57114192095572,0.43575973441273586
79.69991183324177,21.565393159603467,0.5809653848903281
79.69138392548615,21.556630789845528,0.758614616546579
79.6815298290474,21.54185213335897,0.7722301410321953
79.71263203244878,21.532595909900408,0.45149527006686463
79.68354670644536,21.566569111846334,0.6709474282795256
79.70899596636829,21.549184545939465,0.4144486271958782
79.68634809451422,21.53348500229064,0.6490517255991624
79.6826166657655,21.5317104769024,0.614081325647724
79.68776078714018,21.52992405427008,0.7727031347348774
79.67808267244985,21.566629671772333,0.7041602068610497
79.70485656281058,21.53373923111802,0.6255228735643459
79.69016322340555,21.55159853581151,0.9512399606637544
79.67393276170881,21.54709278165838,0.8455946258865066
79.71397447439648,21.554776653953695,0.6147047144017443
79.68303347328239,21.57262929402227,0.5313048982616719
79.69261317166684,21.572064843404902,0.4715203344485786
79.71438832665787,21.54706456430949,0.4428958129469546
79.69745427975484,21.520921975044082,0.4660852980185849
79.6670138824425,21.545586628342857,0.8305475023244867
79.71638992741681,21.556371612245446,0.4520336216082836
79.69766248318429,21.553465885545883,0.659007100625502
79.68009433687942,21.55908016634801,0.8568640979738311
79.6683563243598,21.529244543948383,0.584949275802964
79.70764151135621,21.55879210592684,0.44206772333500965
79.6972043653557,21.530959097124626,0.6303926999196489
79.69200766551857,21.565031438841803,0.7957427956118615
79.71363355498306,21.54034525679576,0.5703802601009149
79.70731583267347,21.562593726002884,0.5481402673515825
79.66910049278397,21.522871935934365,0.4682502778510741
79.67870332406773,21.544471601535452,0.7054157782060152
79.67490934838887,21.5623020713358,0.7082700562508725
79.70463677755436,21.533612230979887,0.6237664530815223
79.66201194608415,21.567717222687833,0.47793010129876146
79.69419338109228,21.557846783986296,0.6559335500764663
79.70574752114445,21.555253706328987,0.7201084968299261
79.7126059382057,21.54121293125226,0.5811962222274084
79.68052490492295,21.548947088222867,0.8880866763561643
79.70927543828032,21.55584095805867,0.4250912138065218
79.66663790421731,21.54834772683489,0.6041516683665895
79.71078713750407,21.56189879943643,0.362196034120846
79.66764931973992,21.546021815986418,0.7572253348595264
79.68383723743362,21.532136390904522,0.5909014260475549
79.70783772194677,21.532836026968063,0.6034595055851959
79.66899504564093,21.520348226130576,0.6198064829814545
79.67375508371396,21.53805746293352,0.703180609461128
79.70333515410358,21.56493505842871,0.5391964130724477
79.70320219219276,21.567649762530255,0.5904214731142401
79.69846885797311,21.532148052525745,0.7395225166938327
79.70163690666803,21.577542639812282,0.5515560156251251
79.69256346660086,21.550144167608806,0.662476592249483
79.67510794353441,21.57501872494111,0.4326312590822722
79.68074175961023,21.562405916911697,0.8207888402895895
79.67089586300808,21.563346005381344,0.7254671366813136
79.71450703368002,21.525102617278364,0.2667315387311026
79.69500350768597,21.533199467613816,0.658577495831316
79.68405108500582,21.520528889997667,0.6058150013994223
79.68772034821865,21.562967658428605,0.6432890074150357
79.71683700037671,21.54066629730571,0.5391813505795872
79.66920108418697,21.56719915096458,0.46867099883467794
79.695173789921,21.54033617319622,0.8160843015143993
79.69035332073307,21.56916002513793,0.6575215823864904
79.69668725412608,21.5278418952249,0.516115879672987
79.66108661102925,21.53040238940545,0.5835343051396842
79.71232743453665,21.540452592375036,0.5705148260067326
79.71592709694902,21.544509243332936,0.5781665370374752
79.69390799101535,21.540922168650578,0.7108583764957035
79.70179904943261,21.565818821951392,0.6184137474650285
79.71534996287063,21.5258170835576,0.4049337808945948
79.7024343180588,21.54107302117831,0.6441604570760804
79.66915234257485,21.570234399970925,0.6790464846652675
79.69457730161001,21.52400782463573,0.38598374237841016
79.69640290278296,21.57654061046028,0.41438598904233814
79.68544784027814,21.57917901053632,0.4963402390146469
79.70418665413749,21.525314090429504,0.3745295265445849
79.71606202088614,21.537476351335343,0.5485340561467187
79.7155341107744,21.54234403996212,0.4928999026462113
79.68705036228424,21.566583482119164,0.6710425791785546
79.66679428275044,21.555755608727004,0.7847341132281498
79.71909047193773,21.558661942029552,0.381676697415688
79.71033388518676,21.56545058936911,0.4807123961552594
79.6674797608722,21.52707873996622,0.3978167635409598
79.71525051295704,21.569992567414616,0.34328319632595794
79.71219378172373,21.562337188250808,0.35248831683123477
79.69113028342757,21.55464050351178,0.8478209615615985
79.69547652614469,21.57338412008698,0.5215985180934806
79.6839401622322,21.562018381233027,0.6919153739131569
79.66328569832932,21.53210199775786,0.5509272345207538
79.68011183449875,21.54578472286454,0.7533739663528207
79.70817120691588,21.549642572016143,0.6938682673357579
79.66027792138027,21.523313057605023,0.30545828828110466
79.68000995030147,21.5772782508016,0.6219623081881995
79.68389012161545,21.52771463564781,0.6399421356410873
79.69224373617627,21.5618476760336,0.7476643533017975
79.71519133698476,21.55037386216545,0.4015197505333765
79.68078075966196,21.521537934993066,0.6762618027050364
79.68081719211376,21.57548484855186,0.47547886809511686
79.70425007488659,21.571110208529134,0.5063383364170444
79.68713307645339,21.551455475674228,0.9827322489935333
79.6734762893764,21.533736540168366,0.8038126453233829
79.68714637096797,21.527297373440806,0.6342246173121551
79.66845142122278,21.541803548765927,0.8618375157293862
79.67058321919038,21.535325696862763,0.7420843055814272
79.68990206636437,21.550401472060376,0.7320925120138788
79.68513552697027,21.577984557767405,0.4743168483552035
79.71489075406409,21.554497209593777,0.4086123902877797
79.681743633947,21.573395863353404,0.5281805124624921
79.69483530101668,21.559052730249746,0.7950908594517574
79.69793585727517,21.54851479159523,0.753718848235952
79.6607856673953,21.571276453764,0.33213219247209674
79.699812242321,21.548282086610378,0.8137644928380452
79.67068215801218,21.57211769023062,0.48720026231035063
79.71766421904816,21.537494606174544,0.5571891993794227
79.66891976366519,21.52772878442578,0.7047648286464481
79.68487744742362,21.571318867861773,0.7398094155114218
79.66512098008471,21.555244909827557,0.7623213661564343
79.71981245511076,21.573345543894938,0.24963719038645038
79.69013170061987,21.576269632419542,0.5254440662333248
79.6957231010392,21.523217703422286,0.4336726146247104
79.6640245886433,21.550058158111533,0.5974057986893797
79.70499762822395,21.54249787294447,0.6376091307631604
79.67259433558573,21.557551503824207,0.6108829414462205
79.71388325736645,21.567615471832138,0.551136076223712
79.67230837842892,21.53683541295846,0.8420460036561652
79.67144126323981,21.55340790306239,0.7287909569242277
79.66219298007088,21.562523714794292,0.5772097234046056
79.6883240167066,21.528065864970145,0.6210200246971023
79.69389046799576,21.568844014357076,0.7183867547225334
79.6639425183657,21.556366575991177,0.7014405667368963
79.7065316570017,21.576972246226816,0.3373511325688727
79.68719733008489,21.54037173514784,0.7839220144397693
79.69146341615965,21.526488756540232,0.5696828625426462
79.6864457648163,21.550390072062214,0.9784915530902684
79.68404578365252,21.525148646302565,0.4973400152841221
79.69357841987849,21.57817159139944,0.3508969280302332
79.66931441475585,21.522321097495432,0.6135450810810559
79.67091568782972,21.565210234066438,0.7643019566528024
79.71170713726082,21.551506143888535,0.620929624806483
79.71676692772802,21.542117239149896,0.43574299085241486
79.68239855897679,21.52395052987052,0.6236733320158965
79.6762446803886,21.557330015450415,0.8015181356424321
79.69863997259434,21.555113219763456,0.5699246442554939
79.68452405026588,21.536852996384056,0.7992839448043398
79.66152318133962,21.574613302084618,0.29788194320279093
79.66936915584196,21.53824660044057,0.645892567026527
79.70295833373085,21.546983524635525,0.7796543820468196
79.69953543651461,21.55262574735512,0.6389174226758852
79.6616257595502,21.526013912690576,0.6105348970224616
79.67331832971597,21.575929703152816,0.43529887070062845
79.67386448779529,21.54247216914706,0.7266544566261989
79.70031356461593,21.52484675283246,0.5397295026961244
79.66118263226525,21.543237470420518,0.6921832409153612
79.66624651491907,21.556012152825552,0.6813136863144641
79.7079949651224,21.550819160309278,0.6826210405284953
79.67071267972325,21.561672518442236,0.54880288408205
79.69916476647111,21.523329036524075,0.619013530964307
79.6742909668628,21.537072436616324,0.6461118004675149
79.66596648356555,21.569153834610404,0.6613212181423042
79.67459033145997,21.52479362126748,0.5371129613165734
79.70333601591133,21.571329157281756,0.586102829326119
79.71134178808637,21.525513765524625,0.4577840360488733
79.70981319187402,21.5700672528935,0.3365737977093822
79.6838310117771,21.54164730406472,0.9461157377955195
79.70008510819423,21.55673254379543,0.5919104897266178
79.67229905772494,21.52917322693888,0.5401192669580291
79.67758886381566,21.52397012330351,0.6613601434589029
79.71378014911127,21.532956292241206,0.31233258907560124
79.66078011541065,21.52767122907452,0.4034908832224747
79.66513051185126,21.53874435386078,0.6478151216451057
79.67247317530875,21.55086299479066,0.8848387853280317
79.66159193223243,21.5553255678139,0.5088784848589383
79.67088612610539,21.567392086442783,0.6300488480140274
79.69498249365817,21.5593743935949,0.7755284205483363
79.68528547303555,21.55652549950777,0.9189566663171971
79.71356030266462,21.544706921649144,0.6112583120729287
79.7090466137043,21.548428506097608,0.638081503912508
79.68050904110187,21.54487124976341,0.8839538477475363
79.67556540600587,21.570529961803683,0.5825628059465398
79.68278154449003,21.533800027152903,0.6147445691708684
79.69541769655089,21.520343255892517,0.5429370670796447
79.67608381844937,21.559079193833572,0.9117300581347902
79.69744893447094,21.53214773101833,0.690587789111064
79.68456469913147,21.573406908178587,0.429328427985462
79.69312283085112,21.571542779782398,0.5689663965414304
79.68616759174812,21.524603642315693,0.6171730218643239
79.67766794557251,21.526383304324845,0.6623608055203248
79.71690719841773,21.549710295534798,0.5043345914109167
79.70581634764959,21.55655335976616,0.6007205754268445
79.66840679054599,21.536494500248935,0.5865514737591938
79.71210807855387,21.56300786300196,0.5906257332883509
79.68924587189497,21.55569496125513,0.8574201876675319
79.71367313361364,21.539489446584913,0.3848922715975093
79.70799131535684,21.52152228928254,0.34969048460525504
79.68551281026815,21.56500901687791,0.8327002332491902
79.66134815849921,21.532885219949506,0.6603794349804957
79.67612064156309,21.570068424607758,0.58395705903792
79.69249805287966,21.545217415603254,0.6521375539846479
79.69800869318956,21.554624646557905,0.5752633502073954
79.67547326112599,21.57237692382454,0.5087499170279672
79.66836136444437,21.571817380055197,0.5729099344748033
79.71009581420796,21.542291174514613,0.5501045141785128
79.71906413084221,21.53253333356289,0.4151456867800602
79.69154141093816,21.566508764663713,0.7200299183690666
79.6703007571509,21.545984812216126,0.6141175312785365
79.67633843959116,21.53152251961354,0.560035422491673
79.66110344059284,21.574265520539026,0.40160746192978114
79.71485792839363,21.531886251654466,0.30943719772030753
79.6670650649734,21.521548430091475,0.3465552063373485
79.69459098853085,21.521216798426046,0.5386723124463735
79.67644331324124,21.557338921387256,0.8784142732719733
79.69325068015094,21.55970050364305,0.802872314644179
79.69908522330111,21.538662502303417,0.7627830989705597
79.70978450822243,21.539200659354822,0.5659271641380942
79.67238527630563,21.540369634903595,0.8222273190586705
79.6606597497195,21.56080951280553,0.4973418003611778
79.66821313780413,21.52348802746161,0.6545980680582844
79.71400111851088,21.575746981161476,0.2643838915749005
79.71243340465375,21.533351262650648,0.36264388343043386
79.69584478613022,21.579980392314525,0.3768879707679788
79.69603101162602,21.53029136162723,0.7528635478067615
79.69990220047278,21.56629278743874,0.7256648597467102
79.6705222767174,21.533404752695777,0.7464596921711711
79.7148647167555,21.524850808098595,0.4111632070986814
79.68512623149353,21.572495999461037,0.5942649796326517
79.68298831169497,21.571525075551452,0.7468935922636037
79.69113506231697,21.544214223546977,0.858282957082654
79.6628179580065,21.562143768552424,0.7177832227789327
79.66997700212536,21.553423955961033,0.6914182638424053
79.70428201698559,21.57117736682042,0.42880233243967913
79.6649679200755,21.538903358159118,0.7520700149862378
79.69618912656799,21.551420343999936,0.6438752919850576
79.67472094658088,21.549122342272273,0.9449251102446635
79.68335773684251,21.54123434957541,0.8199295236746276
79.67732162420624,21.57348730387338,0.6919665070396597
79.6813403629879,21.529952675479752,0.6228517653570151
79.70314275431106,21.528970518371242,0.5849653767968753
79.67782730293739,21.554614572119362,0.8093069027519794
79.69398427841782,21.559449653799096,0.7602540217927729
79.68856302413194,21.531677155259473,0.6867397398947304
79.69982026992176,21.543443046535277,0.8285115718407982
79.71620978435948,21.576793830578723,0.39721852816733866
79.70395432583261,21.53479704536144,0.4930749708211051
79.67289642271544,21.56010164212704,0.8492502258909296
79.66187098810367,21.564408963621855,0.48920611439587824
79.67573584265799,21.54688772196791,0.7797572469726588
79.69570467584201,21.576251559205573,0.3684346397776955
79.66308554880905,21.564199404113126,0.6883682526497215
79.68978197483207,21.547475474791653,0.7571980374908845
79.69581057093501,21.554160112106565,0.6702948829037776
79.68005463344902,21.561556806605505,0.880071956820142
79.70625473222475,21.55553141082575,0.6732160255429283
79.66639589518802,21.572721855029563,0.39850904906808965
79.66450826690415,21.541413319736822,0.7368680050413903
79.70369132537222,21.537993144403348,0.7213015418391195
79.68972947897237,21.532830333369716,0.5692207222643748
79.70130414378566,21.522266978083874,0.5605570845565655
79.68608964031623,21.522580837862805,0.5650632169586414
79.67478412199435,21.572203311586556,0.6235282281724499
79.70914613906045,21.560703588784353,0.5083286705615827
79.70796495273814,21.55963194492619,0.5930056022314458
79.70168178825126,21.556878569136092,0.5041909696380455
79.6763287082338,21.570953148681646,0.6784487211782282
79.69541384001214,21.548816015539938,0.6228917494268739
79.6816584338164,21.572224649713498,0.5804106141905203
79.6654949243996,21.541566701570932,0.5668764792338559
79.71503881452773,21.575602450260345,0.45035682835954927
79.66820911785513,21.561919418804873,0.5997882104663661
79.71701424122925,21.535430628161464,0.3934171629620922
79.68676034637747,21.553845095301316,0.8040248827501955
79.67110797573031,21.551981833689293,0.848252496474835
79.6925140568427,21.52827392930382,0.6052845954652347
79.71237675015259,21.555474574345034,0.5767796479026592
79.70393349318458,21.538887137423018,0.47228322739989886
79.70839366887168,21.523140926008576,0.3207260067148997
79.69952700200264,21.57691936946239,0.47016075890788256
79.70153659387107,21.558489422143857,0.7688853005382125
79.71095173909391,21.572615135912248,0.2762222572605773
79.67498008053155,21.560563360300794,0.6020770511600537
79.68936549781859,21.541419021528405,0.692936176932544
79.67327256650917,21.55076128433973,0.8369283223036164
79.7192600804798,21.56054480562083,0.3584790339567039
79.7166435603812,21.577615139512083,0.43069776671518945
79.66236560868211,21.5352201675473,0.45024853611658583
79.70233451035094,21.572498623517447,0.39181293633489767
79.71551489904493,21.575444668317655,0.2910085926651081
79.67083452070764,21.560224930879535,0.7419056536455166
79.69407671383316,21.57587599764408,0.5579673126001178
79.71492929785528,21.543872715248643,0.3473423626025077
79.66203675871515,21.577180970562424,0.5553361829450907
79.70184521603481,21.562166972629957,0.5513548467898094
79.67784094044235,21.522520346045127,0.6092988716217259
79.7154637717226,21.57441236990914,0.3642479423319865
79.71826349470992,21.54906836854199,0.33848108037007774
79.7166559893468,21.547619619086667,0.5455250963964553
79.68845285299945,21.553987996358778,0.9109072170881767
79.71172255905935,21.528963072806274,0.39608628396075096
79.7106729639121,21.548149962914042,0.5537925784063336
79.6791460283946,21.569867633003064,0.5546884621250174
79.70973492844904,21.52092894754825,0.44222486916977155
79.66222045808293,21.53637502961946,0.5292689712193693
79.69577619270892,21.52014727518663,0.5786289431525464
79.67380053023726,21.54494267854899,0.7100558267494722
79.66723401314664,21.563698930629624,0.47896293327339706
79.66461719209775,21.567926309746877,0.476992002981111
79.70177732655269,21.57671138566762,0.3485154232723755
79.68039249782608,21.556510276778248,0.8131182536152493
79.70348600629173,21.535277611999174,0.48931843535405756
79.66392138044793,21.5754488769482,0.5332340191106366
79.67891742026984,21.566518945232822,0.6017328138309357
79.69236947754251,21.55446570898019,0.8423480421864783
79.70744338989033,21.561738412943136,0.5502639473672752
79.67912515017592,21.575458981300443,0.6843389187134616
79.69755348258622,21.562743641708373,0.7968221163760478
79.71315866489417,21.542102470455085,0.5907789664767198
79.69695179129094,21.562781692137346,0.7313324348155199
79.67397756848521,21.52241668976412,0.4942611983180887
79.66146404689339,21.543184933709835,0.693909020647121
79.71220593243406,21.544379381910733,0.6364335976871038
79.66127616465101,21.53001029406525,0.37260499337630204
79.71248210036104,21.521385128833106,0.3801598279381886
79.69173622804163,21.528002874198265,0.5275127594435663
79.71634406191077,21.559277289747822,0.4424053516504439
79.70792699414642,21.56813732898182,0.4592936924304218
79.719876046632,21.579292209563615,0.3325080990359347
79.6810427089271,21.54078181018651,0.8272602559514229
79.70603129733587,21.555962753335663,0.7210112388216146
79.68411585481655,21.576228698008904,0.5458250659932017
79.68879253721823,21.53002250688029,0.7632863657492046
79.6976503277931,21.56305873518056,0.5881331005502124
79.71242062685118,21.56529872398895,0.42162040149055996
79.71904500815195,21.52533853215216,0.3353649341647625
79.70609640483187,21.571674963110983,0.38978899683639295
79.68506600693004,21.56878630282665,0.6122056511841598
79.68528142013662,21.522004180394646,0.5727020543413264
79.70425493809533,21.525465064892803,0.4960089767578116
79.6743266287461,21.522947613633512,0.5787898159291787
79.66662844678788,21.54008461190796,0.6334730769102394
79.68127732945844,21.550557339440793,0.7910405970496691
79.67723433949924,21.551940863677277,0.8583755803518955
79.67777848722736,21.536060005586165,0.6385772364077347
79.67401646506299,21.574695813193614,0.45746408406073275
79.66252559137818,21.542095767392315,0.49224336988915457
79.661072436084,21.52273300935792,0.31210474984199776
79.71926334338416,21.538013626692482,0.3156892654468332
79.68566638802415,21.551866565352647,0.6951610655984243
79.68305959882957,21.544493309355293,0.7632793335975732
79.70077883696158,21.536430551145955,0.6716555779955675
79.6730952332719,21.52787939498586,0.4722831836169046
79.716997671037,21.569149870005774,0.35421516474472964
79.70718070086492,21.57976871452745,0.5002931934792021
79.66536466013874,21.539772528011433,0.7451969086202841
79.68505484654709,21.542897262650595,0.7693192635945716
79.71274709845373,21.557082251480615,0.6066311059102244
79.71668392133748,21.56310648848413,0.35432457647095694
79.68804409067499,21.543521772088216,0.6908019827539102
79.69680468335264,21.574295771018907,0.6544578072205909
79.67002203676552,21.553600239353734,0.8571869806551546
79.71947011756822,21.547023404584355,0.3967641991983012
79.673900302083,21.558800365189594,0.799253333732323
79.7165639064481,21.577168230894948,0.38701921358561864
79.69897879893954,21.567673137665302,0.4809987525865276
79.69646420769273,21.522400787832108,0.4104307857975863
79.69076131066099,21.539938594644397,0.7635227414929263
79.67384018870307,21.548232681097073,0.9261899661154531
79.67059168192033,21.538871054332546,0.5716487647392332
79.67322917254421,21.562011253649825,0.792052817298873
79.67118629572865,21.569576148991754,0.4550626523740178
79.706775068414,21.563880705711114,0.5124805959617769
79.68100751555001,21.579359997209696,0.5243286789715297
79.6634705605938,21.53635285887358,0.6596924859674489
79.71814615780845,21.572499369701465,0.21560749639565469
79.7130271530978,21.56599735991047,0.40470854346521945
79.71566513699172,21.541730725453487,0.47048406294851824
79.71969446935879,21.564047472619418,0.24200478125067948
79.67043371495316,21.526244557385095,0.4513808754582331
79.68377452113415,21.567360008940433,0.7217077292016101
79.70549430854224,21.551939836155224,0.6125935867004395
79.70176123708323,21.537537410362553,0.5198796792506761
79.66923375438039,21.55934663810705,0.7047529075631788
79.70894998749944,21.558497199922865,0.6499831212323535
79.6734664343102,21.532569173363175,0.5284549661243079
79.67342905688936,21.52182384488869,0.5597880844612507
79.6922184653736,21.5460173552141,0.6682626916997669
79.6955763960905,21.554170712160666,0.5974594634009911
79.69480517247027,21.572596316702235,0.43873550906144665
79.66548921024386,21.575693007738852,0.44031260873430533
79.71264765175782,21.551728313089406,0.585884336644703
79.67593600255532,21.56522820902611,0.6189792022853751
79.66777089527696,21.54635819633968,0.7625733622741963
79.71332488479214,21.56476492939437,0.40667532025556064
79.71733908989378,21.532288091496348,0.3103706826671808
79.71172765703592,21.54226388408821,0.505012215491749
79.70857096448348,21.558053679928815,0.6232967940931576
79.69931451883834,21.521089477936425,0.5639736289155134
79.69305144223655,21.563347678620335,0.7900886855163107
79.66521920559468,21.57013213007609,0.4784573423522746
79.68450719278424,21.543948499665635,0.9233318859516783
79.68236131102074,21.546876545030628,0.7615809901388753
79.67558522702562,21.57107693273299,0.665668398476962
79.70340520682132,21.56653927811956,0.6706284768141464
79.68975254410472,21.537288969342,0.6070953027350771
79.66486277295445,21.53943856639369,0.6302930569119086
79.67321099211699,21.560732693943436,0.7665756372007038
79.70099552581958,21.55379188554689,0.7315960993887702
79.66456785156942,21.52973377426579,0.4525996242527578
79.71107241484293,21.53859579455375,0.6366879880164222
79.68970879162083,21.57399899661272,0.5859587242505664
79.6888351946396,21.561290466203335,0.6430651776119459
79.69554446707957,21.57915845906113,0.3078278455382084
79.70948085795551,21.566020751798845,0.5538453811042413
79.68086855247412,21.576518465928615,0.3989054223764313
79.70068096915354,21.532971314432228,0.4841325192904078
79.69394391783975,21.566289092489015,0.6615954201945806
79.67602169621016,21.521213051208868,0.55051194851774
79.7127177991813,21.56024560130269,0.5215758298751813
79.70784556129641,21.548156936687214,0.5398433620063029
79.69950711007951,21.540805604315203,0.7601638572538323
79.71103490374566,21.571744261137585,0.5517863700075155
79.71203765205759,21.57125606155945,0.3352991386074908
79.7025017786029,21.521338102293917,0.504513914096018
79.71022079970182,21.556570307346966,0.6455767558814445
79.70184828770016,21.542069933459256,0.7069351857266755
79.70080844630562,21.544939660090026,0.7335736244169353
79.69711668269291,21.569922444353125,0.47895598551691176
79.70516299837345,21.53859038629166,0.590655710620507
79.66951630631758,21.576582928638256,0.4988269493249399
79.71285224555193,21.53077802958233,0.48762018622179293
79.71231061166472,21.55976334540209,0.6222474962571871
79.66175483698207,21.560326304020826,0.4450936017236759
79.70954900503388,21.535131709685675,0.36504905935651183
79.6677321920484,21.539485036538032,0.561723133269692
79.68010713125554,21.570087909554793,0.6990595347927424
79.7046104953775,21.565708315297297,0.420826371773026
79.6696455937629,21.539745752818884,0.7517421422595492
79.70907802144714,21.552037392816096,0.49618152656020575
79.70992805067746,21.523700817775186,0.3921165815714163
79.69044806402565,21.532524752943917,0.6014918287786174
79.66038315230301,21.549149233531622,0.7212850020777852
79.67722228799049,21.525158424116754,0.6102935036763457
79.69701561510254,21.570599941293516,0.6870675386825679
79.71887117068164,21.563080372606457,0.40591043639222735
79.697908811621,21.576618020238907,0.3563131240264615
79.67558821486385,21.56160801435784,0.6323069442764109
79.69804034218598,21.57642408233573,0.6173666288943171
79.69239912278294,21.553270753341458,0.8542664763057657
79.70679072370906,21.556013116663717,0.4358400019241417
79.66641883832962,21.578618263277573,0.49757867886191276
79.70566167415012,21.558527748811855,0.5477376328442105
79.69247599472057,21.521847194131645,0.4588591478369216
79.71777952023155,21.56342816659783,0.28903355262124186
79.68051232996231,21.574328121528243,0.6606878399807377
79.69795731358803,21.56773481498766,0.45145871891048306
79.7159216863306,21.555029996357526,0.3804473467860191
79.66615058367944,21.56027821078561,0.5880434160940515
79.71623370923419,21.579411507355097,0.22493859569548608
79.70127314333804,21.52543972531056,0.502042711520836
79.6640702235463,21.560034689717995,0.473458657839144
79.67805781401681,21.537003861674236,0.7019801474768763
79.70249032531872,21.55840542379517,0.751676054376695
79.66404103608812,21.556457414553034,0.588934137156564
79.69493022761057,21.52920740992649,0.5636499262646241
79.68075298341718,21.532404798744412,0.7005279043979045
79.69725493106604,21.557297774682592,0.7215420493155011
79.66274452202875,21.527693796838225,0.6002382782902049
79.71229220836913,21.53591085250782,0.3719375424297735
79.71840933815064,21.57011473286428,0.4687565564149259
79.71813267131714,21.5396254903601,0.486959114577473
79.70497910990457,21.54928360937618,0.6849898430506698
79.66780517440783,21.57646842010875,0.34657925026401226
79.70549579175574,21.533628945330214,0.39363373691475656
79.66147521498752,21.54337756104148,0.6470694570016458
79.66132741309174,21.556387466532613,0.7139944981666708
79.67941661314897,21.565320335770238,0.7244561842039046
79.68931859142428,21.57409920320276,0.4653739323037446
79.70622444506847,21.57492837925441,0.30173989583822636
79.70099772259638,21.566598404462354,0.6232079127280817
79.6867541623826,21.5336998501956,0.7891038893327535
79.6764175999769,21.521488559802552,0.4267538543632185
79.71982747000946,21.543026435821336,0.25699139630634776
79.68557087813416,21.52849293105927,0.6191261684074523
79.68708322145977,21.562623258846298,0.7599247772467538
79.6698174292715,21.55966783520954,0.7598329268720303
79.707688572925,21.522638298497288,0.5077997972496244
79.70162093354689,21.570195626747857,0.5488428188725332
79.67324617676732,21.53492459597747,0.5859801860649292
79.66494286273695,21.54593362452946,0.7363302919628478
79.70082995812449,21.560076024127344,0.7770014684418344
79.69927067285687,21.545765127211133,0.8266414812154754
79.67639557161989,21.546477268167994,0.9339863613487921
79.71705181373503,21.523937679720145,0.29201393293516675
79.66906347350685,21.5440866129556,0.8105722183799702
79.68594008806255,21.565890873593197,0.7970719789095498
79.71661695521006,21.574910580231194,0.4000737572665374
79.68518363901556,21.5448098282238,0.763237976621884
79.69831155685985,21.545415149612744,0.8542006864699987
79.68385566387776,21.562157626379417,0.734847548240447
79.67645291214092,21.576566320066316,0.40314813090349166
79.7190386588776,21.53602365641436,0.27138581740595474
79.6845600403789,21.546408652392277,0.8895596097874323
79.71364595222074,21.567758394613136,0.39309531964383276
79.67379727635347,21.55658161416244,0.6471356211432248
79.6727862822415,21.526635180637836,0.6556457282569848
79.66186804497306,21.557663964133734,0.6954434925046868
79.69910000952255,21.53120477707584,0.6578065771982441
79.68211158062343,21.550612956044702,0.7580321311079364
79.71186149499037,21.551746196059625,0.5636710007190769
79.68839259440149,21.572572201733497,0.43182226699366133
79.71809160567489,21.547749656440747,0.3651673384168984
79.67113153094219,21.536766545334153,0.673245572331461
79.71211739007734,21.53385798089296,0.5556929321213017
79.7065958111675,21.57245511260106,0.4112927243683847
79.70625531067864,21.530260651265092,0.35113967993537004
79.710686993687,21.545552113652988,0.48010692653890763
79.70566143945658,21.531230386895615,0.5133212503485977
79.69757321929788,21.566398242406862,0.7377789017544978
79.66787469266094,21.548462358398478,0.8611812377196387
79.66195157076947,21.541068621433407,0.5196220796285961
79.71525087086894,21.54166597843759,0.35603857063960254
79.69699901887124,21.571132852403377,0.44574844642477934
79.70779223745856,21.553226437257663,0.652744104116544
79.68889134109075,21.563072071067875,0.5720290090961564
79.66703849133773,21.57382231097504,0.38592725717390475
79.66751114753215,21.574104500562438,0.5092810733472214
79.70113391723373,21.53971054326027,0.5712924735594657
79.68581835369396,21.57714707578878,0.3919424802512083
79.67203148360201,21.521492552920876,0.4628839965447181
79.68949567280448,21.54261013366097,0.7360015045054198
79.66385253622451,21.57374793145053,0.47586983721886333
79.69491828411486,21.536478212789017,0.8413495429008044
79.6761396042661,21.536384887019278,0.6303772988089122
79.70785354603822,21.538157337104913,0.4999576147948167
79.6786217175354,21.556738803090813,0.931538273856327
79.6873132089449,21.54629996653686,0.9481691373836304
79.66069723239448,21.5636040901812,0.5115487306907175
79.66434681326767,21.573694638553878,0.5370032599598331
79.6835496133844,21.560451962496572,0.6482405012535111
79.68879633008302,21.532268003211854,0.7566638006174087
79.69600123288716,21.57596091414163,0.6316285617954097
79.67749975472256,21.53586957240085,0.7561089095731193
79.70169891316759,21.52899365771969,0.5356608075137383
79.71160734383135,21.52539803673166,0.30930072720620416
79.7067910593336,21.55380302443997,0.6201779311000015
79.66237712952089,21.526825747748838,0.5216805585705654
79.68883041683547,21.528326553046757,0.6786400722780097
79.6662958107051,21.53800182883573,0.5144802967594668
79.67452270095175,21.536899180581067,0.7517811762894299
79.71919975559602,21.55625437061993,0.43002154749887145
79.66854973257409,21.569004716768358,0.48517073214706913
79.68993328920708,21.56568097937217,0.5898518418482396
79.69708934405908,21.53574906728299,0.5980055697591031
79.70214789823264,21.53471862987916,0.6544546709870361
79.69357892100922,21.577947491806416,0.5088728795675427
79.66058625084514,21.520494174495518,0.5187639803061992
79.67958767849464,21.57278323198361,0.5203521518650152
79.69106269860308,21.531983711147344,0.7985986899454718
79.66527198994869,21.576837059385383,0.5219693910762238
79.68103761587255,21.54053843708965,0.7782805312425007
79.66199218652748,21.546421106433595,0.5143320573677442
79.6647147098293,21.562427236836662,0.5338509551856399
79.68381539657209,21.555260143088393,0.9609627436423102
79.66796294524258,21.53907635978241,0.6311298713861894
79.6940524508957,21.553229854952068,0.7177325822486924
79.70136789814823,21.56384241306177,0.4955348555228821
79.70803520194654,21.52254009675415,0.5032154169871887
79.67200901465469,21.52067195831534,0.4262143067417716
79.67004895493554,21.547484016344374,0.7071652806180383
79.66627407042006,21.52791019706821,0.5202827552832521
79.69818581497262,21.55986065748788,0.6489685303321622
79.70238854358921,21.532843147373644,0.5428403726727116
79.66189516868954,21.545971066407738,0.63446081845239
79.71617273477462,21.531860256212454,0.4938032572807839
79.66311827701908,21.552909015144948,0.7443839529428062
79.69247778011807,21.526963207563075,0.6813033585205577
79.70254363116705,21.52138641116725,0.3241353373673897
79.71225814742476,21.523067898286403,0.4714666511903993
79.70284521592794,21.577255506490918,0.31393896425099066
79.70810368498418,21.528537173116657,0.34935042686839424
79.68036701155256,21.56250869518821,0.8765060154256475
79.70888950682479,21.52407557225337,0.5125802805067782
79.66480689078308,21.52648962113411,0.5303723246496194
79.71368899936363,21.55053257508456,0.5940523897507193
79.69285554256922,21.54789225580926,0.9397653384871397
79.70903786619775,21.57709481856639,0.41811232740557724
79.6871390970711,21.576690127181244,0.552459731512558
79.69861466171179,21.566776518552548,0.6637912943959096
79.69158415965616,21.55612610980764,0.6957980543955165
79.70389537130532,21.54729761904358,0.535370305762735
79.66489779892183,21.541370712059706,0.7394843640484596
79.66362112503943,21.57682525281853,0.39070534022939435
79.6748261940406,21.55617452868548,0.67187940105465
79.6695726808068,21.55474435166116,0.6786929929212535
79.71230701399553,21.533914067306135,0.41077799422730565
79.67315283924148,21.522801869073106,0.6692002887699404
79.71855191534915,21.57671131478557,0.38596372004275253
79.68021374750626,21.53882411553068,0.8000423910412255
79.67092707494132,21.546555341399465,0.9083580938261631
79.70738191042855,21.526878396615142,0.5758656258362059
79.69952246653006,21.570215459794557,0.5395033350173082
79.68989174298719,21.521657909971356,0.6472603066251904
79.69332181305626,21.570039445725943,0.5619995427537359
79.70315210669634,21.528417100767278,0.4332985461856287
79.67370728447987,21.573193846757867,0.47188522662302845
79.7197800349634,21.56378635824017,0.42108901383457714
79.71848758972881,21.52988021575044,0.3690759082188778
79.69901954118082,21.553949079571566,0.7474808255153946
79.67197254705574,21.53875937886131,0.7886778742380302
79.70081369454587,21.530693985934693,0.42179784463131165
79.66433190453874,21.571550931964666,0.36798590845352336
79.66183915013235,21.54421136599043,0.6374658522964645
79.67546097331066,21.54391262286192,0.7124402588573187
79.68775737740435,21.530193200488398,0.7063972427686069
79.7120963503245,21.542983940565147,0.5132276366946035
79.70363014418598,21.572297010779728,0.49892801047573687
79.70456239127199,21.541787722629376,0.548549045724623
79.68552960006689,21.577096213749986,0.5573811306636425
79.68075609955281,21.576778533952503,0.619740862324673
79.68226232577908,21.52869391955844,0.8020003604568472
79.71925897382417,21.530638675211357,0.46705511519489573
79.66240655148475,21.571760444219912,0.498552380331302
79.71202188976734,21.54356565513548,0.40824131429633553
79.69472052451434,21.52026243893698,0.5373192521538919
79.68631692515137,21.53643230918232,0.8919384721277183
79.70351545962491,21.555857739591733,0.5358646657247311
79.68920013648548,21.567955957957597,0.5741329255284643
79.7124053942849,21.528003317025593,0.3085724275620062
79.71404211184067,21.526632481865004,0.46096352784942773
79.68530325561241,21.57532555921434,0.5149336433279409
79.6766096678341,21.565068902069353,0.5594516882221015
79.6955410197156,21.555386776046685,0.851127840049662
79.714741800737,21.566151207399756,0.4275059087388658
79.67263973134034,21.545731261678398,0.7348728696041138
79.69737799501381,21.565507344838547,0.5694003841554676
79.69789361320555,21.54230817947647,0.6471899813059977
79.70398678134491,21.534645674349555,0.5525530363121096
79.66789406110763,21.563740805277575,0.5828070957510985
79.70294949788092,21.545180337529434,0.6607895782607653
79.71454195123994,21.57888262625957,0.42043789784433544
79.67078098653221,21.540969110938484,0.7907466543306191
79.67425259949543,21.575303645231863,0.4621489027157944
79.71828370564249,21.575977752914024,0.33990682665780075
79.67085861716257,21.534511176823884,0.776994124540678
79.71126310560217,21.56789327089528,0.30576218378053377
79.68953667138688,21.545984470308674,0.6934644396309755
79.67483386446419,21.575051483633818,0.5470550253835964
79.71224499407634,21.547007456358113,0.5445053203764576
79.68671831530015,21.56465822304024,0.6211772615077269
79.69088904123578,21.548018044549828,0.8861457800850041
79.68155400216398,21.533668045342772,0.7722497636341125
79.69557705108609,21.53196100773668,0.7634791198528763
79.6698114323551,21.54552587165538,0.6514117186741499
79.6834648921991,21.565329679420852,0.7796955477813421
79.71816473934011,21.556304289110845,0.288164183996203
79.67548800596207,21.561317757394033,0.753508552020928
79.69940419987248,21.536939581043917,0.6637240437547869
79.67951140385348,21.548886120757455,0.8096751786093083
79.70640838754119,21.522663715898158,0.5289361636212395
79.6678524196431,21.569051944957486,0.41706708281114335
79.71818926270471,21.57939352973439,0.3231644107116721
79.68722737248302,21.54441274375748,0.7434373352343548
79.67416302780079,21.520657819187893,0.5768752020301318
79.66440980483979,21.530187558373058,0.41605604379823674
79.67018547430526,21.559151612665023,0.8068172222178343
79.69118643691336,21.55672475909223,0.8762492969946846
79.68022019058587,21.56727188317513,0.7711827266872958
79.70973300195296,21.535233040657662,0.38950996836315105
79.6858532514197,21.565817914932826,0.7322039098873078
79.67492285635525,21.561279041291417,0.5845156774843343
79.69702869919624,21.53936886986283,0.8050436246160253
79.70240663301313,21.552729288883416,0.7201082276256469
79.67002251447406,21.528836428509898,0.6025701843429063
79.6700571529773,21.547153870206134,0.8269223855042347
79.66220028561601,21.572871840373338,0.34589584608214363
79.70418412090393,21.545271482789524,0.6355073486017435
79.69982827165731,21.570374002388522,0.4684312947797775
79.68847785254499,21.55541520191558,0.9473992820666305
79.71065022693816,21.53151260278614,0.5640417246168633
79.708340209177,21.554866374681872,0.6220643817990631
79.6951212618638,21.550358999749424,0.8952645893076865
79.71209627683079,21.54391848011178,0.4540480214657132
79.6723504726022,21.527177826370963,0.7087098618401694
79.66671517716387,21.545002519830835,0.6533138070300234
79.67618497669102,21.52436574257438,0.6377468064166338
79.66342521136535,21.525926143083925,0.5659165471421025
79.69187017168007,21.544954991975963,0.6514722648542027
79.7161963415377,21.538322888918106,0.3861360602323054
79.66236061244011,21.575532659551733,0.2970324918550024
79.6673265948406,21.542542348322815,0.8527587508021132
79.687131941697,21.565471487324324,0.5808743840704528
79.71603250105167,21.551814851581973,0.46089954038048764
79.6789693662986,21.562245140118538,0.828440988357181
79.6904340885213,21.535606958980924,0.6383904434764471
79.66249437154302,21.5765142983703,0.4277123518768884
79.66890059205772,21.551805309814863,0.7707255386830763
79.71919780737753,21.569879444277113,0.2504124141151436
79.71790712178615,21.541902741608567,0.5017526020205839
79.66029639885606,21.52601268094303,0.40542960158622265
79.71710870712539,21.56042269886325,0.3253153986560674
79.69834719626893,21.520465578900247,0.4808676361670384
79.7120750976712,21.54851757859393,0.4790843606830243
79.68728439133803,21.531568114159988,0.8155192926384967
79.69093576171475,21.557642530266122,0.8828141772298301
79.68933079481542,21.578765192388268,0.4775593740143406
79.70001185545276,21.54786417437924,0.6550383728160062
79.66837907528537,21.56904989539154,0.5183902816086602
79.66179841539235,21.550467051217066,0.563565755091055
79.67847579649546,21.54975040186624,0.8510872020953886
79.7022808457642,21.575825409590724,0.5384466121332895
79.67211120712737,21.5733979521248,0.482908181344469
79.70040594599949,21.567148027911276,0.47068964408970937
79.71819472276644,21.537775345199005,0.39588899981733905
79.66563404294736,21.552700504943434,0.5589806591778537
79.7003561270935,21.53343383399834,0.6611176411807521
79.68662501315828,21.54663500188279,0.8447740809071688
79.71208853526265,21.549052783945587,0.5046676877943166
79.67062898736684,21.569898402410157,0.5189592034931798
79.70155755713357,21.573761701919498,0.5969102323211947
79.71028691737888,21.544877203743788,0.4063739918303857
79.71667685316844,21.521062266704394,0.45040288427943365
79.70099488169738,21.57170643038736,0.4671819739697154
79.6898304858405,21.53045672071008,0.7746969092566294
79.69707083441207,21.55731291783342,0.7739302865773261
79.71213429906872,21.521498254026046,0.2532413532466733
79.69423658479833,21.543970388515632,0.8655049786302264
79.6618232235818,21.57915761812692,0.456521680765648
79.71585692173042,21.526041616066227,0.23102134177424927
79.7013716050619,21.54542158911998,0.5620548133738472
79.70059080314664,21.538428997011398,0.6857089715553284
79.67294050914386,21.574305287403295,0.5803150796767955
79.69953312821396,21.57216040647444,0.5858179405218613
79.68363186433925,21.534261925618374,0.8034685539445816
79.6990739786225,21.524871267223027,0.5600552293517358
79.66639558181848,21.557628303643664,0.7516303723276295
79.69947071827617,21.540182122713023,0.6966960150906754
79.71996482354623,21.560325063436363,0.3107017466668681
79.66289272233163,21.521927185364067,0.5705537609918089
79.71863045105327,21.52800395411065,0.21463107414229637
79.68441447764337,21.561182333966357,0.7216983281418197
79.71224520702023,21.53274223931815,0.5153899352132856
79.7069431290435,21.571455260545743,0.4282339050096021
79.6940209756592,21.523515453262608,0.3891334575329925
79.70430695255507,21.532928918967134,0.4159178570978206
79.71271093367808,21.579913614909103,0.3874289402269555
79.68424841929905,21.545984566155205,0.9840816750057362
79.67962198969379,21.562177939812678,0.7600432254731542
79.70005560313382,21.53095978293142,0.57870503954558
79.70847075651648,21.55659212409913,0.48834036750974585
79.7057371080866,21.563566364102165,0.46207858543792757
79.70786881893152,21.53886859815199,0.39840148277256027
79.68613499888878,21.56973382671855,0.5626937572316052
79.7090700529705,21.556205054708336,0.5203372451178658
79.66721254332224,21.5433473805769,0.6155811814752711
79.69266934587765,21.553458543600588,0.6590693538899899
79.66034551962989,21.554605650846153,0.6637093196951598
79.67947514979402,21.529932117561632,0.7859906058973778
79.68198769209228,21.544163942192018,0.9685461404575895
79.68377036149656,21.54060583528117,0.8472777899533612
79.70172803240139,21.544054163354748,0.5277586786538354
79.68331348607622,21.565666635309114,0.7714841458573876
79.68692161735736,21.548952304448,0.7233046214952195
79.67425264785246,21.576418969194354,0.558616527826929
79.68239510749775,21.537620584801505,0.8648384400809609
79.67363617763579,21.544942214697095,0.8609577418592582
79.66439175542611,21.567217408628743,0.6875470737633815
79.69620691560289,21.552761475599244,0.8155584052250164
79.7000927679133,21.552821688785464,0.7466010677285053
79.69716942076057,21.523200409780312,0.4344358290302923
79.68780964262803,21.543915979763106,0.9500498747927151
79.68278714681075,21.536244023945304,0.6681404617025691
79.7118000189743,21.579960107369864,0.46912426444147437
79.69114490710817,21.538501304237936,0.6993184909331194
79.68875091265778,21.57306979208763,0.45854400916194993
79.66153852394838,21.560574024102426,0.6780073834742886
79.68047486965757,21.540454984551523,0.6584226137026458
79.68281173712715,21.552612062702448,0.9403244019980733
79.68392936685382,21.57043215279695,0.5517846931306072
79.69481034215364,21.573002097881854,0.6532254690862782
79.69201615280362,21.529623632500368,0.6916808134354568
79.6964743055676,21.54037438847249,0.7656496812074016
79.70589299569252,21.540113390812813,0.538165018204305
79.70877914432296,21.522522687764557,0.2728360292187626
79.70308738457359,21.555894265591114,0.7276902631540102
79.7173314217573,21.57128920317953,0.26106858649426246
79.66109395496058,21.54289446326953,0.5725847205641044
79.67174667914101,21.56440215669905,0.6937234606837638
79.66045377249868,21.557662024816043,0.579133315120656
79.69884848284927,21.54253892412958,0.6075962543619524
79.71388183293699,21.528463587969537,0.2948949360112343
79.67460893779457,21.562559431166555,0.5987866184295024
79.71562207268778,21.571273910136473,0.4821446403918297
79.66361604341738,21.561151269544087,0.4635087628990642
79.71606616160832,21.521072709042087,0.48634768302874787
79.68109736123438,21.53297397366346,0.6271826655878299
79.66608524970695,21.52416879909301,0.3814149170443863
79.68915230555118,21.554223165974573,0.8324353287642308
79.67540659406323,21.565388660730424,0.5528342058146706
79.6770923741177,21.52663475122412,0.6379037454979186
79.67843739789558,21.570300269235602,0.723452974815709
79.70818155386996,21.55333053870373,0.4240226264738285
79.69234967660051,21.561398140728503,0.8064260263352558
79.67867846194936,21.578284110916517,0.463428125858965
79.69662002699866,21.525020859294862,0.43202696290348475
79.7029690404534,21.574073441378665,0.3629993770184684
79.67635744004401,21.527566161759243,0.7440794687418969
79.68481294609151,21.5435775283982,0.7157232188392151
79.66731316560022,21.571086321779866,0.6447109173401633
79.67086896097207,21.57437525420427,0.5313170729452956
79.7008670712379,21.550382300412707,0.5447387285822849
79.67088630086174,21.555646278296525,0.7340830444449938
79.69150980302003,21.56248884007591,0.8053109187716979
79.70254277570335,21.56996552010716,0.5768465434172979
79.66641261538568,21.52729067017226,0.5363148205359166
79.69403873317773,21.568604158493752,0.7139919011503586
79.67539376702207,21.548876569030696,0.7032965356538835
79.71777561251426,21.54703740550649,0.5501844147266507
79.6890127388032,21.545433985119818,0.9258726267720502
79.70835955298651,21.55055269511476,0.6249970361070393
79.69301359252937,21.576703033203675,0.592031243089828
79.66260475197129,21.55289222636753,0.6536831800288387
79.69798908253564,21.577190652295787,0.5142019615824633
79.7170842005324,21.53081740783694,0.40372774502824216
79.69609670920877,21.56344815872996,0.6116025514391373
79.70915133156561,21.568734372316523,0.47185668142126913
79.7130523878009,21.56074772988009,0.3859706962112233
79.67368478631693,21.55641533681359,0.7511587853953569
79.6727226903945,21.55388876686517,0.7107137401720505
79.69665885933105,21.57165582895472,0.429388378114565
79.6846617081884,21.56929879582987,0.5872158986907935
79.710391678172,21.527337323270835,0.5343359105884652
79.71400138740388,21.570915259421852,0.35321873187935204
79.68120528275816,21.544844117166427,0.9140518498533241
79.67421223353847,21.535221809799747,0.6170962902941459
79.70683153091463,21.572186114080836,0.4217912359856262
79.67648836213289,21.545921487978024,0.7060624188978825
79.70935685911081,21.568501881410608,0.34247175314139494
79.68542429521892,21.53580421671735,0.7905731218475984
79.70005299395748,21.52023575928533,0.48146735260473994
79.66573211883008,21.549727551574176,0.6104926866805449
79.69743155948059,21.52601369539857,0.533121678956076
79.68710606072423,21.565262557331494,0.8064171415178409
79.69519650779053,21.536564508164165,0.597752144798697
79.6700808524647,21.54661873879621,0.6128532332992854
79.70421242469665,21.52522201390549,0.5154483602685662
79.7117678246526,21.537199554906834,0.3445775437131758
79.67300438800544,21.56688941459551,0.7842731338148279
79.66574287333121,21.529095274714138,0.5878298026143748
79.66141831516278,21.558829573667616,0.5823214175272626
79.6985182900266,21.57504555116827,0.4632711822020036
79.69642564216532,21.560790205585462,0.7031221199998706
79.69280184476284,21.568661301357533,0.4917261090151188
79.67391682576695,21.526538297758233,0.7183591336199502
79.68345435975432,21.535043909560123,0.7859980665805721
79.69566858011117,21.573672331134436,0.42779772487050827
79.68980601153154,21.562906336817083,0.7356860938440271
79.71926713121289,21.55837322958264,0.2853476690905883
79.6681863851534,21.559826004167302,0.5319540924438301
79.70170867324285,21.544852033258277,0.7041584411658763
79.68425912608626,21.52267339789706,0.5993742148671557
79.68569197689554,21.56706649252424,0.6993406092582728
79.70305586593949,21.56072279417292,0.5004633844529638
79.70154616907946,21.54836826784676,0.704629927219983
79.71947535962212,21.573985576922095,0.19980531430015505
79.66770365736724,21.540169579899104,0.7260585081605928
79.66624657896304,21.537659304653875,0.6691947614021796
79.70346032902772,21.572367779504766,0.5205957942803408
79.69470321502038,21.56781925928554,0.7301565448402001
79.67644963999359,21.5508987886389,0.927851659598693
79.66476516213933,21.52784408436747,0.6742881015947734
79.66513949497578,21.532904288287902,0.7344608026406594
79.71365145247985,21.559373679424528,0.5393512653801633
79.67151203948312,21.543102474270423,0.8980362680600689
79.67940229372692,21.570188391499958,0.733079062341899
79.67359938413361,21.57699730055993,0.5648362482212619
79.68129977834991,21.568338215516494,0.5289465145118342
79.66416543056476,21.54265272537973,0.5222931624896519
79.69114358745449,21.567321185753883,0.7469449501656196
79.66405675381553,21.54108650040824,0.6442718281236288
79.70802139046934,21.53002600526594,0.5698362220960018
79.67402272491462,21.522003592291952,0.46640229699967556
79.69240071487627,21.54314300276566,0.7509733064567695
79.71280474525369,21.574213558221835,0.43767553586445207
79.69905264214283,21.53433919526534,0.7509832658186184
79.69197746719308,21.532390789895786,0.5502974671306502
79.67946002518693,21.578189247114462,0.6063838677254136
79.67998011478349,21.521500246771033,0.6224256605673256
79.7001692173119,21.567146929023625,0.5109303518181446
79.71964836167326,21.539282197344452,0.348846744622027
79.69971035139096,21.52224927741218,0.33902368131735383
79.6934670050422,21.575068152412573,0.37183366503341986
79.70383903061435,21.528378539812575,0.49949963778800643
79.68791233673701,21.553106757023542,0.7022618085294672
79.66360854055604,21.53644325244577,0.5145479295003643
79.69373780895268,21.52391156813108,0.6431293408820614
79.71745751707032,21.5229953491398,0.36531296676022096
79.67051817654146,21.52693340193018,0.6112122008562373
79.70140029344924,21.52428202083336,0.39134423838011445
79.67205602131953,21.565633486931194,0.748594843535821
79.69214966106838,21.549133972137003,0.910969204741867
79.6658005869788,21.540573525480937,0.6766774519918827
79.6870222561755,21.54510213460792,0.9561895861250194
79.70536979973372,21.575736804134355,0.5273406779391483
79.68085429145434,21.574645108764287,0.6235590140030133
79.69989470346923,21.562940588807354,0.6866626652554635
79.70772699764738,21.5730809426453,0.30995428329709385
79.71563066916876,21.539178881655257,0.36899618180499755
79.67407852491132,21.542866559560498,0.6569067879118254
79.68395895494855,21.556822730911254,0.6632879970007617
79.66914496079983,21.557417556837834,0.607530701192992
79.7195490101295,21.54890199028074,0.5206355228997698
79.71562005807546,21.544039470906277,0.37316709209372234
79.69239742781683,21.57917081869652,0.6071218033720368
79.71052199766258,21.569267417567062,0.4620502016732807
79.69125747863632,21.546098811873282,0.7269479532616456
79.69741514128016,21.56363754863437,0.6373789528997237
79.66534746592696,21.536173701595146,0.5431193412854216
79.70531622522981,21.526010159574238,0.6124268695456567
79.66766280901811,21.541145861533163,0.803888192157563
79.70956405781514,21.5441783680074,0.3965575434832462
79.70692168526023,21.52099222747364,0.5409652820379447
79.70252468186457,21.56888752009815,0.5873568062220491
79.66216962283148,21.54155160414335,0.4960351587300039
79.67818770135672,21.554825089946807,0.8661822712505616
79.67578675419465,21.524437791236256,0.61134959906797
79.6816081844483,21.530499809725033,0.5963720723383369
79.66525856480582,21.57338162351965,0.5661614432061592
79.71621746938186,21.556521251672965,0.31187098585478923
79.69322813444273,21.577017043010226,0.4881069574678899
79.67833145863948,21.579925002063476,0.3240844606588459
79.68381889102446,21.542311606919984,0.9664237478363948
79.68683215243028,21.537928183844997,0.851951125593045
79.69603566000164,21.571501363309544,0.4472391898957969
79.6909407656618,21.579916685622244,0.41419464453293187
79.71516351839287,21.557778474053947,0.3430134651096857
79.68981780897435,21.56770844335069,0.7278419526653199
79.71952948088939,21.566904751528917,0.23001756498420928
79.71108549746471,21.541320382493172,0.6088644852954896
79.67251063086144,21.554456222815425,0.9035818570862634
79.71583571287863,21.56998341647585,0.4316031413268899
79.66698198387313,21.56128683257566,0.5610848070870427
79.70904698250946,21.52126982883892,0.3509806777629598
79.6828373976086,21.540202340133852,0.801750302746552
79.71267845922671,21.528668541795675,0.44704435965854883
79.71208340140645,21.533978332724683,0.5068560613245925
79.70835552400706,21.57432936864948,0.4285763896740278
79.70740182617843,21.522213597334645,0.36887371196083063
79.67828074834588,21.533188042717715,0.8296163127921783
79.66485515698307,21.538574161134292,0.5159036925910594
79.68417881072591,21.557013044317983,0.798511237840839
79.67041147089918,21.55204610140515,0.8402981561826239
79.70169706533414,21.533096168971202,0.4488888857808141
79.68076598359227,21.529854464033388,0.7309774601186985
79.7185366120516,21.534207882075766,0.4825583051001158
79.69845832464071,21.5501517776021,0.7680608765240198
79.70934883381805,21.53627066714267,0.35941729757337565
79.66795148036451,21.57685615009646,0.3707917129582837
79.71172086893635,21.54783191328573,0.46376563573902047
79.7153654314308,21.52352776099268,0.28123099692982995
79.68922371512913,21.5637559843502,0.8477381578997398
79.69637517626505,21.53973071729254,0.7573777904925469
79.70588858805418,21.559209335923494,0.5053960266776567
79.67049031763563,21.536775662231392,0.8256328448820591
79.69015396458781,21.554244624503998,0.8738628249019332
79.68391978166633,21.566329150288446,0.6240183482408244
79.66878243952974,21.57568052450647,0.45060226815665866
79.68205206533749,21.535667628665983,0.6662787616698255
79.66409033856313,21.540091417059937,0.7828598855344948
79.66154871441697,21.547855985217154,0.6354403990315323
79.66810997734929,21.575630490264157,0.6018251117627806
79.71778690669535,21.574083211408638,0.29696819707382005
79.6929717721537,21.525392696806037,0.673677225978699
79.7179493296692,21.52791578954523,0.23030891101582285
79.68594987269981,21.549730550639836,0.988354770828876
79.67870896798512,21.526397156368326,0.7327869928636841
79.69036851177042,21.54073485240092,0.7417861564533297
79.68637070131797,21.52890312269305,0.7336247204319797
79.6663398810557,21.558162421307912,0.7425276958221494
79.69844957888141,21.57696972590435,0.5816996104706932
79.67296229095058,21.579804026217662,0.3982885291376468
79.69717527729387,21.542514467949815,0.7107666287726684
79.69901206554388,21.555940758226875,0.7982803528141086
79.66912149118771,21.571376059211442,0.6298637680264678
79.66368097762664,21.527047724367783,0.47808448609569065
79.7068456951641,21.561373864663118,0.6412719439992749
79.68758802542615,21.544530619703504,0.6910655348664054
79.66348982773033,21.53236876961681,0.6504295808237697
79.71969197903019,21.544165217124846,0.3137959187974852
79.66346683365978,21.524557617217894,0.41598952634543085
79.70170211373151,21.56172442891536,0.6030485766765674
79.7190207355158,21.535164560124908,0.3704747060105408
79.67435080625295,21.53868433870269,0.7611405197578363
79.66853496212123,21.52726487789449,0.5723616217883458
79.66728309636534,21.571879546833394,0.4737540450121106
79.67819650885406,21.549606656756964,0.7389697119853355
79.66606274866064,21.554328812667183,0.768289929741981
79.70152968050165,21.55416596098569,0.6312325872744101
79.6637375078878,21.544629586872478,0.6608145603529256
79.69056532768899,21.531551794926287,0.7155453457173051
79.71980181123118,21.564707964909903,0.49162834176702397
79.70883821617036,21.52762337592146,0.5088479541416739
79.69691316629385,21.52623242741673,0.4116946803317415
79.6783752172472,21.56260870225579,0.8355173839154186
79.6974337501775,21.53253022122712,0.771174486517474
79.69162248783469,21.53840636508117,0.7422098150405383
79.68556500303342,21.548513648020105,0.9865862810125934
79.66784262260441,21.546961079003772,0.7412478827901738
79.71319625291443,21.562514747503897,0.4355365521943486
79.68698707892928,21.5574059076066,0.7459861344675109
79.67167735070925,21.55866376973691,0.7759935798390969
79.68206556105264,21.562843259839326,0.6592792947560856
79.68484778515173,21.53755676364541,0.6598598180967339
79.70965227373401,21.539339998708027,0.3769389646166369
79.70401686283368,21.546279864873732,0.5695229556348861
79.70615829361847,21.53844773038201,0.533307254741543
79.66066187586571,21.57909627213825,0.410585277340374
79.68496923989078,21.568843115585285,0.5853461459494456
79.68888064909812,21.52987928129536,0.8020197915566436
79.66115153660938,21.520335649352912,0.35521069780339243
79.67558879252469,21.522566996094834,0.5202398285783447
79.70561738938733,21.534643807062576,0.42508929547104024
79.66822658234373,21.526857477150212,0.4790235236473827
79.69211860788715,21.552000286893552,0.6594010824150217
79.67291211232103,21.57147971336364,0.590523224255755
79.66072724647863,21.564205013254792,0.6136462093880247
79.67447208745597,21.53293654378493,0.595236058893058
79.7185524252946,21.543957955361545,0.3748899432972882
79.70809222671298,21.550473652571874,0.42185375680267345
79.71757459865925,21.5686123509702,0.47285920810799537
79.68927124263558,21.57034729618637,0.6939050254024718
79.66658417192065,21.574583098714466,0.35384865411080185
79.69287756933842,21.55055471503017,0.7505516600208458
79.6872626400736,21.561656484786152,0.8837405906588163
79.71066142496437,21.526708022274036,0.38897183158611504
79.66588495484706,21.553917337597237,0.6949435869940929
79.6892944682213,21.534921508568267,0.6834058442046147
79.66900291988163,21.545903013101597,0.7698558929317474
79.6794805556134,21.558043030498403,0.9365311054613767
79.70424142464327,21.535419156271224,0.718421549631866
79.68856108776212,21.523131103467804,0.6352058150058404
79.68255329710874,21.520614031384525,0.494503110988769
79.6836685767142,21.52132957213267,0.5324424158422824
79.68756680610436,21.520500984250827,0.47265540409975443
79.70710099263022,21.526621303393473,0.6010917068185198
79.71352508133641,21.534369322874205,0.5036960378019928
79.71732008119024,21.533273290850936,0.37939183674217636
79.70721420317531,21.57920779565079,0.23422880330405385
79.67892441374488,21.538360366312535,0.7873358498346223
79.7012880823652,21.527645247001562,0.6701920126375044
79.68625618744332,21.552733752650063,0.8403940724916479
79.67528023732277,21.57147744732385,0.4911563777214186
79.71045229476556,21.56068362260726,0.3495359519195994
79.66230558093774,21.537764925348124,0.5552146166338727
79.71410571952812,21.553696969587484,0.5962419515577303
79.68768864787748,21.562891358452024,0.8778084150061467
79.69823208860849,21.563686269542064,0.7619382606957783
79.69956123533234,21.55999230731786,0.7184716875710566
79.71370706444239,21.572248625486534,0.40050478619973434
79.69820018093003,21.572206327500645,0.5498311851913816
79.69683601508561,21.55473619356442,0.7377453650522827
79.66399912243364,21.54579138214667,0.728593538021463
79.69110448131671,21.558494217733905,0.7348106670597278
79.66901014004902,21.569092720082228,0.6267239456078016
79.70424602612329,21.52033912629047,0.306990901188814
79.69073331524876,21.579519820540888,0.397401096483686
79.7008136667525,21.53097362633975,0.6690594327967092
79.66250037403614,21.548214939139598,0.7669585991263497
79.66508752096274,21.57232178409057,0.5113678082501869
79.70297940328376,21.53350242394265,0.42798143095337265
79.66432506015991,21.548607713434023,0.8031689016660521
79.66427540366591,21.52795493081087,0.5869854139914703
79.66072650851409,21.54370457952329,0.5824304496043506
79.71739008389797,21.530628127287578,0.4113452937955083
79.70425050156754,21.541817664926267,0.5917285903412236
79.68119508451012,21.542407853007564,0.8149454526754067
79.67779213487725,21.579590247375897,0.5906295248348981
79.68098219378474,21.579688781758225,0.3765896802515406
79.70647921187087,21.526887176719637,0.345196396457086
79.69968223666422,21.5635581267597,0.46330839657073253
79.67111173407204,21.523104728780144,0.46601743181740246
79.67044656012004,21.52181152092023,0.39417131362795377
79.6659037389828,21.5263200336547,0.4389548927870164
79.69961816318208,21.577929139420473,0.2959332152362819
79.7058623597333,21.57645181287368,0.33165903158017995
79.67590278569949,21.53163566921684,0.6274530181919006
79.66125669766186,21.52970034013322,0.3717629822711669
79.66493030004858,21.534432105190955,0.6373102012447345
79.7180716020907,21.55093281964451,0.4437659605054137
79.67772668664864,21.554182277922123,0.6957791317439491
79.70615338887029,21.533295605826368,0.5543039867594148
79.69747981413126,21.565397367285396,0.7660701527557674
79.68291637837918,21.538573190164158,0.9252969077204468
79.67234123573174,21.575327879531763,0.36441306176015453
79.66728318508956,21.559403362387403,0.7576412439582187
79.69690077808232,21.546181071658214,0.6961194495326899
79.70647802683827,21.56739472010217,0.36124239367290417
79.69863425521247,21.569074877562798,0.4974674680748973
79.69181812799495,21.537428896336536,0.6848944618591752
79.6625170734059,21.540382872630165,0.6269213548422834
79.71810932665566,21.576157309223714,0.37981075895111716
79.70792285149928,21.529884462301794,0.5500915717979062
79.67756932220206,21.522529025017775,0.4684220849423363
79.71879821976152,21.54724331935657,0.36146138272419726
79.69611289537818,21.568072594014616,0.5380985628918704
79.69494535949244,21.566300086378643,0.588917616473392
79.70488439076577,21.575171837734768,0.5830456840399721
79.7087061872854,21.551992039862142,0.6380902896057055
79.69938871643988,21.52600388029399,0.6660301336177783
79.66768574478196,21.55532133846016,0.7634292783714332
79.68029605035967,21.566703736861193,0.6522423177421579
79.71568501841956,21.52559968721619,0.33718113020622725
79.67347693671063,21.530359444065855,0.6394187209086708
79.68233002143025,21.52073743966934,0.5001092309359074
79.68592461297665,21.555619154766806,0.9148924374619019
79.68636429938167,21.57320406351675,0.5640532774415067
79.69677637494966,21.560239798960126,0.621367802943855
79.71658455026468,21.578922405255458,0.40961133540641137
79.67444156270994,21.523782019149984,0.6571844955057664
79.66729008257805,21.57418006510909,0.47138369245230666
79.6718482293916,21.5688440972432,0.6537463231584313
79.71321549401256,21.53885449122997,0.334912499994865
79.6987486487593,21.578411593110232,0.45137400636269487
79.67715440735435,21.537276264890284,0.6235109071335853
79.70895681633812,21.57335828342969,0.27400494826642346
79.7116821997818,21.57284491462445,0.42979311632265293
79.71079086032141,21.565459456996177,0.39873284442709456
79.71513559201837,21.55380822842877,0.52933277168832
79.6751344612104,21.527200164977014,0.7252971455833304
79.70530251572478,21.55191830406979,0.5010579124939343
79.68763236983645,21.541407775339295,0.8739557227506805
79.7105199131734,21.56753302198932,0.45020159959439465
79.7037094406297,21.56548775238981,0.426675241165444
79.70658684678997,21.574636750442355,0.46974633955430056
79.69936971026087,21.520889809745903,0.4943274231546366
79.67064572616817,21.568546193009382,0.602464437978272
79.69270161513381,21.57630772318748,0.6316699802469394
79.71908018437146,21.567358026946486,0.37048197104051084
79.71624328398983,21.52781166759222,0.5248738666967568
79.66259042414782,21.524876746290452,0.47847023186958526
79.66988888894376,21.52125071438846,0.3737958330423477
79.66790372640727,21.557724713549682,0.6826388178256467
79.70355879459912,21.557780359111593,0.514859081687029
79.70906711979141,21.579214822853093,0.3980172250623817
79.67281068197863,21.543882590446245,0.837746955667225
79.69035116157711,21.539914377093847,0.7662537650194441
79.71044218168068,21.557465495631064,0.38920393674619697
79.70396809268597,21.569536520350454,0.489433525011452
79.6925342323295,21.57620643697138,0.38041957470979265
79.69542086142752,21.56818744997074,0.654866309813597
79.69050163281497,21.545600438836946,0.8980604739692112
79.67785290707913,21.55809485411872,0.9238607783490226
79.69390131957154,21.571377959602966,0.4618540557641775
79.701333118123,21.549436581298703,0.6864673988591963
79.71239937495164,21.533001198622323,0.4668134770309844
79.69817748123876,21.53018340638487,0.7143349585184218
79.70566729222259,21.520009464674683,0.4453440993916332
79.66960429809727,21.563094279698877,0.5519811291934158
79.68769344846518,21.52666583253076,0.592351571603296
79.66055989718963,21.534630345981757,0.5957343127027525
79.6748007318713,21.537872579891367,0.8103438290876327
79.70358770290677,21.553622791608205,0.7403438468865191
79.71950859708096,21.543877436637747,0.3075653598780659
79.66595068597523,21.56048043952139,0.7770726669420589
79.68408965895168,21.523338319559723,0.43328735079906067
79.70800425812195,21.527436351655865,0.5986478598756362
79.67224213807773,21.549952690211995,0.8921241373251452
79.69330509695814,21.54021788727081,0.7993725202432584
79.70398427776178,21.53774880176508,0.6618481415157
79.6969591270156,21.52402168474225,0.3900638681645113
79.67128148407693,21.57374315048488,0.39194543531357895
79.68132307412114,21.561509115167503,0.6379677907004323
79.70702750706913,21.527297089409178,0.33849437675746485
79.69325359084792,21.523902757464228,0.5561708009668452
79.66031377681257,21.578492352005874,0.312642417093269
79.70565944560168,21.56087035302637,0.6658429343322485
79.6621186812964,21.545047364265624,0.6184119027327675
79.70474402696387,21.562103862445344,0.6192804187021779
79.67214883360991,21.56537990718881,0.7000990749411512
79.71748440880717,21.566797732143325,0.3264305945815216
79.68207644507812,21.548672638339184,0.7725531847112397
79.67961589698028,21.54579296548749,0.7914800398827302
79.66893328301994,21.520661685056133,0.5644780991805363
79.67833625292941,21.575593426908508,0.5603973664395808
79.7125990457097,21.556198472703336,0.4105658431621335
79.71978006025763,21.532189236231396,0.4626577211386578
79.68209857183041,21.575176205165285,0.41326807918942265
79.68691663785727,21.574895914106214,0.6063574517722665
79.70332425629216,21.579351049861963,0.3858038221651252
79.7131717468279,21.572443393788337,0.4556104421298085
79.6955826600512,21.5798670632692,0.5710946621174418
79.68349154189066,21.534681171287396,0.8183312652070732
79.68475731045092,21.570534975111954,0.6031173306678492
79.70173708878981,21.569381698527746,0.41907359296014013
79.66019309581625,21.533856421553242,0.6298113569130084
79.69717536024758,21.525906252940057,0.5297364735815425
79.68132958062648,21.578765230820654,0.36440793600640853
79.70765183987662,21.537761473091237,0.6043054813253765
79.66557943838939,21.572253507428066,0.44239167085899433
79.6952921360169,21.520247629280476,0.34415518645678456
79.68885837339316,21.521261488433176,0.6441416060236818
79.69853953155432,21.54795227852178,0.7143611514339265
79.66389121566897,21.534322881036104,0.5247909525845571
79.69479902724568,21.561390477006157,0.7576811999146639
79.69368907527758,21.553933859534077,0.8850781305871451
79.69363960566497,21.52464914784703,0.4004139362422911
79.69620925999578,21.529757697778944,0.6578627656822603
79.70058807623359,21.543282956203505,0.7562551087804514
79.70829933998084,21.531136243837324,0.39439332802300037
79.67618924320769,21.567533340834633,0.648635749225764
79.7095029646108,21.544964214133195,0.41828021107882785
79.6898953409358,21.52560591201055,0.6597739726687426
79.66462349674805,21.549060574136327,0.7839440090097389
79.66351305575463,21.525450290863684,0.37296874384033973
79.68005429912176,21.52773623832519,0.7291078801671066
79.70709381862669,21.534376589921692,0.6038213267113219
79.70246085608446,21.57157166231485,0.4460810749934322
79.70731689788035,21.575476751939977,0.4680407818307323
79.6910361433865,21.56957546375992,0.4625466665023169
79.68641193987733,21.54004463304507,0.9297498594327995
79.66884715160238,21.536346786466527,0.688428384779804
79.67969156521656,21.552949341447412,0.8691681446851305
79.68604116197044,21.563311189631985,0.7787053825166294
79.66531602578077,21.57960236728961,0.43753856431240046
79.67323671716267,21.527894242712733,0.7121745047785708
79.69589351764382,21.52295751994143,0.5446162792123882
79.70413978685436,21.561661353339716,0.6949047256880172
79.71990085068357,21.569933547010233,0.3716851129167538
79.71598679988061,21.570780926791983,0.2743381700531968
79.69855391197211,21.560707812944628,0.7800966033078538
79.68527488319764,21.577240948247148,0.5680720602243463
79.6981706418825,21.550660285812675,0.782930230526782
79.7071390970848,21.57482888790017,0.5636674205035396
79.6671001714554,21.57806872821949,0.31946717492239485
79.68459429338178,21.570829447420184,0.5945438580508957
79.71038813713814,21.538585513795518,0.42622505514318937
79.68302997711598,21.531772939070216,0.7402496786104207
79.69431233627363,21.55288720389891,0.8593267756315138
79.69526616165173,21.54718088502281,0.9035588264311115
79.67106857518802,21.572665500531564,0.5295977572464402
79.68173412649914,21.526001900264028,0.6944642380672224
79.68007067732451,21.53546440367869,0.8752401002255472
79.66157180251192,21.565107936671122,0.5955923232212483
79.66145150583348,21.52569919869864,0.39647868883422954
79.70990182262055,21.539245864841302,0.5470742571688214
79.67638424859837,21.54322932364324,0.9494063072324045
79.69108472597432,21.55735562779376,0.916439528458239
79.67792353441533,21.52948795874316,0.698035984803123
79.71644075470692,21.57163626942098,0.48091654236995435
79.67555780553194,21.546852534127975,0.7268453769445753
79.68577940876433,21.57502130271283,0.4708029563503851
79.71236381502908,21.548072194818033,0.637475805366959
79.71051601400751,21.536502415536443,0.3818429064004763
79.67116608507078,21.52850972972126,0.5057649740885487
79.70815859858774,21.520224705682676,0.36732000889501887
79.68749121320427,21.551929449099088,0.858060328265559
79.68897813232512,21.526429401815616,0.6338617313863804
79.66800879834496,21.54350366581787,0.6557910024974707
79.66483609082542,21.555356305674223,0.7902999131443701
79.70367635841842,21.536541153814163,0.7108255692344576
79.68978766914131,21.530513457541968,0.6292215718926626
79.68621104215691,21.56648329735656,0.6622032201325898
79.70377049371915,21.576807470336895,0.48642744722256304
79.70593077393947,21.526026425071716,0.5103033360579681
79.66953449006016,21.5293354194631,0.5602333151914868
79.69661350896865,21.57760075943516,0.4393570067348441
79.66812124493666,21.522267053308735,0.44479285837272975
79.70508250516174,21.578657940193025,0.31970487644569145
79.69941730937603,21.5202786689851,0.4414736936364695
79.717396877265,21.57242011933908,0.4096468007866659
79.66413748098138,21.538439510859263,0.7028344433518217
79.66342328326907,21.576315331490637,0.5248313585761645
79.67693122448159,21.539016717318134,0.740067790789801
79.67570234102415,21.559258379292043,0.8386420790193408
79.67481872794431,21.524801954185957,0.42012236253687324
79.71437527483126,21.534539788687223,0.42551948279444585
79.67497277199097,21.566420760788752,0.7492573585686
79.67631698356772,21.55172115122073,0.8582832027879596
79.70556389574507,21.575678143707222,0.41514152376403
79.68698439054702,21.54572508450048,0.8783575293836847
79.7066026334173,21.572188741948835,0.5686578055031756
79.66392196945387,21.546937326248692,0.6873691701148037
79.6892542716204,21.578754896722117,0.5728623434825311
79.66201681601099,21.57759006288393,0.5622778175895284
79.66375919220732,21.539748202333364,0.6960082058065835
79.71438624720066,21.573155420225007,0.3941038434009352
79.66835472226705,21.570856682452938,0.4080173322448417
79.6919452409365,21.532640823839653,0.6399989964957153
79.68466573615603,21.557457424046994,0.823199240889551
79.68084059957553,21.524360938935388,0.6702172097983359
79.71399000074123,21.570202643235007,0.3748308924621801
79.66130940380653,21.53047275301021,0.6585606232900392
79.69982738117054,21.524248882083146,0.429717581529712
79.71780366605282,21.54401314573233,0.4969039464660715
79.69361009100771,21.55461532831598,0.741934761548607
79.71620934772199,21.571295017513584,0.3642365722382773
79.66313547275716,21.5784545515313,0.507914215855953
79.68512759914445,21.54636955075419,0.7827442036299406
79.67560946745772,21.523626815379117,0.4331152075108454
79.70384925789884,21.564946934741553,0.5526738548995469
79.71887782542983,21.553910395373435,0.4184889508442097
79.67539180374665,21.546873480690667,0.9045399349959122
79.69925047608844,21.538556132727532,0.805038610510162
79.67188585796558,21.55014391167061,0.6469929006474057
79.6939198152743,21.54032077626742,0.7730875279830187
79.6878359492013,21.56542071206484,0.7464878350894026
79.71832031977789,21.552633621789557,0.5640545976075992
79.69651163636179,21.572610866449246,0.6636034613477151
79.68097038232521,21.552612634878965,0.9022614029517082
79.66684574709328,21.534295744800396,0.6338893281218769
79.6690748097241,21.571065512933927,0.4485413950192214
79.67351901579707,21.553433142695802,0.7524319916965239
79.67505799968042,21.532410462288613,0.7088850658690795
79.71103696347046,21.55741046859737,0.5692272742199946
79.69367336729695,21.541463005896546,0.7977927417500857
79.69140345468246,21.570664336737522,0.6581055442832409
79.66688613231214,21.547197984318792,0.6921817924950503
79.71160838160097,21.563586481486443,0.5287668668639276
79.7033688581925,21.525732172458174,0.37631404986840955
79.664060101714,21.54376146077814,0.5596837103008949
79.70247010583378,21.578994486188343,0.3117873664437648
79.69261229304055,21.568507617368628,0.7354051776543892
79.6649035207448,21.529596448142016,0.42468044498874635
79.68749803849171,21.536665842968635,0.8491410060480415
79.6890817772278,21.53978894853138,0.7038044198733973
79.66994647240979,21.559021933629726,0.696315747448976
79.71674188882001,21.565419685569378,0.5188271485160877
79.71099852228883,21.564971596528473,0.48445500677961995
79.70014134023974,21.550592443378385,0.6069296532379445
79.68773773366003,21.56864923227029,0.5782467137656192
79.68470593249506,21.54622468496545,0.9706224355164877
79.69905840802906,21.527432833917732,0.522537369161611
79.6927259121644,21.553866510499226,0.8062015118363745
79.66373638635291,21.577138083076065,0.4227414767069234
79.69075015892622,21.56757961908355,0.6078643635589583
79.70838421703397,21.554722038861534,0.4689231087597756
79.68755439265581,21.558808339620946,0.8354904424374995
79.66311739465326,21.575833721622132,0.5094152752236276
79.70717669196304,21.545700567666096,0.51221329091825
79.67208182692815,21.539883648336556,0.8309766015877762
79.67551725009328,21.578634493900026,0.587749942477283
79.66988238120594,21.57180658801062,0.6726787367550996
79.67981290389228,21.539382615077116,0.6936938047459377
79.70540509034132,21.547826835841654,0.5523317332967345
79.69116315157024,21.544904687740466,0.9105666758022459
79.67229287644903,21.528945740720285,0.5231345178864815
79.71266980468913,21.577469159428794,0.2088241062548949
79.71277491129709,21.544258745873183,0.6021647638246057
79.71223470550277,21.572519744958274,0.3414628822695263
79.67432777268289,21.53136137366084,0.6377326384171464
79.68707436065085,21.55287224863823,0.8131175269227471
79.71909937936846,21.521437683107457,0.4315556067400001
79.70632074857859,21.565853229030537,0.4592033411625718
79.66163004527353,21.554854833894776,0.7351268954570391
79.66391227547562,21.557535375008182,0.6719187142904717
79.68783588260874,21.52310325295328,0.5628838522740133
79.71455321235169,21.532662299812515,0.3681347320572932
79.69232210787716,21.524459852341213,0.4787259752380621
79.68986875048205,21.537334858948228,0.7899046168185477
79.66632842199739,21.557646340460927,0.654755410048995
79.69940680628345,21.553971159059042,0.8171955606884695
79.70932618963602,21.5567289892968,0.5269767044317718
79.68282520045045,21.55295507628267,0.842568863664253
79.70653671105552,21.53638172774055,0.5200262431955849
79.71786859923405,21.534670449840664,0.4819219388440108
79.67222598754766,21.528223581012195,0.5801318096433169
79.69139977787168,21.570944252494208,0.5204559118437605
79.67722827748507,21.556988761512475,0.9007395116517813
79.70757126514202,21.531190660750244,0.5195164586718568
79.69465560195287,21.530632562789275,0.6549308714053348
79.69807494505302,21.572382136091566,0.5546503561469001
79.70787484957695,21.5645638518258,0.5652256697798983
79.68375822835975,21.55956394479432,0.7262590338475002
79.71490540410443,21.544411846452356,0.32158389738651394
79.69198173203476,21.53571853385671,0.810392472041956
79.66947728937012,21.57876704578677,0.34114210643532294
79.70175394709013,21.567834374501366,0.6075753866105839
79.70759568102629,21.538106753388174,0.4162377231345544
79.67900570062405,21.570853887776707,0.5737350698871913
79.71143075541993,21.56553591691688,0.3187560779320073
79.71436859528595,21.53782483299268,0.4547353609225645
79.67661426924266,21.5455931712545,0.8673692627353846
79.7190112883629,21.53115720672346,0.2712312271023978
79.66844269168293,21.526663146662685,0.5116566045950892
79.67212094010415,21.56336572197038,0.8094648476274655
79.67105349035428,21.53605071144123,0.6776091713860625
79.71363938260048,21.569203561944775,0.4935993360852867
79.69925755313949,21.579736522690865,0.5528925301999715
79.66912625699334,21.524597188835777,0.6705398805214992
79.6864194051021,21.54838210750502,0.9620231846276039
79.69691788150419,21.56812375355865,0.5326355414216764
79.66500784509935,21.56733705379247,0.6962259797287862
79.71294498210445,21.565599829499856,0.5262039200795414
79.70821621212649,21.540939696118112,0.648800068556083
79.69031240641459,21.5472311953411,0.6712326234178777
79.71802759691555,21.555698101440488,0.5523972486234507
79.6850656587565,21.578436435014392,0.5794832959186422
79.71904661914219,21.53965283625631,0.48007022900769614
79.70007519992822,21.57538863326301,0.34304324282708715
79.69808027639523,21.536161415090827,0.5772418756740221
79.66995729371774,21.579344467928422,0.5866529910009252
79.71291566549827,21.560215821209653,0.4633224139084578
79.68564938127524,21.547810688821514,0.8143768832164066
79.66973400434695,21.556803425683814,0.8242443090867058
79.66075645119854,21.53635187014241,0.4421400042640347
79.6935853410183,21.53645043145069,0.6861138288054337
79.69164397732736,21.52681327263061,0.557528679835976
79.70316121734214,21.526843017862323,0.45211314049157464
79.71341548318107,21.540860304488135,0.41466580341540743
79.66476439507858,21.56577132867378,0.4853585040261688
79.70388978942042,21.556478270055887,0.515022217104463
79.67124471664586,21.52615507361986,0.6078385435864555
79.71149062318943,21.571134191498555,0.5356059391616682
79.70914381083169,21.556082057619403,0.5376814162036588
79.69244762529912,21.577651334607086,0.4256880620975068
79.7026145679174,21.56021112804467,0.5035742974571928
79.67886100679102,21.530510491822252,0.7737044419347263
79.68827007393597,21.548427001738467,0.9742977965203805
79.70929821386262,21.558909855852832,0.47368340512119983
79.68755591183039,21.521695882063,0.4710356092156312
79.68146789591952,21.520894615849286,0.557440465709307
79.68965274683501,21.527764180035913,0.7029898476536564
79.70969495514623,21.535099866102726,0.47998205178429587
79.68011248284225,21.54577294741124,0.8794690062705408
79.67042569558814,21.549246428425587,0.8284528294650054
79.70272084121984,21.528281656536272,0.655482734701537
79.70955869276249,21.56040349474695,0.40618366309114307
79.6660382487114,21.55576828370179,0.828628296400915
79.67439244676535,21.537667845930468,0.7123184407987222
79.66851831938565,21.520819593006117,0.5417791678014704
79.68087648469493,21.524658874921197,0.6076269702591328
79.68702105873432,21.54350168653065,0.8203602598286079
79.7049295802178,21.52923846106994,0.5625746829674781
79.6990688550929,21.542609176368877,0.6639431696373848
79.69725571404871,21.55769095627062,0.5877205809665774
79.68114249679658,21.552834245672756,0.8345061096365207
79.71048685318509,21.533870552988244,0.48169071205656333
79.6882772300439,21.540629349475523,0.7070060274219114
79.71874629628091,21.55684187190692,0.535823434712525
79.69804852829775,21.571651301682607,0.44929722808473754
79.66757588449387,21.56519280632433,0.5838389971779101
79.70057065372453,21.553204001610005,0.5764320299098916
79.6795062409259,21.54173757989899,0.82615396835122
79.70117963180117,21.541903076652506,0.6025397565899371
79.66417846888974,21.572765038615863,0.4832361547045836
79.67049288623055,21.52235461456243,0.42494899495689753
79.71134423553434,21.579278958665213,0.22069300224668925
79.67363077342141,21.55986252465109,0.8195207794411377
79.71022246751457,21.560868261944343,0.5372195793687178
79.67675656530726,21.522279870238282,0.490348239876536
79.69857291460352,21.556331756493474,0.5566064833052371
79.7016490344106,21.549086683605427,0.7816053882802336
79.6907592851887,21.526346734413643,0.4937299308967549
79.6783186406018,21.53667532064616,0.8881981183825611
79.67275866258227,21.57341886737282,0.5369044743275245
79.66199136127375,21.552999304951957,0.5825630548016075
79.67823678407444,21.544804994510432,0.9010148980065208
79.69918976743187,21.524360929350447,0.6179342575411745
79.7162982891069,21.562847291644136,0.37191364440059427
79.71227226893578,21.562171049403762,0.4330355185596413
79.70596388659212,21.556842616418354,0.5594454385148205
79.7073068405952,21.550615758773237,0.7059815631486579
79.69989909420856,21.546027064132442,0.7539338313213183
79.67561721145395,21.55559626557928,0.7166508164549525
79.71443170184234,21.534003727103702,0.33447459311154704
79.70024393871435,21.576475543850655,0.3739168718697797
79.69362643785882,21.555327671750813,0.6904940458897559
79.6666593681528,21.538671546661263,0.586322356296826
79.68682333262838,21.54698079105311,0.8866771826032495
79.68762149627211,21.568341087332612,0.5330768307488677
79.71187381657136,21.52969696364382,0.39698582263338167
79.69279889321126,21.537570137347615,0.7684637259653544
79.68282403293823,21.56077048136419,0.7054063180741814
79.71860801971064,21.538929352388934,0.27197600267344324
79.66664323559958,21.567550100911685,0.44705790113877264
79.68535290569872,21.52782720923064,0.5241844213056179
79.66252148051028,21.565761170227276,0.6465290952156763
79.70439424724601,21.524101102891034,0.5040774718909837
79.71508459313195,21.52075555676005,0.21704483559456994
79.67680223977302,21.573893411129927,0.5231856531161175
79.71150050060794,21.554880353015935,0.4381710791857806
79.6775330938277,21.541109613825206,0.8241311341997714
79.71464620969863,21.53395567821783,0.4331538851941332
79.70523771421581,21.557013146995647,0.583925594715314
79.70829440661049,21.550540131012202,0.5079200319309616
79.66108039333602,21.579495866531797,0.2854273298420489
79.71776862142444,21.578992959199223,0.39354577426991577
79.70360025952422,21.558101473968495,0.721363382505118
79.67828506572316,21.54657223036635,0.9681011501805624
79.70976367989152,21.54946845814808,0.4088063855827294
79.67689127190489,21.560948743974212,0.8196398669535653
79.71236523037396,21.526094472654123,0.46920154122973556
79.66675482342471,21.539701124428642,0.8109366235272734
79.70222115864765,21.524516334460216,0.406390171003586
79.6924419085987,21.524401645571015,0.6267130691269829
79.66579206821173,21.531750354513655,0.45290677296031495
79.67451362969553,21.549115195275593,0.8486026175944176
79.66074424217663,21.567086459269767,0.46689203206029883
79.68812607792786,21.549129753469952,0.9143175712919254
79.67807591564559,21.54012859663365,0.9040913620130464
79.69590144905786,21.524941179420203,0.4980485500727045
79.67783426846252,21.553017731390987,0.8315323541479216
79.67799514669042,21.53627611518899,0.6377281649895626
79.7045915919239,21.55689605067503,0.5751438042060202
79.6628885701587,21.578631264347944,0.37203186290925483
79.71417369971152,21.52667885928865,0.29402259199236525
79.71113583246347,21.532727523923317,0.5779557146669023
79.70006828099358,21.54838567228596,0.591069996288508
79.69559329420645,21.578116828920756,0.5051234736375201
79.71353814988838,21.5663085865762,0.5388113472360564
79.67111981077171,21.573893751589768,0.6499355729461209
79.66473814973145,21.540022890908546,0.7385226032749292
79.67437061019457,21.579522308426714,0.36810685449111447
79.70767469672201,21.52616996896385,0.5409811126295638
79.66208021600359,21.523178374362764,0.3862463866422348
79.694968410105,21.57133615762324,0.6868004039897482
79.71972625097148,21.575635892212418,0.38733950837732484
79.71134176563025,21.525435121452766,0.491295936460072
79.69128674134261,21.52680564560475,0.47233170274676145
79.6638184545572,21.521990449465346,0.4796104866251819
79.70988241086314,21.526270453758563,0.5217388758107839
79.69593871049064,21.532565189008015,0.7490512686671389
79.66689597982356,21.578204597134597,0.3026631668100018
79.6656314370894,21.56007161333438,0.7728021939498555
79.7145776091662,21.56671318153111,0.27168449553723323
79.70015201577628,21.56656836422149,0.6075464351132622
79.709757207959,21.55210442498675,0.5960906433357377
79.71273873401694,21.56784933866278,0.30253602012556713
79.6943063411229,21.555748451943398,0.6152755998566815
79.6910467811053,21.5388727658562,0.845573564771217
79.68582564461926,21.553666606526104,0.7955273125446249
79.67901679526746,21.55201051516807,0.7166017292629
79.68607575765152,21.569407183225557,0.7149924748633152
79.70643277934381,21.5789036330429,0.4928505500714575
79.69611540586091,21.544662553925257,0.7719494742051904
79.7135513973973,21.565803440706482,0.3230431955547898
79.68660280086274,21.525985780242287,0.45847032859503867
79.69642537472312,21.566609882166897,0.6721975982597057
79.69787845318552,21.542285014719592,0.725230080703331
79.69550182973838,21.52236340977338,0.551542247596388
79.70215802638513,21.54179477071373,0.7388194166441029
79.67424600810249,21.556638565055298,0.7527310149262781
79.69074182665274,21.527155010060888,0.49260183922104395
79.6662534881685,21.575442069545815,0.6040392786506127
79.68307067965868,21.52466034479637,0.600858676715361
79.68926002411727,21.575800403189987,0.5604089207540544
79.69913345557272,21.56242825107614,0.7612962056709899
79.71703186315517,21.539782730524852,0.5523307588271704
79.6960390639929,21.543445020862546,0.7628207130168173
79.7046156349706,21.564448561883964,0.48096063985758575
79.6903759635697,21.55608826605287,0.9359798717694918
79.69804624188258,21.560298575287295,0.720693105589962
79.66425593296802,21.543349876990806,0.6347289941064123
79.67526349485051,21.549268808908455,0.833838614952085
79.6817111855923,21.579392049042273,0.4577601783515431
79.68834960130039,21.532835372229982,0.8198592768739439
79.66273892473014,21.545071371191327,0.639394393085588
79.66840144585319,21.53750939125444,0.7765815505596324
79.67660885846747,21.565906690626388,0.7804405687951842
79.71829196145406,21.56584075753994,0.4748425467554742
79.67988082042618,21.537546727659844,0.8421668211526495
79.68892246348672,21.524883418997977,0.68518558676059
79.6717658627643,21.520685960600332,0.4585802891226859
79.69664680426455,21.545647031994548,0.6264596286654645
79.67684099293096,21.544620255660146,0.9218154717596198
79.67241955470631,21.57930339271839,0.45969728991320724
79.69099435770676,21.54818812454186,0.6999456563456634
79.66033034794962,21.535385102174523,0.43699925977982823
79.66045984195895,21.573473766461888,0.34376879828416457
79.67314412854611,21.549464076979213,0.8705728944244602
79.66220328175005,21.555950538112633,0.6841217358726817
79.66648154524783,21.52574012262569,0.432214085769669
79.68033163896033,21.542974984439784,0.931205581260925
79.70815514077479,21.576653420468425,0.3291330266832343
79.69432291860215,21.555370323050525,0.8411972745991685
79.69076006355738,21.540670111308547,0.7757290653995722
79.67760932939248,21.557540030837895,0.8587199650409676
79.71590522316596,21.574624665374685,0.31721377968243447
79.68382090247422,21.536439436028356,0.7204591657444376
79.66522556600775,21.55030700310824,0.7903929429750158
79.69702399096707,21.577521439234705,0.3242060930151812
79.66683030360859,21.530343768597906,0.7238891505405787
79.6807133885681,21.563179835535802,0.7781062321834352
79.69044471632307,21.556868860492177,0.7595296255039177
79.71245335148112,21.560780507868436,0.5045790222840126
79.6896127948204,21.541073177840055,0.6782306417845885
79.70213552596189,21.538832762409026,0.6303570051159026
79.71956901033994,21.5610525802353,0.5295506362594947
79.66788934719388,21.53293259710627,0.544694197239481
79.67648389153116,21.54517928469154,0.885624038494918
79.68367456453586,21.531290478763175,0.673954179808318
79.68530969071233,21.520498290467398,0.5656216149033073
79.68466126451592,21.578203441602284,0.41134530224957433
79.71445666015339,21.545902178719384,0.4609729073183314
79.702841958668,21.57816097686519,0.5627985775531025
79.69647431284544,21.528419411186068,0.48978357576168985
79.67856236307176,21.555242006767447,0.8548343372508307
79.70942742305327,21.532058441967475,0.49790054116629273
79.7173036306891,21.567404447617793,0.39870459385082335
79.70927189695301,21.567022179325658,0.49806233215651363
79.66009390631149,21.52675642894236,0.47152528012565553
79.698184082211,21.574723867172583,0.3458139335734195
79.66306812288653,21.531677778832194,0.6736035304529698
79.67545643322002,21.55677864049536,0.8796235294139423
79.66357148202086,21.57913801720526,0.3154239566228953
79.69622772717696,21.57294379208598,0.5024580231620216
79.70119539480956,21.577393835713668,0.5191208762205822
79.66686925828395,21.540555926273086,0.8286897189658464
79.6830303329827,21.526334538533167,0.749825506637037
79.68737419053733,21.531300812397365,0.804866169154995
79.68214318130565,21.550029693704595,0.7460536653582874
79.66726150002911,21.5675937806964,0.7027291382288272
79.68513686741125,21.529009218651034,0.7692797523766907
79.70507068286851,21.559583891935645,0.5386673632789383
79.664260459872,21.53941465624237,0.607673617515857
79.6648108008449,21.540472124343527,0.6426260794722196
79.68128627751015,21.559715063809474,0.8264639640311883
79.71650354269714,21.548019965171992,0.37201639657083563
79.70011435880338,21.56872199758156,0.40508541440848467
79.70072019740036,21.52935511057977,0.44313558119772156
79.68171519945027,21.567396896186022,0.653812397285118
79.69561964747251,21.523854114883445,0.46036707803233107
79.66060787104166,21.531643232814737,0.6027358568350485
79.69816576278457,21.55936898287019,0.5556531108116805
79.71479721685458,21.57129553939066,0.5051040579424694
79.69675440810069,21.53516077766436,0.7811982525654866
79.71242191560798,21.539631496349735,0.6038267215801888
79.70343838332796,21.552227244897203,0.710256832109412
79.66723350498422,21.532694368389357,0.496008478307841
79.71414719843715,21.568669375695247,0.3827832576247695
79.66398663066134,21.566418198700344,0.4456216662160954
79.69203804835287,21.528717502717946,0.7670640910635484
79.6685282274276,21.547829783909,0.6877478203263827
79.66070239664386,21.566489665999274,0.5424641653226925
79.68532205560766,21.540239771866204,0.8894545359826185
79.67770244245925,21.557986409363064,0.9115970642681691
79.68916002962786,21.523012787287453,0.625482966591907
79.69463199320407,21.556521325631756,0.7937493400409253
79.66262434433854,21.529159178800036,0.5118350009011253
79.66738019770742,21.569834999506867,0.5828864885652633
79.69351854378702,21.54132696781483,0.6361012871937293
79.68059004119036,21.536893231763692,0.8848410541621117
79.70375040925296,21.570453338602686,0.5046220598723804
79.69913749891552,21.52300864138431,0.3506805378416058
79.71073626177939,21.54379652796006,0.645819491048926
79.70154956960015,21.5422002124345,0.6530619324220235
79.68579586464341,21.537088022454974,0.8809648748552614
79.70037799734367,21.574705259920087,0.5813124706397267
79.67652287045532,21.565055703611,0.7850756323087046
79.67837880992668,21.523835389851516,0.4358700247701538
79.70733910959525,21.562881246966096,0.4437166104129273
79.6867851709841,21.551637947987725,0.9484120460491328
79.7079028204311,21.57405207366409,0.5381291411118527
79.7093453424201,21.5387767370409,0.5076755690393181
79.71145374025967,21.554449719976574,0.48861323267971113
79.71499811415048,21.550045316484457,0.36613673319729373
79.68585911323079,21.549373654373657,0.9849542804752948
79.67913200909926,21.547366323971033,0.7545383490226624
79.69493192479564,21.532337768531935,0.5549048870716016
79.68227034540625,21.56534259534954,0.7522820274465856
79.69606445000801,21.547080161964356,0.6759928745976128
79.70233515175863,21.577510976500154,0.5604617067324515
79.70130430110953,21.535648505631567,0.46415162622673534
79.68247317322121,21.560964630377622,0.6173366573258193
79.67001161210192,21.576443024778346,0.4863678378103454
79.68583176030774,21.559807499380963,0.7717394515390088
79.66855564864491,21.572276374457044,0.42871068443677945
79.71340582211103,21.56964885758542,0.40055383976442455
79.68075264764427,21.54160706292934,0.7917801522076807
79.66926758483339,21.556007436396367,0.8392856427959019
79.66152686559434,21.529375680388682,0.36485915332274815
79.69874934317718,21.552131552961736,0.8538630394949116
79.69821413904728,21.53382531830886,0.6680258139496108
79.68043624999487,21.564624208897147,0.6077785028061391
79.66430271333085,21.551683505313527,0.5348882601541495
79.68457773369371,21.5446736417579,0.8502926949584643
79.6786730497038,21.536127825770016,0.6742228334913132
79.7006272383841,21.579921908910475,0.35519588797059165
79.69634675496717,21.524302631253097,0.45013731757459896
79.68187562369185,21.522613640834344,0.5991916175570846
79.67307355325529,21.533035444029633,0.6929119394501467
79.71928215796933,21.578264347517667,0.18982062247980047
79.68724009727177,21.578754290099198,0.4959744631344067
79.70129645414681,21.559295664086328,0.719201923291604
79.6684331780547,21.572806400032384,0.3961080494975405
79.68913538197957,21.532837703850447,0.8161718177775151
79.66165220319216,21.578322525650595,0.4320341013033385
79.69032730707463,21.528567091008373,0.7643218800422025
79.71784104442706,21.5260675112909,0.25060090165418564
79.68305240277914,21.526732692354837,0.7690303233027153
79.66233976075449,21.554387675396352,0.6739054964929381
79.66185734745515,21.566858464043083,0.5470698136803176
79.6832792055968,21.542000030672476,0.8284654180868453
79.6696014961878,21.578673759267165,0.3113820266448786
79.66140112577969,21.5460652082871,0.7574542927047866
79.70537281683701,21.529026913046394,0.5393614848343531
79.68751138053291,21.547958004891168,0.7145201609260066
79.67735468631835,21.560742229925346,0.6091445831929443
79.71400499098098,21.56993354683026,0.26016108154036033
79.66696833761203,21.547526097397395,0.7478685710145734
79.71735512973731,21.555616409562948,0.4584897923216301
79.67883800304264,21.53604068272953,0.7532391413003746
79.71330422033851,21.55875499158433,0.40689175473597994
79.69617657258877,21.57915831663702,0.45791570330497416
79.7096024415845,21.522943214355266,0.4066083219264006
79.71904078979263,21.57319184024231,0.1947892972423545
79.67730432626912,21.55373695016605,0.7515112811789643
79.71766812912445,21.535125919573737,0.2649993777518622
79.68336891369414,21.577293382600555,0.6342790047960781
79.68313071428422,21.549001258183534,0.9174623176509997
79.68042322625527,21.539901415100402,0.9511569175387202
79.69248445644085,21.53088985769625,0.5897059206067153
79.6692487025907,21.5346671326154,0.7730897448812968
79.69322268912148,21.569970942495484,0.6233263047732338
79.69250228874459,21.556864600559027,0.7473713894532257
79.7057141087563,21.5747947371693,0.34677344123462805
79.71001899771625,21.533918107129466,0.5527964087751132
79.68642648101874,21.527268314430934,0.7462019967406435
79.67813999496109,21.520365251858536,0.4340190044778195
79.67556009383902,21.550471722256958,0.7193679528640062
79.6716774302023,21.579898415822917,0.5082778315662642
79.66345885493193,21.561697916129116,0.7401086814303001
79.68054687873008,21.53850367551791,0.8632178935864621
79.67621486152784,21.57261151498157,0.5087118647384918
79.71798504315198,21.566903335959275,0.35150451677242517
79.693462529575,21.52092490996459,0.46391291084981123
79.68083662234183,21.56901162883246,0.7504858312649554
79.69482805605962,21.53803160543431,0.7961380316379634
79.66835180208074,21.528980407875014,0.6064259186844152
79.68664262495213,21.533579850384225,0.6537602641146935
79.69757405928526,21.548114788262506,0.864876970866991
79.68933386990754,21.54549207562408,0.8658430189666242
79.68410672803925,21.537333237962454,0.9181182999751687
79.71963090333398,21.53033309933242,0.38521620835583253
79.71281888572894,21.565733847378528,0.5293924245672168
79.69740435748956,21.579406587024092,0.5327735725852689
79.69416264167093,21.56666749482518,0.5832623278787836
79.69723962878948,21.53775621806029,0.8228074735078522
79.67207872646934,21.534688537684726,0.5457338544635701
79.68370826459585,21.533059952563956,0.8006912631717662
79.66236757197345,21.528201704469343,0.6487680739134257
79.68853276224921,21.55307983298154,0.7716254977709185
79.69258147503746,21.5563240223172,0.8094851054124214
79.6736649841662,21.562330159639785,0.7257913336235493
79.71784173082993,21.56081280225602,0.481020981106689
79.71456727665624,21.537539998677,0.5542353909341351
79.70332859412736,21.53981866032381,0.6463249154562518
79.69200319772592,21.56089087212654,0.8202324661352631
79.71219814957885,21.540966858447018,0.43323936981749245
79.66783914062941,21.532757391377157,0.5400610581439306
79.70743058765649,21.542460169221805,0.5453612226036177
79.66748924883801,21.53632504945468,0.7098256891711447
79.70765263975296,21.525298763273113,0.34446608409911916
79.67654605409508,21.5698083341366,0.6726024359338223
79.7126254348611,21.57118668334942,0.3674272617907296
79.71664252562952,21.533185018010013,0.48981485558159643
79.6689277581643,21.52388633197151,0.37831845922083057
79.68776053630393,21.56432964624107,0.7587615826670611
79.71885924268976,21.532691717551803,0.4224519064924174
79.68900444615839,21.54360612936621,0.9456872569484102
79.71181285135087,21.523848115134243,0.4544486289780658
79.69532389132787,21.533576175085507,0.7483370607316069
79.68251979447517,21.567574136699776,0.7908708067850634
79.67714701333155,21.56826378681491,0.6978133347576857
79.67219338546516,21.532425089493263,0.5981885509420909
79.70570789148266,21.5401548307064,0.6925341810543297
79.68319243040938,21.528054305145623,0.7166584476029676
79.69067652773204,21.524450357817095,0.5415825441734393
79.68953952880007,21.579530302866903,0.534507127906698
79.69463674175398,21.55933563707469,0.8266744133598567
79.71193462873747,21.552525790551897,0.6469651729745769
79.71884436061501,21.565929910024316,0.507942699634908
79.68445505251442,21.57040462958126,0.5706255521250478
79.70965113532638,21.568402886082684,0.4250479452024405
79.70587166767928,21.52099236695739,0.2974208897296784
79.69441173708734,21.53120847389143,0.5617274894994397
79.71736282861671,21.55929431812707,0.5280061179282628
79.6720284709317,21.542545560868238,0.7219195534006313
79.66655585261857,21.578948959063666,0.4697556567476313
79.71123771801733,21.559924287558292,0.5364089485177304
79.68634898899802,21.57739293452375,0.5942114936800815
79.71081813125242,21.53208678889875,0.36382821382108277
79.71358541231173,21.5718374216869,0.3281083617927949
79.66374745561714,21.539281138348912,0.6153981334612849
79.71300788577916,21.579373888494267,0.3037540606113733
79.68689914332217,21.529461320324387,0.8032797532390135
79.69062594934026,21.5509803891303,0.9125939143830119
79.6975955506656,21.567570672030225,0.5819117801144917
79.71558295640381,21.545958548836243,0.5683285370239257
79.66114696566578,21.54808504361126,0.5781402357664682
79.68861060809907,21.579181347730344,0.5645035129686266
79.70126332254583,21.545518489018068,0.5909958988813637
79.70336241746189,21.55624432603594,0.7042155144155254
79.70155194589222,21.52327237964051,0.45925877280381583
79.66806610776449,21.570532604812612,0.43075012467315843
79.6779637353023,21.55889008293877,0.7094038942056732
79.68152293152502,21.54424120617177,0.8079819629275893
79.70826623246077,21.52097017239727,0.47117430681787054
79.67672559234487,21.555500129235607,0.6731194237436398
79.67264229783203,21.52075946970905,0.5458754866544533
79.71744688114228,21.520072216834542,0.39508166390205945
79.6605317971068,21.55696591372896,0.635872789986331
79.71986925134092,21.531341024040074,0.44144182420481937
79.70060927793145,21.531513252983085,0.480119090136925
79.70970815796694,21.559196293949963,0.5377011723983942
79.67767716378077,21.523221831276363,0.6880591782416553
79.66085891666002,21.53880433368847,0.6183345668089735
79.70427217111369,21.52896591412852,0.5411213347614836
79.71004867582003,21.55481058218779,0.5972371671795942
79.7044285679172,21.559705909283643,0.5339167311735304
79.66857101723805,21.56326815121594,0.7049897537491802
79.70520567533542,21.535313873015113,0.6800255588418176
79.70613536692646,21.525354985098193,0.30631998162872787
79.6995124309402,21.524721019416514,0.6176419187101723
79.70596695596774,21.54556909290704,0.5145010968225018
79.71075528638066,21.576750664543763,0.36215960380624235
79.69681624685424,21.53306374205482,0.7432160402828272
79.66531628283818,21.535404496080492,0.716760479382419
79.68925766858003,21.526053328126352,0.7131916536478728
79.66465896008029,21.556334216433633,0.7878458387970506
79.68445258186195,21.56079237243683,0.7507598221705646
79.68442638934754,21.558575872489644,0.8394398226690869
79.66396059064841,21.571667814582685,0.46410876893870934
79.68092923203817,21.549185550101562,0.8027476142437963
79.66665988592747,21.528067422446025,0.5311863636718683
79.70849411260055,21.537364307842264,0.5970977919568288
79.71686128155787,21.55974579840528,0.4177653779650631
79.66433898851547,21.556787318424494,0.7423310770101635
79.71730691243751,21.551860187784577,0.5052305903894727
79.6913545959602,21.56097786512132,0.5860304470528471
79.67797394067723,21.558243451022395,0.8233511459816233
79.66461172451656,21.572879493367896,0.4699204090430454
79.69003745608423,21.555160982648697,0.7835140788304527
79.70767093266944,21.56671608152203,0.5798612662975431
79.702425188636,21.534922429357987,0.6034808046792504
79.66301356068783,21.560690955075344,0.7153995880804503
79.66437411012207,21.57413164710296,0.5364216963166397
79.68417239695796,21.54314393967399,0.8469144256512635
79.67771742964287,21.566746251240318,0.7475419788912598
79.67394305938336,21.563487358071725,0.5560408574761113
79.67686026993452,21.523571571812308,0.41644650761953783
79.70820896459782,21.554890498577443,0.4290147916267384
79.71575368321791,21.527811360952047,0.3631957388487805
79.68430616167166,21.578039150333833,0.42323061238577253
79.71436666012795,21.56868445016204,0.5444609673092184
79.67928974207487,21.526583428074826,0.6264828594961855
79.68858621918062,21.52730511985886,0.6668605034235938
79.67356173986896,21.555668431294755,0.7072811624667658
79.69842856253055,21.54069335045039,0.6388509439701469
79.71873886691048,21.522094351544386,0.2825841009920194
79.6962095857626,21.552498490469983,0.804732850988094
79.68146884504681,21.54327070598115,0.8237598797740401
79.69886904675943,21.526064589542305,0.534259166180499
79.66737524070793,21.568115223535358,0.6006215199195472
79.71331954481592,21.57490460591673,0.45000934342650056
79.69018503704679,21.565395636040847,0.5570444376432404
79.68696098452237,21.569345338600975,0.7177659042887456
79.6951518873072,21.532989434035965,0.672806634664441
79.69748703176737,21.535814377055114,0.7118326606335319
79.66430654837359,21.532511652417952,0.5255454566694552
79.7009570332734,21.565903805881934,0.5443692890824336
79.67451590081893,21.57687502473607,0.42167438207911023
79.7028371579504,21.563010232404032,0.7218220681996477
79.70935208766305,21.57288800589277,0.41472011244386886
79.70823751045315,21.558321945692988,0.6862820555072493
79.69315005804447,21.543259594033525,0.7714625707191846
79.69121019353864,21.545545696895818,0.7203911921618551
79.66857255768036,21.524519285930044,0.5251523656423223
79.70652076902418,21.52188743171476,0.27950646358401243
79.6762845628268,21.561728536251344,0.8556373177265366
79.68980172536908,21.54630573352067,0.9144141413057704
79.67705644557564,21.553132904083277,0.8861842578107915
79.66802970177997,21.553459674857343,0.7531039012149505
79.6977734618135,21.536642548799996,0.6900783454520859
79.66325992208937,21.548553550649768,0.8071454497338302
79.70491871404757,21.54824561330006,0.5526565321519508
79.67905520771566,21.543305633273672,0.9084367258655173
79.66000808158027,21.569240523004062,0.5071306152674666
79.69066774835423,21.547069840221255,0.956117866051955
79.66281111451165,21.556218671470358,0.7269993621750883
79.67657017346924,21.57373120722285,0.7070418299591679
79.70241858924734,21.571974017371534,0.5144379528464869
79.6637613772973,21.573425332226748,0.38672423402815026
79.71036030954136,21.5362002997879,0.49265396781732185
79.6602291953595,21.522098949298485,0.49064840440719987
79.67480943215212,21.53566400799372,0.807034341231929
79.70445424336913,21.536722440737243,0.42697240233664446
79.67897620898376,21.574561619603497,0.5535960151877315
79.66611354328396,21.55895456397028,0.577850862050842
79.68161403512802,21.524902237576132,0.7031285699179788
79.67622359718307,21.528122715760666,0.5222928164965384
79.71056271412964,21.52934056753252,0.49201651474908825
79.6788008750551,21.557825304890134,0.7223283208757256
79.70733594830656,21.56412484153042,0.4668280789268341
79.71351232868864,21.571578634633923,0.5210934184299518
79.68602904517459,21.57643819304837,0.4467708377819148
79.71459658863127,21.532102273443186,0.2954123038480584
79.68263908323779,21.53858634908344,0.6628517349409591
79.7178447049894,21.534419372844688,0.3957434666130709
79.66535737147153,21.541525694047966,0.7118350880443274
79.7012211559902,21.574879906445425,0.4137859461883928
79.68962884242741,21.554506754016362,0.8611712454257799
79.68325892832733,21.564291513839468,0.5881769493600045
79.69796271272492,21.549407154167607,0.8349968157651576
79.70223142549806,21.521731474800166,0.5448454176280491
79.66026179617901,21.52385172915987,0.5899567290793903
79.67001718532482,21.552275381876072,0.8827252395332179
79.70278276303806,21.5631273420892,0.5344952837523955
79.6999831248147,21.532919831651725,0.569456806752818
79.71796285030771,21.563314574439538,0.46525670890812215
79.70566226741505,21.56863994640901,0.37986901005090623
79.71704636246388,21.544713848701726,0.3781611212696664
79.70215243009208,21.564785153970647,0.45477823702620956
79.67788313251836,21.54424179701971,0.8103000837896277
79.66632189533505,21.5607010377673,0.6600310030405605
79.7069094318007,21.56583982295917,0.41419690765001943
79.69864895328855,21.579515597098485,0.2886315064493203
79.6628911607436,21.540723799723814,0.6934661788192166
79.68160302795405,21.544662446834476,0.6955122823815937
79.71740798892905,21.52993720356461,0.5203879932353856
79.69002406874262,21.532244383504107,0.6020115556063209
79.68596374816119,21.561603700155903,0.8018442815250777
79.68746197630955,21.575022735409267,0.5236776826657328
79.6725329634403,21.543676297099672,0.643651285217899
79.68212243025188,21.53079066681013,0.677387102813908
79.68218879535922,21.53710596996298,0.7797888944957401
79.66314130121124,21.547303102288488,0.7618873261614596
79.70605405771107,21.537439019761923,0.6290461724636507
79.68499026591424,21.53401474498731,0.605834572615229
79.70933079320898,21.564159069325424,0.39728102094257145
79.7110208800672,21.520470695274437,0.31641412371150046
79.67271964328192,21.552353831640186,0.6686304310059404
79.69944120893021,21.567626008421783,0.5554599174879029
79.68833690824978,21.53597369717905,0.8911651229968693
79.71280940427529,21.55619749063672,0.48596841152564535
79.67294444075058,21.560134006337115,0.7990146024775429
79.7006687920186,21.559301481784303,0.6954497240844919
79.69646512733516,21.54675097805192,0.8521778300787648
79.6777180886543,21.540794679272548,0.7138374431888482
79.66819605421907,21.57015544438167,0.6307369261955216
79.69909838562863,21.56550675741999,0.7117814911183429
79.70431584748793,21.539275310404832,0.4986145254571849
79.6789376406258,21.52618115166653,0.5604250533201349
79.69868995624134,21.52430845272673,0.6493748272297164
79.68370785445669,21.525656558673937,0.6874603678773161
79.70279241299696,21.55497216167152,0.5727675062429413
79.67195291649364,21.52309973054974,0.5461728302555118
79.71341290015818,21.540215612497843,0.4413741888934197
79.67724457578794,21.565191982114854,0.6891851926564466
79.68206715926537,21.53766088999092,0.737820814108318
79.66348551712481,21.565798484630808,0.49074414155210777
79.66669073273927,21.56472802229242,0.6589281335326267
79.69095171416274,21.534749627957993,0.7968927421089003
79.67605556060367,21.563729330805565,0.8184802351076522
79.71012881354453,21.564866598296323,0.3663121471423563
79.6608816033193,21.54384723554002,0.7080442347256605
79.68274564292031,21.53262522902449,0.6403986672831166
79.68024073280614,21.55127624841351,0.8199402859225806
79.66115965785505,21.57528385528001,0.5546091781978624
79.66746210394003,21.55837700394592,0.6666540376919436
79.68481856049512,21.530375349857636,0.5870157890934655
79.68957187506685,21.56096541548401,0.6411330665618723
79.68425738483529,21.545632181636908,0.8353090881334428
79.69185626070472,21.55549172784132,0.8572068771339347
79.69570790049434,21.564043842101384,0.8009671812702548
79.66059542926767,21.550896841090864,0.6993952283543768
79.68784570956721,21.568839038474398,0.7527255743592789
79.71780995445326,21.563329334758997,0.46727714328256476
79.69114193680777,21.55690440040111,0.8923022799281933
79.70065253604754,21.52904756894994,0.4207930251448771
79.67871183147501,21.57015694665469,0.7504070380768328
79.70643948268916,21.57615433511919,0.3807302683534788
79.70637528891257,21.52821790742856,0.6040619653156176
79.69127776285924,21.549294467766003,0.6817327458015778
79.71856082939675,21.53553332451823,0.45606047234039615
79.66753301288576,21.56527139844553,0.6803647913956394
79.66101685989337,21.56329777816028,0.6992078088393717
79.70620949270543,21.528453107234224,0.5622104173283453
79.70842933224189,21.572621636275695,0.390777067236595
79.66721243374724,21.53085838383868,0.6089814914388407
79.67593496997752,21.567835541538884,0.6057442199585088
79.661053141802,21.54741882157768,0.5306742639909403
79.67759851664682,21.53969633761349,0.7129403812214672
79.70638851243511,21.529494355760452,0.4058336906949298
79.69107763166275,21.530056855368798,0.6615965935811221
79.6808857355901,21.559713433282052,0.9007137146071371
79.68230435769438,21.553025823276826,0.9622881744191548
79.66008121754292,21.527325125299072,0.3426500929832702
79.67798803165391,21.5267618716263,0.48659594182744165
79.69878752449827,21.524338634486366,0.4314608988879649
79.71845166662898,21.564626040842413,0.30780448062285537
79.71082364961903,21.562712925113757,0.3541553518727457
79.66141569787872,21.523505859451273,0.417488418790032
79.7139136362805,21.553616204535818,0.4999267727310801
79.70699190479792,21.52508056931456,0.4659375215186715
79.70682256741426,21.574224746236535,0.43905031203167144
79.68747974554022,21.574427045150806,0.5040537855818277
79.68388031757726,21.561893979388785,0.8150476523411103
79.67817494372999,21.575571335286366,0.6323725527777633
79.66394169153726,21.56868718182482,0.48444666904156464
79.67369412180962,21.56971231455562,0.4796141017023611
79.67479621809868,21.554182471034196,0.7339736739084972
79.68904462418261,21.53836355189297,0.6607971534394308
79.7048466643958,21.533067946906986,0.5307421455286798
79.68842858970388,21.539632001322335,0.6831101570490143
79.66347066696683,21.557709725805342,0.617999528693985
79.71746738805929,21.530359392149943,0.2961562831296485
79.71656345914565,21.53551841419824,0.48406222702423873
79.7071113725889,21.548083651767726,0.44186377274816097
79.71947967409385,21.533983005911477,0.39323659809019545
79.69266893996802,21.555318620182963,0.6724797381257119
79.71776610101519,21.57539056170738,0.18731114852736536
79.664536302437,21.564885361942185,0.6900073036003067
79.68194084489568,21.559985596848932,0.8287530471737552
79.6735228760804,21.554963288559026,0.657872387391891
79.67174998504805,21.549276874555424,0.8289950149021845
79.66844817693355,21.53119383157808,0.6424848565737918
79.69734481849396,21.57368262732561,0.5023125212115296
79.70687931134484,21.53491216012077,0.5051201718761381
79.69469790396522,21.525478532654688,0.6710632448841164
79.66881776257529,21.56500091075372,0.5504054080877696
79.708667426196,21.53053693205987,0.4417886914977909
79.69815728242982,21.54231375997247,0.6552237957722424
79.68328994236762,21.52169709569746,0.6213285757212237
79.70044781773217,21.528224076552426,0.6652717744287235
79.67559429875456,21.530392217845595,0.7624139725599968
79.68071153250965,21.52326460766501,0.652641503236232
79.71504915058792,21.55939941739737,0.5861053067444684
79.67743027034028,21.570220467748186,0.6750093986342542
79.68819929608948,21.542398924381956,0.8862146374304047
79.71340846824376,21.57247458860309,0.5289182793364187
79.70246328101605,21.53280079447361,0.4201769182035111
79.66373219356988,21.539523425413673,0.6726007206439736
79.66883818265674,21.52904421958187,0.6568813616864322
79.6604704954463,21.55723355172514,0.7125863754825168
79.69785530741375,21.545192175452218,0.8390282193672922
79.68686040552463,21.556797000810512,0.9053652528904789
79.66805649105413,21.56570049432365,0.743886520623098
79.7174760472634,21.552742180961975,0.4396213507307465
79.69177958343674,21.557657821294107,0.6133697251066271
79.67451359764677,21.576115018863657,0.36653560723751644
79.69003621426928,21.53794385857653,0.7716682161676821
79.70077721996411,21.541549836318037,0.6448121747295518
79.66457435307841,21.563062201702557,0.5840147181162495
79.67648222890287,21.55667833102332,0.7601253917031565
79.70841792945303,21.530711974272382,0.6019033533917387
79.68757989222416,21.54256883860063,0.7733201137896336
79.69279462852194,21.54807028078748,0.9006129919141762
79.68596896013257,21.545163390278102,0.9579760046310827
79.66263399655858,21.530696488499323,0.5381316853633844
79.6699449867892,21.575465805507054,0.48143159465247
79.68673249832452,21.565739125701636,0.7699343704404757
79.67255112792448,21.54888134992647,0.8515385184096076
79.66299874171958,21.560803661698408,0.547116560714502
79.7106189798431,21.57383696032813,0.27831250478527914
79.71887155174984,21.528170448541694,0.287488626489539
79.7075885724398,21.535022383042417,0.4099853758755385
79.71122709530228,21.552562074835397,0.4531502276437051
79.67451862781903,21.56794062228114,0.564264799446108
79.71763761853079,21.52217529372649,0.38026507997458014
79.6718155422672,21.57904108901178,0.5972259026900891
79.7170857886217,21.547294396172944,0.49171682337656497
79.71968915763796,21.5415538684373,0.525262894642414
79.70270336834476,21.537563466270385,0.6934882311619447
79.71886862390751,21.53046140245905,0.43643348209365995
79.69417238677403,21.5674944345358,0.5947363794137484
79.67557250699056,21.577324849884764,0.4475007122592933
79.68621975313994,21.54481868529072,0.9385760815827733
79.69561365612273,21.577145241685205,0.5983183504422879
79.66438489372162,21.5694278569261,0.5123347423307294
79.69734059587704,21.54886306764858,0.5896237665180356
79.71887067020573,21.560441570747567,0.48085530104300056
79.67140645898702,21.546099050750225,0.7079550804794783
79.7075557069773,21.55352340449275,0.42186708572089937
79.71447392762677,21.52348278022111,0.4588855170802829
79.7166220955692,21.561775808518032,0.4171359284304347
79.71760813626433,21.523169478669047,0.3994241326075257
79.69128757832328,21.569025096815178,0.7437305244526964
79.71863847447949,21.569496815767632,0.3706411227419974
79.70543861242807,21.534224637253374,0.5439398882066471
79.66970028617422,21.539419766862146,0.6501301831566437
79.68861400638808,21.548878622713495,0.7721904085535707
79.70309987052232,21.55579977441595,0.7179543595537685
79.67484041894915,21.53724121970452,0.7283185885622505
79.69843691101293,21.555549184277915,0.5983900053425818
79.69999602874279,21.537867224393757,0.5269072222041128
79.66976198462851,21.523329443264263,0.5077301619144563
79.69390511874717,21.520151652989913,0.4752598577328223
79.70629761465871,21.526069063475106,0.5042715606686894
79.68993373987216,21.56753504200984,0.6411537283315532
79.66072618700656,21.577685878742997,0.3011372834109496
79.66054230814476,21.545617971956872,0.6131165487559291
79.6814217606382,21.550761037206996,0.9681076921524685
79.7155716441059,21.528810890144406,0.28688507255445145
79.67372060677621,21.553061881160808,0.8479567143121939
79.6980618213323,21.52867929412042,0.5979005675366804
79.6733245522416,21.556672859871927,0.8380633488213132
79.67930019937957,21.57599552005485,0.4257470187414104
79.71088252537609,21.531741912358182,0.5883272248734568
79.7037316865362,21.565873823083425,0.5752354177494295
79.66572395663879,21.5214101453691,0.5667829122131675
79.68572212125919,21.542529834479296,0.7472365539791626
79.66175018581872,21.52664491046983,0.5581880452515818
79.68885340879618,21.541148526495743,0.8815807953411517
79.69974604070207,21.530412215178334,0.5429321145157553
79.66711015741589,21.542398299407374,0.6649474848892591
79.67733309633455,21.54505136836645,0.8715678698263714
79.68387019753013,21.538035467366853,0.6634619487566082
79.71517186147936,21.559397316968386,0.5092670147953239
79.71959530092538,21.575131123075533,0.19026164736877224
79.66269467793974,21.544035722446317,0.5477812544522432
79.70566047540972,21.531540589388502,0.5657395671667856
79.68230344398414,21.536243365491757,0.6435945274149668
79.68354749117377,21.57124004940978,0.7517451701132833
79.70525589840082,21.55429838339621,0.7129674912460418
79.71510558592873,21.547300661938415,0.5000288847537282
79.71705571567016,21.528978203290535,0.4724727838810675
79.6946273551623,21.546983638499427,0.8875887516002449
79.68142726955803,21.53670952020144,0.6968801806309947
79.70725294515152,21.5765897876712,0.5067357974631027
79.67506008299574,21.57304420656494,0.469823893762481
79.69384444173001,21.52503415250969,0.5285264630894959
79.68151470769149,21.550999209355673,0.8630761175046109
79.69939786442247,21.53350350073088,0.6772753930090476
79.67442393477361,21.544646625371456,0.6586190257122694
79.67149557674409,21.572610879895088,0.4840696717127887
79.71509434520053,21.55165087119331,0.49334617585667906
79.66610822097697,21.540052917602246,0.6276160864832672
79.6903574744641,21.5324733012463,0.7691685662313084
79.67325116697778,21.56801949156439,0.6713616267940429
79.66233579779954,21.55747108092186,0.5341986666288123
79.66216112909748,21.548083927625573,0.5340771454653623
79.67051330632634,21.53304906123178,0.6921613285647058
79.71200622127036,21.540054782449428,0.47382062850988216
79.67694872463862,21.57759060560431,0.40148589668206014
79.71702755023452,21.55120539625635,0.38378798136433256
79.69489733757935,21.544041956874594,0.6993946823751758
79.68619685138613,21.5512853225409,0.7218378237277713
79.69480533008017,21.566739310353974,0.6395106145603047
79.69100190311357,21.540406536190172,0.8538892270611574
79.70552657522543,21.530722367255954,0.5331800793050321
79.67694976395836,21.55509616710034,0.9035820879881143
79.68118302349602,21.559912246208864,0.6653771834357427
79.71364565815199,21.56276308017751,0.4216546895564511
79.71678739078902,21.572919255445967,0.3883956752837744
79.71355349364919,21.542270447241346,0.5277449059451298
79.68516687963744,21.524521293773734,0.6420443414361178
79.70682193018041,21.577500915017854,0.4659782379374463
79.68858014399807,21.546100715646247,0.8725211057574683
79.68985239112877,21.557395450580387,0.657881488644096
79.67228080654344,21.559978319387696,0.7802573295680327
79.69546781819551,21.55279082252207,0.820975450150381
79.6711681538652,21.532315451784175,0.7984118192966401
79.67989388194403,21.565308583006967,0.7586977728122135
79.71130181209719,21.568225118458244,0.48857732724070746
79.67242454855266,21.553178535161045,0.7813313647907407
79.6642694971104,21.54931366963509,0.7843962871873844
79.66414045555676,21.526836290987678,0.6612510557722788
79.71644707123019,21.525037099689985,0.445078250758606
79.69041522627771,21.54037389073381,0.8130954440476559
79.68456472430901,21.538650769331042,0.6649683696745731
79.70865271486048,21.577219387057795,0.4546923310471095
79.71014955567463,21.567017364546604,0.5163102584781425
79.67993146198694,21.55959545771554,0.8604044990737721
79.70161708344843,21.551058885341057,0.5574576145778029
79.70626736895112,21.530042051843598,0.5417433499698616
79.69927904121195,21.578707400331055,0.37466808196279433
79.669095704488,21.542502441894413,0.8056613059521041
79.71255298501102,21.526415536146835,0.3238601183866774
79.69234567316416,21.549627933742943,0.8533622582113196
79.6769483455822,21.572439880696784,0.5175261534097945
79.68551369112626,21.57323746010664,0.42840403406291083
79.66225426542393,21.520657954963387,0.468935033128675
79.66767200807334,21.573177744685083,0.3949030016321585
79.70593280503095,21.53628905304999,0.6005407965213543
79.66000069808531,21.522338341838104,0.5553976001285669
79.68499394970894,21.57086741622177,0.755568110363765
79.69135061086513,21.57183200535929,0.4972690700229054
79.66327806520006,21.555773864790538,0.7310434920951406
79.71838468977833,21.55446602543778,0.370637745577146
79.67356751987498,21.568787216357283,0.7369735985453097
79.67825192317818,21.567178573162614,0.7529942971659656
79.67823655073529,21.57340632840656,0.4404446742566427
79.67382499972703,21.5531648468558,0.7637053854107092
79.66008842932517,21.578058825563968,0.3515094449021893
79.70376068764527,21.579768809856,0.4830185898759436
79.71801072998795,21.526992676599917,0.332374202525374
79.6734576089971,21.570972625573244,0.6390311423366992
79.6997828315082,21.549989335464915,0.7309768765456374
79.70451377961753,21.54325398029799,0.757771708314146
79.71090552274543,21.556784338592962,0.637560307228377
79.68535775182082,21.52335793343572,0.5427033222599543
79.67817585433842,21.550387667126024,0.9021377029250859
79.67951770804137,21.5722534342016,0.6888249544687797
79.7027572799859,21.532807690968337,0.6841471911447742
79.70900676799033,21.545583393686165,0.4209194926351273
79.67089683806539,21.576368853262892,0.43174808559450095
79.68225646048947,21.54571383026834,0.7906449054672771
79.71411641180495,21.541502057939944,0.44532662562848224
79.70840161118169,21.546432198887402,0.4621937477434795
79.71909150416575,21.551167165991053,0.409651073279377
79.70525489558092,21.557919480647886,0.6329182514564169
79.68359171206167,21.568041568055,0.6611139021034073
79.69543827003967,21.54712613234586,0.8111204192339201
79.69966085525483,21.569048856105407,0.4187887178475997
79.66470734897902,21.552023239681123,0.7890391439886564
79.69266981754623,21.540308830622077,0.8902602078334753
79.70255924970836,21.559477049687164,0.6478784742146415
79.67003927824005,21.563063335284607,0.7777829437152088
79.70683790304552,21.55348293853777,0.4697884828903986
79.69502636683085,21.523396898388082,0.6127654001257711
79.71713330714185,21.53019297250965,0.2678094899021847
79.66254533789241,21.537117863253414,0.5695692105873327
79.67591956825332,21.53695753635709,0.6955416298481187
79.69609323275799,21.56040524801481,0.714745174556554
79.67779359473235,21.521100919700416,0.4639958754820407
79.70286544984427,21.56534090662297,0.5959948780766988
79.70554031695131,21.535920548488416,0.5156090953240556
79.66615095784398,21.538601310772965,0.7679910792025442
79.6908312678524,21.551674589676633,0.848399118504154
79.69053343333546,21.53295553605634,0.6068404007917351
79.68215684621293,21.57306827881453,0.5313459016186912
79.71597549175418,21.525122126759594,0.46960827219713003
79.7096503791924,21.546662941738063,0.5079642829897112
79.70183256291457,21.57096533616729,0.5155657157451796
79.7028595981441,21.556950633665274,0.6706153035671609
79.68770296862878,21.537539770950556,0.722410369714283
79.7152596712658,21.545245612466587,0.3961806760378615
79.7016757256352,21.562401662820548,0.5916186842916084
79.70373886369934,21.578395644601834,0.3249244982122651
79.71170145422724,21.573588323102765,0.32579141646837473
79.67644429536053,21.540545968502943,0.6575316367687608
79.708424254232,21.57989187275727,0.30905157317193604
79.67171443617738,21.520210279811863,0.43193245133059943
79.68072051713469,21.521657785348506,0.676591114679477
79.68013662725619,21.56943043091027,0.6637302634075077
79.71871152810334,21.531967761209984,0.4620680277260146
79.71139223342487,21.523646156103773,0.25604450152155755
79.70207019169541,21.53422888439419,0.4692003204712832
79.70362340569692,21.54556600923885,0.7309967335787575
79.69372436766415,21.563833976226004,0.7108796693471713
79.71682544002651,21.55746013159307,0.33283571720983374
79.68977552517293,21.534257273053626,0.686458733085294
79.68283106259219,21.550196226886033,0.8601853444693972
79.6697821202159,21.57557284632391,0.5979736137154447
79.70717233913567,21.568900466619024,0.3390039519633792
79.70406663592453,21.539391387089907,0.6306442515894451
79.68306130231144,21.57893587368134,0.5550226791027786
79.66151160483756,21.562517224026106,0.7068900855752351
79.71033983966308,21.523746961340006,0.4939802992115403
79.66068507900724,21.522109642797318,0.36395014046612456
79.70222198677774,21.5301044769406,0.6055000985711383
79.71821542658357,21.563671352083006,0.46649426738305255
79.68625967968889,21.531024335550544,0.7535781016405323
79.67409840429976,21.55068920615253,0.8991327147100668
79.7022922606026,21.52559560721085,0.6130168898857131
79.70902768852093,21.57525316946981,0.2789180487475282
79.69278581896467,21.540637636815013,0.6415481977716427
79.71802211651537,21.574487923393637,0.42854034688306825
79.66310012329947,21.57669253851463,0.3605474240017744
79.69028773589827,21.52036771883882,0.3726864990446356
79.70310723683936,21.54784811123192,0.6187995520894838
79.71175842826895,21.52147936334241,0.4705192082443084
79.67075533671446,21.574521565978173,0.4032689092053011
79.70800020890582,21.551104452684072,0.61903795406992
79.6931624245431,21.52449664076191,0.4022138413980847
79.6837932209194,21.526616603696592,0.5017020699384354
79.66790290171474,21.543010541469563,0.6694944067371922
79.71191774553454,21.57641405157237,0.2446662643110346
79.66943639249078,21.561574549094082,0.7775208660148023
79.67858727155254,21.572057131971345,0.6999170877702057
79.67740273191774,21.5419873987804,0.8835212294922203
79.71228484205145,21.522592821973,0.30091615009512973
79.70036217965253,21.578459058232262,0.43891262329838676
79.70780088383148,21.521030379439743,0.3056089151954001
79.67502807392755,21.576859099184865,0.43904385504428833
79.69749244597642,21.54212064543095,0.7192892833439438
79.69430475898862,21.520605424301312,0.5602486286035704
79.70996982260729,21.56134943390347,0.3737230971198692
79.71436522362887,21.57883241824188,0.2786546999267684
79.66072940628864,21.577937543370254,0.5338004369164097
79.70044119514353,21.529656220672145,0.5360115231783475
79.66311014794718,21.53087486836397,0.6773700021299833
79.69293151990463,21.553932334877178,0.9249999016011158
79.67725796374262,21.5582382895857,0.7883103078286466
79.67840659597132,21.56436507481995,0.6459317793501351
79.68117751020714,21.530863021628328,0.7730684188754535
79.69727754694297,21.577540425205864,0.35963701588134456
79.68004299794012,21.55832435537735,0.7176999544651816
79.70396194303541,21.57082281513223,0.5709643458554106
79.68427164313442,21.55240394291705,0.8206138389714319
79.66410119201859,21.54485661085539,0.5759455785079175
79.70702559054905,21.578630974395697,0.4318130196598975
79.67714549947556,21.55492728224919,0.877991841810891
79.68596601277595,21.57201241496795,0.4820346096154614
79.70112663299331,21.577197543781974,0.37365338465424935
79.67994736942892,21.56052127762052,0.6831441240328753
79.6633951393688,21.55293632071112,0.6168180155062708
79.68243526282076,21.52021065105464,0.5960625079700521
79.71666691496166,21.52240117844434,0.41032153199114363
79.69850406383792,21.532051072963068,0.6555924294291069
79.70028874892003,21.53116050591136,0.4282390815748711
79.69793692921826,21.53528552771199,0.5427144084788504
79.67193952833756,21.538296078261858,0.6449869795616858
79.68510003184613,21.541603929613043,0.7496639311857497
79.70505638790179,21.54523226140413,0.5067206312808038
79.66608237385319,21.52593198030736,0.4929458069940723
79.67667116656538,21.522541715917168,0.41436070209515
79.67657914650795,21.56043666694438,0.8269126811762638
79.68592113565566,21.552240089490585,0.9232575457353023
79.71882212445654,21.546648652133207,0.43659192595852103
79.66405015280102,21.5580663964701,0.5120139575527217
79.69112205966283,21.56966076443221,0.7277553065890467
79.67076188092074,21.545661574546973,0.9029842595413893
79.71824059272458,21.558467167903117,0.316900863055957
79.66679821028364,21.577214333430106,0.5163148848635029
79.6842160601417,21.57037746975169,0.7263075214380874
79.70427309909007,21.545560048630144,0.6381388040027886
79.70227326568164,21.558683010268883,0.5696910134400012
79.68536371821364,21.530624255314954,0.6743152073548513
79.68079145007717,21.553631331093705,0.8364617056824869
79.68385674271317,21.578879697468306,0.46070190211700174
79.67585657578951,21.55109890691215,0.9466068922651549
79.6723199763224,21.575658297951406,0.5820272079949596
79.68898238185353,21.544440095230193,0.7403243379224368
79.67611202536405,21.579930689631077,0.4912041769965527
79.67724769989383,21.554753202113652,0.8666236625754496
79.69940536380847,21.522536139654157,0.3728849653665506
79.718112239902,21.55520528780148,0.37377606014955567
79.69621823203356,21.536474361740776,0.8046906290694085
79.6646187680239,21.521948879322153,0.48067763710685474
79.66453501683124,21.569251198281677,0.4454459537077261
79.71708539325073,21.536543778218846,0.2977384726539215
79.67783744741844,21.567792913242787,0.6610540938193998
79.66552401916495,21.53729305497735,0.6543050096760077
79.69594267522902,21.531659581232425,0.5793269434001982
79.69741892669741,21.578436134446264,0.4893057693689634
79.69891028920712,21.541698719665302,0.5628311853802871
79.67604412167145,21.556082572686588,0.6853809678517168
79.66090664105286,21.556598889568868,0.6113373050257735
79.71790092216726,21.553628408930408,0.2903702889068083
79.67505358274147,21.57488174461127,0.6479791511240149
79.70056157728315,21.560466464282012,0.5245796657034452
79.70239779219273,21.544223980246294,0.7042746006459064
79.69660044502477,21.571742823071453,0.509180874247277
79.67877444365281,21.530863773946958,0.6497217995158893
79.67626577522584,21.552654205456623,0.8946193686976402
79.69586009696216,21.577033022316623,0.4765500406275389
79.7119657380167,21.557523857792823,0.5558615029228995
79.7168040237354,21.56901810702849,0.37705866993394743
79.66635434826422,21.55921364353271,0.6862207184547859
79.66928971675586,21.570362251812274,0.6395819912964686
79.71668417552698,21.576669272790713,0.3695811489484465
79.70419211370009,21.536375303651962,0.6124295248733485
79.71297962948978,21.5301796648754,0.5092010002366165
79.67215795804812,21.54903944501995,0.9193742403229345
79.69525515226657,21.562111745609453,0.6427130903949183
79.70206837566505,21.533631475190933,0.6045142362015918
79.70080671312682,21.52024608702581,0.3200202092231564
79.684489101452,21.5405761069502,0.768249889524067
79.66092369350147,21.578131560128064,0.3789892438146196
79.69497556340825,21.561698047636348,0.7879843250785713
79.67518609235077,21.544079526636473,0.8077042670458193
79.68701525476857,21.53155456584081,0.759558158862534
79.71745486090502,21.541365380425283,0.2779593962987189
79.68394211905854,21.530190365998074,0.6654568598843248
79.71038809639987,21.526378349278776,0.5418488506287819
79.67131243634495,21.57440454235435,0.43774984572308484
79.7003476298815,21.57985902030253,0.2765883258305476
79.71862041726634,21.529846866375745,0.3475102370704529
79.66611358605238,21.523271353532696,0.5490031264676201
79.66049919653362,21.53978386642877,0.5722331172737027
79.68601496755795,21.547699550845685,0.8316149106650375
79.66555752898307,21.53228927482455,0.6407949506855453
79.70490306098057,21.538085494707914,0.5067928407378948
79.71487291983091,21.5320522441415,0.48929467967126017
79.68604125836252,21.566455634105946,0.5787508977628484
79.67552269852932,21.562754676594835,0.6846352437929245
79.68606419914039,21.558097090945658,0.8401751178815926
79.703406869071,21.54323307142475,0.7309370901331287
79.66054324969483,21.574542456478852,0.5238138360515102
79.69536723936908,21.5781719524921,0.5314314713596666
79.69679750109324,21.530418358757522,0.5622449556150889
79.69826129481375,21.53338075848471,0.5117931976231763
79.67452132479885,21.55153786168002,0.7198531249229745
79.70284316340269,21.525475034156933,0.5948435743261746
79.6654834891799,21.546186903929385,0.7976625809364756
79.67195622018801,21.55490747588666,0.8974818414754427
79.71264820279927,21.55132441426824,0.36853803353063885
79.7043233890436,21.53985451498468,0.6117678947597565
79.66082473324067,21.55254674836463,0.6578024431671716
79.67490257562218,21.577528057255527,0.5578318886216092
79.67286438897959,21.53236104425748,0.7091904047861858
79.67624837968222,21.559289881503638,0.8437717517190848
79.67485358621678,21.522603801649364,0.49310694740336586
79.66375157774456,21.523984984268886,0.3801145557336544
79.6875364309958,21.553109693453415,0.737048455623232
79.70396400848716,21.526296350819678,0.33697710534096914
79.69640390348304,21.52134080730561,0.44207419871729275
79.70037230011589,21.53029077985888,0.44293233510871455
79.66486895071218,21.553890950259973,0.6183636014798766
79.7170894426106,21.562200457271135,0.44354964279198317
79.71030951003058,21.532148713848482,0.5837392788385464
79.70830541910973,21.56009556623249,0.6278300518314867
79.70937902830251,21.530948579865953,0.39316479943734467
79.71596263048797,21.556807445597876,0.3282828433956101
79.69265523796682,21.544717580793748,0.6949372655471098
79.67201692107206,21.559227970560016,0.8680610437572501
79.69700701647115,21.579703165148754,0.45237657577506574
79.70457288962008,21.57626901791395,0.329704841948576
79.70427504360124,21.520256905470166,0.5217273821617063
79.69128694145002,21.573126325861736,0.5258559779066787
79.66410752316001,21.523989447710484,0.5991769376263496
79.68226677630581,21.577182795169588,0.44406886705411724
79.7152459965078,21.53690954074598,0.40141720672333225
79.69506693458544,21.542922089824675,0.7520447465284026
79.69229991659535,21.525498292310544,0.6889378496674725
79.67613121086293,21.526736365499733,0.715089771071078
79.682106935195,21.563604433913756,0.751919919657947
79.7137207653492,21.576659934144896,0.2724222750811238
79.69998778285161,21.55664490969726,0.6412515953653193
79.70724322160514,21.56295100093161,0.6630129208903102
79.68726072538405,21.565718184675827,0.7223627785760307
79.69781483316737,21.535768856473176,0.740997448932448
79.6749030165246,21.522713777855213,0.5220883266233923
79.70232764981701,21.52011236463515,0.4416264362666671
79.6856560800222,21.54103895697724,0.7905155857348122
79.68655273088888,21.534487853691953,0.7951568199402244
79.69895933947461,21.52373906350295,0.6044911120630425
79.71617683728813,21.530771697549618,0.3960811692344507
79.66384038079651,21.527469933896075,0.5106665841838148
79.70948459424082,21.57489270283704,0.35072225972686155
79.67754298662473,21.52841603280755,0.5401662404318721
79.68663516727038,21.55225890783926,0.9658036676117432
79.6613147997265,21.55558635730673,0.5538754624942518
79.67806276467006,21.552609367462516,0.9173157431477926
79.69015787455781,21.52594338605296,0.654304184599634
79.66337056464084,21.539127901705033,0.711576322757613
79.689465743763,21.52307621994779,0.6796467327632291
79.7156266377315,21.54374019484578,0.48755603996121
79.66632359308646,21.531315935876293,0.7069194442226809
79.70586644368453,21.553697951997062,0.4953393213365929
79.68458026320256,21.561568503630944,0.7944726850683512
79.69931042287146,21.551927191612283,0.7850147192460455
79.6756141958791,21.546054201796682,0.7467050532710621
79.66956953575247,21.543240005251402,0.8101300814400738
79.66962775685627,21.57050150608582,0.6458514527244446
79.66422951673859,21.533162083903914,0.6824856579695716
79.67113880229407,21.56405310037173,0.6062226942186149
79.69985316309933,21.565448939484405,0.6439270900657545
79.71290143671061,21.545152000436243,0.43206889294303685
79.70884754113547,21.537838035953538,0.5937716203902615
79.70110805859247,21.548232489162757,0.6693498725584628
79.66662591180466,21.52559283555356,0.5497749215217614
79.67735124677776,21.522755801933744,0.5221955240308708
79.67858841251935,21.526696191967112,0.512181343231227
79.67499741678385,21.531228701887734,0.569451031460086
79.69090033958258,21.55025060922028,0.6845586354245675
79.69213322889277,21.570948198169667,0.620622215741391
79.68141315851027,21.53413853991998,0.8394590842797468
79.68122734952418,21.576109720644805,0.38790468676181133
79.70971333587437,21.5772944745361,0.24857456123489363
79.70735757089918,21.57753427629071,0.3804832852557376
79.67846774990085,21.57025376408058,0.6904217950677223
79.7148273066324,21.54182950244786,0.3538085746037053
79.71716890102014,21.524361034660156,0.28415789323803353
79.6796045525218,21.554129123905987,0.7456689758337505
79.68126549692758,21.553520886636232,0.804160217811668
79.69033804920531,21.570998546026573,0.5121207124234202
79.71646724875202,21.579759463056764,0.27965068410484706
79.71257916598854,21.55048943839361,0.5662424434681994
79.66615407775501,21.540712241862387,0.7089758837368265
79.68356384459628,21.531154102693375,0.5657843752548769
79.69320227138499,21.52028798948904,0.5325211115249131
79.69018794835308,21.550546821549332,0.8099815358246913
79.67163178407621,21.553331120002156,0.8975351351858434
79.71152900627008,21.56949630878904,0.3579489707218757
79.70061644697981,21.550274618073566,0.754920964315317
79.7102745024911,21.574988100919963,0.460977750962546
79.71152585676097,21.557685008594284,0.4100353865603024
79.70490135121995,21.570420174293265,0.6011616527929674
79.68635263607499,21.528898104088466,0.6485337855611809
79.69663280530092,21.571320167818136,0.6009174524493415
79.66962192436718,21.56050863126663,0.581003452764168
79.7004187250485,21.5302139819463,0.4913489892244705
79.67075519534436,21.53138581348876,0.6600764750905368
79.7016369754306,21.575590037142653,0.40014391451027714
79.67377588964524,21.521932921627023,0.5202061121451674
79.667053078009,21.54775209659774,0.6787198694528747
79.66991706940857,21.538808517396046,0.7523292508345313
79.66011952811314,21.559904646399904,0.5609611361470725
79.7031243770712,21.57037776325414,0.34998129526904453
79.7039440629435,21.541622687293394,0.6614532913856066
79.6908960009948,21.545614125239368,0.7841887334592805
79.66968176806331,21.578915067070085,0.4042744067281705
79.66501326025063,21.56703499058075,0.4392187237939504
79.66114773798624,21.573832247855904,0.36456576060050816
79.66994489061791,21.546325733239097,0.6718018119579829
79.71345133209898,21.534044572239047,0.5710483212882036
79.6744922105021,21.544711807923186,0.7802492737080668
79.68125627963303,21.56296551506989,0.6002770280773239
79.66632072906887,21.52656582429016,0.4214901270397741
79.67334167828488,21.53622814633699,0.5929938464822647
79.6911534742468,21.522798154027694,0.5637547835370876
79.69646516098574,21.545940864300288,0.6513296993901809
79.67472113884997,21.569646744158774,0.610884379878869
79.6634639295535,21.52147982129788,0.407544734785137
79.68346197214764,21.56051941160843,0.8622706762702087
79.67405220225558,21.575949752470823,0.45965717534913925
79.67317323539379,21.53421567169067,0.6806151128774026
79.7175917681628,21.56161809044366,0.46852622507569575
79.69697802915555,21.57850611406601,0.43188396980151084
79.69341270659032,21.577736683609146,0.5685794574253145
79.6849465062114,21.53409575158175,0.7817789805836688
79.6857366600058,21.526019863192722,0.5796288420284799
79.69245430023028,21.528896952273755,0.6217028459336429
79.70178578842217,21.562122140108926,0.7404118891190424
79.70212876577091,21.563545532527193,0.6305118359315511
79.67030163446232,21.56045419369769,0.8170709480043583
79.6900067651246,21.540164703264534,0.6842821000823726
79.68471748570204,21.530186616385485,0.670070682653694
79.71223161797616,21.554845665517135,0.616737236464385
79.6978851352731,21.549020826745473,0.6759008824069003
79.69195024398496,21.56373004882734,0.8307220981417602
79.66692367853074,21.546481604721137,0.5919074347606887
79.6963382733594,21.54031838168119,0.8378768921164939
79.66703223434081,21.53760871464154,0.6465150799582731
79.68023239453395,21.532688219202985,0.5837556971842437
79.66857051788885,21.5359447825712,0.7796568759456967
79.70152441882146,21.525689826330645,0.42573168201108585
79.67237512683016,21.540811420655732,0.6117803261950031
79.68351156239127,21.52219418874178,0.4384474551398224
79.71374048665713,21.53118483082998,0.46841529856913044
79.67225898300393,21.564806226677163,0.8062455376901263
79.69046830383752,21.539528139320595,0.6546252166883672
79.68515629966996,21.56009422101864,0.7623541389628805
79.66108744246274,21.563013050535837,0.4577475641657184
79.70756548681436,21.554871120563927,0.6375357675628757
79.66414275437887,21.577521864481923,0.3189632841494292
79.68845530125861,21.521286391997386,0.4469172070139595
79.69364069769634,21.564319159035286,0.5771983720556799
79.69770558739687,21.577527198636425,0.4751279956798672
79.70131789775847,21.571736303761174,0.6127980266056099
79.67519634301136,21.5300735615083,0.6536540156763057
79.6605987265995,21.5396092183751,0.4538095326278231
79.70340661974129,21.530347110392587,0.5506584772261716
79.69213939596085,21.556078501828882,0.8605659274697718
79.71016706219244,21.56273127891877,0.37354615032709637
79.70928330177404,21.53902442616178,0.3942698711572825
79.71059957006727,21.552370394439055,0.43094970958251355
79.68910567959877,21.56145523420427,0.8139099747775025
79.68001770375021,21.545280388996662,0.8658163491340869
79.70749349215548,21.571240931827326,0.4588822557530545
79.68707764678176,21.56629299611727,0.6068634647007431
79.6710065317842,21.523879932631033,0.4816016231782053
79.71129844117368,21.557267517945448,0.6383544615747537
79.71295359260634,21.534119533057584,0.36888858112824885
79.68797858536841,21.553451095880035,0.9418889784485482
79.66454198363859,21.577413306557975,0.4616122949039071
79.68326956539501,21.572743720273134,0.47287097193011884
79.70821225956776,21.544270984186905,0.5501556069656623
79.71410644171277,21.537490831500662,0.5844437978139906
79.67220836454985,21.534064344664493,0.6581634721664098
79.66401841672152,21.55195089218539,0.7747156294546342
79.71264102718797,21.52685490719548,0.3308349066384508
79.68336429633872,21.552956500487692,0.8601698095155028
79.69250565785605,21.52008001836945,0.5948450170934598
79.71808394872305,21.53943097784475,0.5358815769171332
79.66399388367485,21.533196058829834,0.5762887573234214
79.69889908044712,21.578273127397644,0.48510174799729366
79.66444632535449,21.5636345391742,0.4421127653810484
79.68252813570798,21.540979202827735,0.7415200209358789
79.7082288727116,21.525570705191836,0.3688727801077687
79.68600833396533,21.551008035681438,0.71897483649532
79.71983094123418,21.53280687287956,0.30312902269396913
79.69354355709679,21.5521857727539,0.7253428897302132
79.67926972915815,21.57012174125073,0.7642414871948084
79.67320667955428,21.556947553126083,0.81061575126284
79.68103123205717,21.5580273051727,0.7755018190148482
79.68235199642557,21.55246181734377,0.9876352702851262
79.66412282066344,21.575635937957884,0.34974570726096277
79.68217445196561,21.575914161065235,0.5281402067906719
79.68785431118435,21.55076339206441,0.8769285331887893
79.70336426513433,21.53834556922861,0.4714005379105638
79.69940376908329,21.547575220352766,0.7713530492457533
79.70252593931374,21.531193474731737,0.4307104111930893
79.66050182091261,21.558180658919085,0.4740585244407332
79.67306004397483,21.550005540146934,0.6916577014832914
79.69970105730398,21.526198028668798,0.6517505141455706
79.68903936209078,21.531858866867175,0.7406196867578925
79.6603188085401,21.54877791737197,0.6571156727287538
79.7082696785459,21.57325533944313,0.43871279727720086
79.70636857439742,21.553983443237865,0.523921102146895
79.6929051497796,21.560892100012506,0.7535812622364015
79.66398779954658,21.540341712984635,0.6147238954381411
79.70599090297195,21.554284683582654,0.4845424674728682
79.69502281526388,21.546842789358283,0.8230419741300516
79.70691759862947,21.55954779475739,0.43805904407650303
79.70510481954375,21.52303453396474,0.3471517251593058
79.70818012431747,21.549598012974336,0.6615365053954232
79.69108048398428,21.537759557508636,0.7962472740970938
79.66841947109161,21.539571103676675,0.7373565666101818
79.70026944840278,21.577655045893483,0.4168237576418605
79.69722842710311,21.530961688762684,0.5760173988051113
79.70453519123194,21.538674715154716,0.6469984912746347
79.67019286036304,21.550593554543852,0.8307602749584462
79.67169851199401,21.571781616888977,0.5632186230581546
79.71342457103316,21.54500020499238,0.6238127137294731
79.70499866790712,21.56463191685329,0.6718652778830527
79.71449370932201,21.571382445892887,0.3556000438786727
79.70552291926984,21.538600981349312,0.6710799579588602
79.69582931835942,21.543565011012323,0.7574791813874796
79.69924796422167,21.5413933734213,0.6890476723419141
79.7133476754364,21.569971348517075,0.26715832521404625
79.69472840527071,21.522660811717216,0.5374825344425491
79.6979434794597,21.53850526532972,0.8016458782312159
79.66938860296021,21.560764513455705,0.765909321319294
79.68843527320696,21.55392660997392,0.9018093111824773
79.70298382671749,21.54617736155762,0.5461985813718538
79.67625656189898,21.552396893633283,0.7737435579178276
79.67213525083147,21.5318550751497,0.572930430830841
79.67882960849346,21.54584299729648,0.7802987012525202
79.67449003767956,21.55010217905058,0.8318235509126624
79.67289475822218,21.574071347317275,0.4940930770731597
79.68549105057208,21.535650109768238,0.7713687094086643
79.71447031083301,21.572069710129895,0.3594951966982694
79.69042357880431,21.55865448404956,0.698989432828278
79.67127522284892,21.521220449864057,0.3755492522808733
79.66461830016284,21.563477880213963,0.7125379614481
79.70176936870827,21.52213311265294,0.3112633970740555
79.68296792586618,21.57984286760883,0.3274054939764773
79.70930985679512,21.57235820126147,0.5182975169539392
79.69957064611845,21.537840624852404,0.8031289164439117
79.70777448703248,21.535444673811803,0.5893825325733172
79.6763167623651,21.542886464926337,0.6603710231115272
79.70154153534766,21.541370017918865,0.5697876186460131
79.67584371908163,21.54234026910312,0.9401309027322291
79.71634410876702,21.53909659276717,0.5213858603539676
79.698182456892,21.557268004410897,0.7110081149893657
79.67947070801051,21.529855819823236,0.5874559512223203
79.67617071173753,21.57075887754676,0.4562368877192895
79.67145559510429,21.568744149041876,0.45796985734287465
79.70167845753362,21.548588992471316,0.7051358628302647
79.67312293677988,21.57116379791671,0.43523895590288675
79.69571819595565,21.534828704201818,0.8184283669587351
79.67587810161552,21.521053927342237,0.42159336463462127
79.69971813668764,21.557152475501788,0.7337865810989896
79.70889638371243,21.547474564417882,0.4511766987580858
79.70668151458868,21.55402987277775,0.5930080278361864
79.70565107985584,21.5739603645411,0.3126186377737377
79.67126334434153,21.578195534413954,0.5491060306543563
79.66530309681907,21.558067188385333,0.6785564271686442
79.70193692970925,21.565843335391143,0.4365653235166363
79.68210083282766,21.525028506009228,0.6976200774512944
79.68594077358419,21.52964293509349,0.6781501764022875
79.6618689455676,21.56399228829718,0.6813722070926687
79.6755745869565,21.54588192738328,0.9393494693380955
79.66202058423247,21.546757916224262,0.7629026186301116
79.71275114635607,21.538516460898126,0.3452629393423416
79.67460380099311,21.556441383008664,0.6635604333110597
79.69344023017437,21.53110990272497,0.7908106556092283
79.66233875923966,21.55761497675883,0.6092736091743494
79.70001084347834,21.530427931428115,0.49245038947803305
79.67938164074525,21.523829562082582,0.6508191734237723
79.71387515121747,21.539821461321942,0.3917405859202642
79.71328709133604,21.53386842052059,0.5095245531772902
79.67951743710171,21.573339498313377,0.6738065972239387
79.71405765374142,21.523297207232115,0.45464994969495764
79.71976946040992,21.530596821554447,0.29332833559535254
79.70952493984744,21.552923176334982,0.5103272867742964
79.71069228086532,21.548864031450847,0.5009486268446763
79.67494052416654,21.52275112110248,0.5352393516668439
79.69460214393146,21.52043514568091,0.3860422639051323
79.66403535483803,21.579284076517666,0.40035412772039036
79.6656950762093,21.559530082021528,0.6499052411192713
79.719933556722,21.541924367854094,0.4048904915613405
79.67959835496555,21.548225934859794,0.9393924458720174
79.70489103472293,21.535993007227255,0.5701558688905464
79.7083999031816,21.540692427021593,0.4629743699658566
79.71148139626044,21.558942668036092,0.5372858260025014
79.71985769784413,21.57296870793204,0.42391881727234815
79.67448978911541,21.53104780138487,0.6058194591556065
79.66242104961158,21.57042169032312,0.5393579497018297
79.68467149107967,21.527293397771096,0.5229631877401747
79.66780484018973,21.532899533415303,0.5753529962240187
79.66134555334972,21.522230517282978,0.5603553380180851
79.68162560962848,21.52844871172558,0.7715448298090235
79.70702429506451,21.57503818872784,0.4397080985774716
79.6939708414735,21.547566324797103,0.8407433216070196
79.67876667935262,21.5246599517067,0.6878033448246925
79.69926052032956,21.577583610282336,0.5863781212077361
79.67392109081852,21.572739538465516,0.5569944078616575
79.66086288676432,21.565280951252088,0.5486660756449019
79.70586120318619,21.576008367516852,0.3922489139865394
79.69742458509184,21.533207765250147,0.5041616313608686
79.70573815747005,21.570182157580604,0.4508504581445355
79.66233628100126,21.561399471781257,0.6715354604141266
79.71022717766984,21.57218555497406,0.5048583705799001
79.69717157200218,21.567814693944555,0.706734813739061
79.69380372104276,21.540789703790608,0.6160757590710659
79.69747684288687,21.566463912221035,0.6113957967925907
79.7118659948121,21.535747378179092,0.35155913011200035
79.69521619039354,21.53971552978168,0.6360195814073325
79.69485702279329,21.526474343033378,0.6878949497607045
79.71944074942394,21.576104596958828,0.3233117869100895
79.70540381002411,21.537460201804016,0.6463821543095312
79.68653762832706,21.551237347910288,0.707465068947346
79.70244382000197,21.54347997018797,0.623562923686627
79.6833538283015,21.577595687235007,0.5619495962157189
79.67373252774901,21.54010295025631,0.6528021256956473
79.69581111261326,21.56671274928536,0.5642725685574926
79.71569092588683,21.57132496927787,0.24176846813822273
79.71574837120093,21.546136389848858,0.49793207650237015
79.68051431668633,21.542690308867176,0.9670030031968045
79.6916606479733,21.564864749255957,0.7753816643855236
79.67269815391418,21.574773758818374,0.6658393247766332
79.71973786656993,21.56529590398433,0.47070918816939095
79.71886707447207,21.533627581935512,0.48774343148571264
79.69897053578245,21.57329846484626,0.5256230688355169
79.70826484358065,21.543254900046207,0.5615512116103579
79.70290600967702,21.554573764706674,0.6099969896694969
79.69558949314236,21.56988613715756,0.6708442298809592
79.66320087981933,21.53130368604403,0.4558962172383083
79.68728586055316,21.56707060814065,0.5361963734496306
79.70048717813005,21.55576976787464,0.802886263189855
79.70065189683302,21.573600498509656,0.33609367250178035
79.68238735710534,21.530318224110612,0.8215340240751503
79.71650151919948,21.545240934222456,0.5102743203647864
79.6700414219342,21.56997058557201,0.5215659284697974
79.69002156677293,21.521153902207406,0.5769437229038326
79.70145303859304,21.52673208200594,0.6081931334007646
79.70182814835351,21.579433912765403,0.33620037125823843
79.69891833740613,21.53682365071542,0.7346663916144511
79.6765172928071,21.578532591623436,0.5773379636655648
79.6693723941212,21.53095189306052,0.5400727834730297
79.6981564196096,21.54166566658044,0.5651492369740246
79.69595812696836,21.565172166670212,0.546336309428834
79.67076136061735,21.55946670443429,0.6210293097007791
79.70230834873423,21.554867343995742,0.5155373123226157
79.68731031950402,21.551793950548298,0.9004417986632682
79.70006563549619,21.570606426619882,0.48995955068547414
79.71024202478621,21.534096913770004,0.5950017941915637
79.6701837057146,21.54654825561961,0.6839251305102736
79.6611486920798,21.529327137529386,0.49333215388578827
79.70674615518375,21.55575649574384,0.6146409386970202
79.69658184550916,21.535032665456278,0.7763680230831909
79.70197837417733,21.5400305238606,0.6442590574483039
79.71028929849932,21.54827504299741,0.4952309226282614
79.70816865608947,21.521606235142187,0.5124290075278295
79.71765520881573,21.52551627615525,0.29793936251103836
79.69215610473113,21.561155753242492,0.5948586751133923
79.68930973795959,21.54573819884305,0.8043930134834378
79.68411323199344,21.571887413319992,0.6848243164091661
79.66922146257065,21.56168032021865,0.5293675324212888
79.69435643397291,21.52048605649884,0.5136240049816272
79.67662075145955,21.557002739846027,0.8164286965926757
79.71527845073278,21.525623491963582,0.5021856031995412
79.69499144825663,21.566855990787428,0.5581242523850816
79.69557041083048,21.579490461296707,0.3811274647485055
79.68129547965262,21.55187192765449,0.8244791047856366
79.66311936111866,21.560966770011646,0.5559080312498932
79.66190462592238,21.534238849653683,0.6346467504257838
79.68540010864919,21.546255864625227,0.8853209216039775
79.66507392268583,21.57136571993418,0.5885319972214682
79.6964108173324,21.530045376864773,0.699416919379859
79.71285838033837,21.535932136336825,0.5847465546782425
79.71297488899113,21.54672602051716,0.4710756745539657
79.69954272460794,21.56273493351064,0.7683846911729293
79.67267390988837,21.54255303728774,0.6854462049436989
79.71177980988153,21.575663936786977,0.4399087553217092
79.71316560611879,21.525667423076122,0.40161212539618474
79.67179921509718,21.54224825185269,0.8542563102612918
79.70424556514624,21.562537247405704,0.556685479061211
79.67719117293562,21.53355920593969,0.7975763778624823
79.70815841874118,21.55938478805378,0.6614763380034407
79.71983427399421,21.52985301749364,0.4272804291519722
79.66180156031976,21.5233588170917,0.5355952805787102
79.71384195194746,21.52726094300492,0.26577061934442014
79.69735783201591,21.575799086988045,0.39449731692166
79.71840295714989,21.55310505297637,0.5589586594815806
79.68790057105159,21.56778074652878,0.7139024012545302
79.71084327583428,21.539959270054304,0.5230722965107218
79.6637436441159,21.555559518873125,0.6066196012607452
79.68011674300469,21.5496971280223,0.7080797357217982
79.66402099226507,21.576744277564135,0.4017197879841794
79.71852058800874,21.564854478163245,0.37936162395103423
79.7090184344363,21.563832557889793,0.40425262460821876
79.71115284527475,21.522781196166058,0.29010329085607656
79.71627791388603,21.55298018014022,0.4456838149701635
79.66510620916718,21.548019487234107,0.7129124388613349
79.6831358555508,21.57567053599637,0.4612279179955253
79.66426209334264,21.53544051929137,0.6323041968419318
79.67264758609299,21.536190007197465,0.8325443352517926
79.67376194662226,21.54468077493289,0.7853130537665068
79.68814643266285,21.53460218280438,0.8362059138536011
79.67611373004722,21.527751035068523,0.7483013330043914
79.66605868640906,21.571444890799047,0.39665739726331734
79.67004946534564,21.553496591464235,0.6257771129485686
79.66883653381312,21.57168176313739,0.5326819848858377
79.71838460787474,21.56986808592422,0.38498818682663727
79.70555755041511,21.536922541287378,0.5404961895321934
79.71806568791617,21.552864246659457,0.3689799343777761
79.68638442919047,21.524993062164405,0.6308221273436403
79.67670210889976,21.574915113041843,0.39045855596183404
79.70789759183255,21.54425576290391,0.7052897317894449
79.67957523508247,21.54362057103334,0.7481859751405874
79.67796300242232,21.538165322237077,0.8996666935272645
79.67395035953247,21.54763982468264,0.6860439170802688
79.66778073869345,21.535105563192726,0.5688157391765982
79.67538778366101,21.542491136367808,0.7164471233569747
79.68131918490843,21.56799682291509,0.8106506811621172
79.70043965248874,21.57005533021511,0.38037107290359295
79.66375389053316,21.53825094865771,0.6651945365268385
79.67263041637992,21.548140865833165,0.9008152399732696
79.7085414184175,21.5724291865768,0.47829496546428346
79.66881531541502,21.52316039990978,0.46569866956706135
79.68055870879135,21.573348697719744,0.7118881437059432
79.71187953531148,21.53315106073914,0.5716260990568399
79.6692955186686,21.56071235465286,0.6615108780864065
79.66496421013709,21.554953101783074,0.6902122632787834
79.6890722797048,21.553176444891353,0.9560954426871485
79.67814517067671,21.57156161348517,0.7419789993360166
79.69380450186902,21.52609432861868,0.5550342853369578
79.708228293429,21.54082168151954,0.6511245816122555
79.66822890928916,21.552295164780684,0.6681912451553818
79.69484194507325,21.56867733123676,0.5599563589889549
79.6903305256234,21.5329865850047,0.5934855203316562
79.66864472716078,21.568175790482456,0.4974223012606458
79.69743990913173,21.543978308949637,0.7720604537459848
79.67641842507165,21.531334831386022,0.6794251883748111
79.68927005911264,21.56553918642661,0.6025907010660578
79.66493633945662,21.52545393408847,0.4745530378747145
79.68757504343282,21.550886042444525,0.7960273272989872
79.67838780808256,21.523832547031713,0.7136381187131982
79.70934287267112,21.541385071309467,0.6387314000001965
79.66341872361984,21.55606460794038,0.6051532612321544
79.6851164364951,21.553366932489233,0.9581261763540287
79.68750588544789,21.544279325074278,0.7789780111152738
79.70350036457795,21.545742879638325,0.6893913018060759
79.69445725450541,21.533606173201044,0.8084254028856495
79.70003274023165,21.547352955305445,0.6635427377467511
79.7066229571391,21.577195291343248,0.4552880239873067
79.7117321784195,21.571027175067027,0.34712082619356766
79.67883252980334,21.52871397214458,0.5763724914315602
79.69228136232184,21.521786847239255,0.539064693521494
79.71040648470635,21.576011458762995,0.5269552284504904
79.7193670678579,21.551604984992842,0.393165522313641
79.71337115866262,21.552270269388956,0.6151679134899852
79.68228803575747,21.56684307974239,0.805237867323844
79.67170999103311,21.53888133843228,0.6573441094745522
79.68936355224439,21.54891445413016,0.7958840151332548
79.70449848711016,21.578119774788803,0.4509164340980942
79.6895541442452,21.560328921215945,0.7562880367487803
79.68899085179882,21.52922470191975,0.5250110609769824
79.71029382526491,21.52799360487906,0.5828329120506877
79.68168422674403,21.53225588549998,0.7835725720944836
79.71158768048869,21.56600270046524,0.4262310012570482
79.6844082880571,21.537722620230436,0.8165759802042911
79.6796939863407,21.521283330800504,0.40695687081790294
79.68723939467198,21.57665046181034,0.517546138771599
79.70574681752049,21.530182804983696,0.6321736650646975
79.66756012167184,21.520573491168882,0.5845043380834216
79.67178515295232,21.534227896142998,0.6318774792341245
79.71708668953978,21.53410172722709,0.41015281248850255
79.67052949764287,21.54532031505074,0.8184931105589238
79.69406363907586,21.575223389890002,0.46351101197751693
79.69475886799971,21.572751095066746,0.4111500235411592
79.689377467723,21.547413673298944,0.8260112846882789
79.6986847149146,21.54465399429951,0.7405744781918164
79.67378960354786,21.55330054518849,0.6422974206444829
79.6931597360666,21.534607240718305,0.5718553264800382
79.6823303953148,21.523131099517983,0.47477697747849523
79.69970003557775,21.57635344817027,0.41448242563116805
79.66847341260238,21.53120193909263,0.6216692940137978
79.69425264501037,21.531904043754743,0.5863940883789704
79.67111622132299,21.548347619731235,0.7051384696416455
79.6767185837869,21.54949680069042,0.9379783765577523
79.67312258801941,21.521106052582045,0.39878148870202024
79.67097026679212,21.528877284326438,0.600589678632609
79.70954265709364,21.542689289113643,0.6703994500553063
79.67714245405965,21.56102384161063,0.7857185167468679
79.71562742691187,21.533705107409915,0.4794366224879778
79.71819559152071,21.545380866774504,0.4000343186158064
79.69427562819622,21.553440703882988,0.6211213438138596
79.66858006735994,21.573315549677396,0.5600421577716077
79.68247289460277,21.539564230139625,0.8418393272825283
79.70786393580089,21.528013495951807,0.34309606380903035
79.68204344372182,21.549356333553856,0.8379274242518041
79.66522103309816,21.564803296101044,0.7129657340145299
79.69340709465568,21.526591585423162,0.49159568067571846
79.71070725108976,21.545481009501817,0.5123011620225132
79.7077555832286,21.521067108475748,0.3893286794687517
79.67050738840781,21.522013550898834,0.5962734397226257
79.70036587686475,21.548977201792997,0.7894226586294115
79.67323025580613,21.537891837889056,0.8144894723172316
79.67309245207312,21.570706437940323,0.5448915319477428
79.71244430639831,21.556129258367587,0.35852166641517424
79.67498013716441,21.547235977704577,0.7673138167792238
79.67579484079108,21.54447612226326,0.8645799111827573
79.66003920344568,21.549834728811373,0.666276166152977
79.71224014204753,21.522426329872758,0.5168951740284022
79.70755568879255,21.57356760138524,0.41168116012576517
79.69763973610544,21.579898189344036,0.47164766168239636
79.70501594583632,21.53088922749152,0.5299140441801732
79.66912291404546,21.527222977886478,0.4587017834156013
79.68749941567525,21.528614647806915,0.6313832163546218
79.68107316324092,21.559661623494062,0.7933000654520648
79.66562659157542,21.559686450307044,0.7796075899919582
79.68916782911289,21.570875449736704,0.5620888585327082
79.71524437902056,21.565109583305574,0.5547290479170028
79.66240354714304,21.54698138040216,0.6559288536187653
79.67748765480962,21.55677132169392,0.7183760610895912
79.67245245617234,21.56129708022208,0.6161512174729246
79.67428879921994,21.550764188217112,0.6972606001472739
79.71450607311276,21.548539059067096,0.456697886923009
79.68808414325406,21.558705846738558,0.6345437212794579
79.68797796477638,21.553448472938538,0.8049269026384364
79.70563453854732,21.558636538320155,0.7203078936141111
79.66926953224029,21.5567712864378,0.7677007207397972
79.689235921246,21.56315179363082,0.795084178391007
79.68579911284726,21.55856821052697,0.6750135248040849
79.6958146414328,21.551184549186235,0.746401054121437
79.71997346219503,21.56090780867706,0.31641449874666966
79.70616693364492,21.546968917911126,0.7162472772244677
79.68387194218104,21.534500273558354,0.644908496501849
79.70965318313644,21.520085093208035,0.36717899938612303
79.67024250179874,21.55359784882875,0.7754053324159643
79.66182782117853,21.555439313596516,0.6219446119806475
79.67226690234786,21.57832293788654,0.5714090175368781
79.68042469336686,21.541688700045654,0.737510635040346
79.69063484544758,21.5436479945697,0.764268036619137
79.69690774843247,21.53210797488053,0.712451637656333
79.71463634303286,21.52423205771424,0.3790088468807971
79.69059124057303,21.566368269571704,0.6338790173740723
79.69007653867754,21.53498086386036,0.5813926733919064
79.66301458058938,21.5565342916618,0.705909863823208
79.66209469315937,21.56126638213273,0.7237970916529142
79.69306959771498,21.548274201237497,0.8269440148994829
79.6862907167949,21.57258112678163,0.6916321996417731
79.71035082369882,21.546627690458784,0.5361604901942104
79.66964077508271,21.537094517382506,0.6098795844450744
79.66149829972701,21.573760931377695,0.30653480534327326
79.68694232607581,21.571693857054996,0.6432364084171125
79.67424871340513,21.529842396824584,0.6387169101495599
79.66297686240033,21.521557661101234,0.5282421558407158
79.70347589721085,21.525399133380976,0.5370296037533167
79.66669557999744,21.53719284391323,0.8010973236555508
79.69649917000046,21.5783355881045,0.4597547436372712
79.67686298501,21.55351096918965,0.7932920726041977
79.6704097630213,21.542395703921756,0.6797238271067546
79.68278509137515,21.573322965676763,0.5696324542039765
79.70808674657337,21.54718817988871,0.6791740291702297
79.68352561461427,21.53891431770406,0.6581471103133663
79.70504617895266,21.57647317172474,0.5628035732485142
79.66752917780795,21.57097105997156,0.686058670819247
79.7063662851799,21.570620102525165,0.49282736035947317
79.6742159994944,21.550737084583012,0.7535809450526738
79.70064358779334,21.567366303928925,0.4754431125699735
79.69394689329046,21.530761201555872,0.5683571485841324
79.7157486830327,21.554393377453373,0.3122605288182874
79.68323935107851,21.57903075537085,0.48104652869694936
79.66396991133006,21.537457505831078,0.4871828584574253
79.66114932913307,21.567661139754858,0.5762055741543457
79.70961151365836,21.549428704432483,0.5052026661374905
79.69148413825968,21.522388340993324,0.4392725512191257
79.7065146431101,21.565781163868937,0.5195826129035475
79.67406553600068,21.530114148663525,0.7856391332773545
79.6807050247308,21.557888414027964,0.8569321664291153
79.66180623233268,21.525139851642816,0.4687549693989984
79.71768953947445,21.576812043849756,0.4139880690771978
79.70007207440204,21.53750343323082,0.7155922130243595
79.71599230526556,21.533587881500644,0.5273326640283995
79.67592978444574,21.52774818424398,0.5305425449557183
79.69668781667353,21.57676013160034,0.5828505760176798
79.70070999809755,21.562714224546475,0.5487818126390263
79.67905298201545,21.564499653323082,0.8423391670513587
79.71088655410094,21.549964273682814,0.4578523289024117
79.71682968777401,21.548483667116226,0.5676696492459137
79.71309130706176,21.526601274579487,0.5372869277848489
79.70434401855636,21.553590465735038,0.5132192857637361
79.67664788078349,21.534814989706526,0.8687611392602657
79.67689696252633,21.578628719968023,0.3614944888080445
79.71780161922676,21.56779485640091,0.2885434527611207
79.66061706975614,21.544779523611574,0.5931369300642224
79.70296299839453,21.529080475521493,0.6714001231374782
79.70237476975332,21.567119901468324,0.538496402763907
79.69736137245698,21.52732322602488,0.5737861551683137
79.71940653076521,21.531360025209825,0.4255628413664597
79.67871276614582,21.532691231064653,0.8473945750013532
79.68039831182759,21.553413438296385,0.9179697317816454
79.66473636417679,21.56722339923942,0.4729985237288633
79.68656788819263,21.538858892723482,0.7286189521707761
79.6756629115741,21.525080188856517,0.45587383203957327
79.68060320213065,21.547872307811463,0.8898360135832318
79.71007430741534,21.564886614469593,0.37444495962675833
79.71612907081165,21.533299830585243,0.33420784220338706
79.67114398432031,21.533195472882362,0.7779341590112823
79.6823505358932,21.5768336216408,0.4692346004026008
79.71571783372693,21.57724922362715,0.3601840808248251
79.66370850764135,21.579427943923694,0.38041948429460604
79.66554163168668,21.568459576094487,0.4222568151417485
79.66976745935237,21.531291050150077,0.5824077664094065
79.6957127700476,21.532718891247956,0.6172236065785754
79.66902833626035,21.54041351449134,0.8312717793471915
79.71808458288704,21.53908795188001,0.3559766875073035
79.6868028716355,21.577391664944678,0.4725865593619548
79.690091077621,21.5673444389729,0.7366736208713367
79.67479951694833,21.563440527529693,0.7793831570546119
79.68825761514609,21.531157793443487,0.7686289828678772
79.69971481795822,21.574571533561738,0.6171381229843114
79.70507062821724,21.569672222770368,0.5745738300264411
79.70523208496259,21.529818510479675,0.4776641299811521
79.69467346676164,21.572270219917655,0.6455104196623764
79.71426158649963,21.53633485218223,0.4452463936643899
79.70904447083836,21.524852184749925,0.3550678701815968
79.70542288688192,21.55940933839085,0.5125850784620367
79.66333633130083,21.559228279563058,0.5332485586374964
79.66041267773318,21.525695920573938,0.35715035137552364
79.67274683663173,21.539131108536193,0.6496982858872958
79.69981141563481,21.57956886773533,0.2922903399174358
79.68467184933294,21.560705600020523,0.8838534746095117
79.68414437555796,21.5638045099962,0.8555795316926396
79.71307521329378,21.532775037136258,0.46346956467236333
79.71373377088791,21.524726924260236,0.4828331073017801
79.71455051584321,21.536614101384455,0.3455304774486462
79.6788326845909,21.53493390311159,0.8593552845997269
79.70146334876435,21.534072646044883,0.5954024099146387
79.67629799087646,21.531565259313222,0.5490585563569592
79.67143658998447,21.554485341439324,0.6510714407958884
79.67107794744084,21.53968620855051,0.6741784478745838
79.68052645725182,21.56922070090285,0.5040255719935841
79.68579745718678,21.531036845070844,0.6289007404792559
79.7098569502633,21.547877624252113,0.4077530801195793
79.66719346560836,21.520819470185565,0.38684607520337577
79.70409555084369,21.54890093934731,0.5623798116492498
79.69188729485136,21.523350293252587,0.6899148000664423
79.67727672056056,21.578663410712355,0.4069909207331829
79.68956917507197,21.567435527719024,0.5751031770126348
79.67799652418663,21.549406688598186,0.89151316721754
79.69576491731429,21.52519524149076,0.6509240737675543
79.68603063537131,21.555546726447425,0.7827083946114378
79.66986433174473,21.565525825042112,0.7436877652337526
79.66699498447333,21.531443035180285,0.5485327104607192
79.69280174092432,21.554092500447247,0.6871463203075948
79.71414478199716,21.568852653902972,0.34914531531603216
79.68063746119346,21.566094866658776,0.7232940071956072
79.70398000643335,21.56817952107203,0.47287365508970247
79.69951968129638,21.57275940549218,0.5564448015563276
79.71589329485857,21.576260926129567,0.2653260735126878
79.70925886103795,21.54433126931221,0.6040907141569293
79.69399631553432,21.554126146151372,0.7189914493111094
79.69942182989405,21.567439571562737,0.5576048078751408
79.71390318799504,21.561828388836744,0.46013356391910776
79.68397112707521,21.57973121369586,0.534094444180916
79.67960768235146,21.520820659066278,0.4450663915972084
79.66064866501812,21.541307992918945,0.6973938126059773
79.70959306445148,21.536861675576212,0.5724243708742498
79.7080588420242,21.535738951009932,0.43971243790149683
79.666267271086,21.533351786949932,0.7525532572847458
79.69461144286797,21.562547430448912,0.7306842412416508
79.68783890189002,21.52508556839652,0.5715846379705166
79.66712254573055,21.5644965300366,0.5113919885497464
79.71883409362364,21.561605550520976,0.39936867220960315
79.6728817532478,21.53504824795005,0.6004406670921189
79.66403405080543,21.53517002698991,0.579362490223241
79.69569084277012,21.557731635120668,0.6916938441812015
79.70433200062799,21.56573026632902,0.599075121526834
79.66194660676283,21.57258913678524,0.3759778648745288
79.69952305832362,21.571128373831268,0.6211964778842093
79.69193751255709,21.577892979649828,0.4330558937144803
79.6661959005325,21.55488309372019,0.6700116047921274
79.67035143261678,21.57451933368042,0.5944012807755295
79.69407845783897,21.568510796395625,0.6446027858745665
79.67778145681079,21.57368005745884,0.5049778313300788
79.71629894371908,21.52069759607712,0.3057768953896639
79.70912441376905,21.57795417951195,0.319544951424628
79.71901403239082,21.548411809770787,0.4411333811097662
79.67558025033702,21.56789097937449,0.5927311789333205
79.71818341796788,21.527632247160266,0.428665773068788
79.68587403218748,21.54375646574884,0.8544888348862487
79.68085112771882,21.536287639781257,0.656415305249185
79.66302097161815,21.537499526230054,0.5500303984406018
79.66316591547157,21.527395337197053,0.4251433315784369
79.7015206753568,21.56834582995258,0.5049025678449857
79.68747573966604,21.520554538874865,0.5214576959958503
79.67359129756217,21.538750327419113,0.7508572714993016
79.69683821837951,21.530464632592984,0.6810688445837869
79.675171487095,21.5553423364365,0.6973628899906912
79.69465790526067,21.53525514415687,0.8204276739164214
79.68155252481895,21.535539907271684,0.7070691460708765
79.70941313359671,21.549300288639717,0.48687007110026087
79.709241769646,21.559161342360454,0.5738884394094044
79.68864102388734,21.527278282273908,0.709138160390581
79.6810491465601,21.53053068714793,0.6440077819229995
79.68175358779354,21.53483048467567,0.8189674581404673
79.7083428715401,21.578424892847075,0.4945497442769706
79.67969076896786,21.543829149996576,0.9102321602436795
79.6725435624224,21.55593940543786,0.6215255277118741
79.66508130051251,21.534492568762957,0.7056850801109349
79.68800158725307,21.549427571509447,0.9165260461729846
79.68892792593519,21.524447150463157,0.6226774418287437
79.71045452262418,21.52208452875534,0.46650682963108114
79.67327432178676,21.548124011609286,0.940681207398538
79.6828594764201,21.543919557251105,0.8160006073472771
79.70850434433362,21.52821281918151,0.32511323411807225
79.70941741664494,21.56125608573524,0.49156442965953917
79.68307666455873,21.579574209453956,0.34465046837655344
79.6875474413972,21.5437388092718,0.7613519439269616
79.67819715345095,21.557473518155042,0.8191287887954347
79.71595329270515,21.57777855654187,0.27901688620860815
79.6671186259445,21.569892098346813,0.6037073698128905
79.71602496538009,21.54781313339816,0.5465897333781988
79.70103198711011,21.564249369067593,0.5647148449582015
79.6918943291612,21.52768810241503,0.7264333763365329
79.66195954364707,21.550726231327825,0.5094652288775864
79.68853577150932,21.536743616630794,0.8562751500959603
79.68446488630016,21.529669821273767,0.7658790848250556
79.6696731287185,21.54557685437527,0.6956640841899191
79.69938457621004,21.527860873266015,0.4861761513760319
79.71826905444209,21.561939106490467,0.3353995559330063
79.69373132866387,21.5473744026432,0.8760031020909088
79.70288519658664,21.55186867795388,0.7476449855184368
79.66410702715396,21.52878255632009,0.48292883087334104
79.68506001974902,21.52838629966561,0.6736913925792548
79.66698150910986,21.555004926115608,0.589141909540631
79.69676775013218,21.579100584869764,0.43655403029685125
79.71630892949285,21.525775034994265,0.5159622952372739
79.69970666394829,21.537143885713945,0.5436891163427512
79.66460818289886,21.572167546992272,0.631444648529871
79.68127997229911,21.524336320735312,0.6784676963857945
79.69303980276645,21.572553143282015,0.6974942335319244
79.684192465368,21.551457159002485,0.7481884254410409
79.7100186406285,21.544496006435583,0.4465411738632436
79.7088802602826,21.538580833861086,0.380907174221349
79.69670986120619,21.53782702948767,0.7582090378832183
79.68240747670797,21.538348154946966,0.8325773116787982
79.67532018242579,21.57308818485761,0.4653847249752966
79.66635245909278,21.563427713810487,0.7043406185282999
79.6812938610092,21.56018338046987,0.71381210977843
79.68479035103246,21.56792494893712,0.5529755128103734
79.70054937550624,21.535426879780246,0.5954604433671455
79.69948958945785,21.557082568724905,0.551592171809522
79.66420648837847,21.547603974337477,0.6017061325716162
79.68371555892587,21.56694649811201,0.6405695713396384
79.67090673203303,21.538555366628398,0.8248522624986693
79.66940876231901,21.558590717012194,0.7910703283293321
79.70963812898424,21.572932744709036,0.39559025585056706
79.66251491300297,21.544129028571696,0.7054697015231164
79.68515097255413,21.523997325242046,0.5955120101017694
79.67009221934599,21.550963049340506,0.7089137026363734
79.7127598129407,21.54075834926842,0.5487323062501931
79.6934224307965,21.560333522832828,0.7736389196170184
79.6738828381826,21.577061975484916,0.5326641563517943
79.69014563722997,21.54913649907981,0.8544878893383329
79.70388918158218,21.547971413809332,0.6907604889678138
79.71748708053516,21.559275088011486,0.37731429099448943
79.67322676025472,21.526209850215615,0.6908711369774614
79.71317090632776,21.5352103713355,0.34884971340661264
79.71605824685005,21.575138759530024,0.4642203515576486
79.71498523267192,21.560196556801824,0.3901760606080374
79.69812486141171,21.520806642639005,0.3564979670935354
79.69778923926609,21.53227752835354,0.6474470844030069
79.68419263799103,21.560970235961733,0.7275509084426014
79.70514387293822,21.56586395215375,0.6166272773748118
79.69187764110106,21.570391574360443,0.5743551076352644
79.7006462842737,21.53753060820292,0.687319597992806
79.68570747423092,21.575861715776654,0.47650122966006825
79.70388978784258,21.553176813614673,0.5410787557538772
79.70946829105627,21.56179234134327,0.46556734676585565
79.66878617539616,21.555804331766794,0.7493418179674483
79.70997578293445,21.527364403280476,0.48013919095552704
79.69241779190742,21.577786879563092,0.5080370834092188
79.71067995454541,21.52737253479365,0.5725941974621567
79.68587810238046,21.53529291738467,0.8046909810166862
79.68274242912298,21.568817672813378,0.7791006691756035
79.71490364395103,21.557115817690065,0.335828067090728
79.6750701560529,21.57028894992258,0.47194183430751724
79.71065273951717,21.55094417130244,0.4694479452447583
79.68904123435057,21.542619594121998,0.6979990890054312
79.69084572655308,21.575310729972866,0.5345825478906436
79.67850809688936,21.522175139050887,0.5475562689537135
79.69438253203714,21.57136781322118,0.5864556243422094
79.67951267177656,21.533849067111266,0.7999215548998959
79.6623561648545,21.570924179665237,0.6311491161299057
79.67631991632067,21.528351796805012,0.743922195961283
79.6603827426044,21.55481313782143,0.4836109098027623
79.71870128722341,21.573286475140687,0.2922959042563088
79.71794483258918,21.548412378813932,0.3523150161665154
79.68370931784834,21.5647940004282,0.615224272839038
79.70370225126038,21.568280297071333,0.5281774736593965
79.68074836590462,21.564189652523005,0.7352468125420062
79.70026558942516,21.575519784212474,0.38380486365454536
79.70832580258276,21.546810053831194,0.6266706382201841
79.71680537468153,21.53038752634991,0.45589317281182984
79.68401273655098,21.52286866382215,0.41440992467759463
79.70699787897736,21.53478759217825,0.4955275613198096
79.67595570703793,21.528591850232814,0.7493073895636324
79.71941993822762,21.553476924486066,0.41045604094291666
79.66154617592586,21.531096720232703,0.48376031925834706
79.69621172839007,21.52233602243736,0.4273681605940079
79.69957035889908,21.52215938973212,0.3980766874393317
79.70128273342445,21.56989416990189,0.402459958078576
79.66722325472735,21.55548699588658,0.793204503073407
79.71631178700838,21.541485118113602,0.312497900333091
79.670870996743,21.573653682564412,0.46573511935954837
79.69736520419438,21.52421179668446,0.3813536092459016
79.67336056474738,21.578819324363668,0.5550564693135417
79.67843298502127,21.556977507415265,0.6606672478894233
79.69278751250368,21.53100785523813,0.5908561343909231
79.68503160511388,21.560744145938617,0.7880974968364352
79.66961353605859,21.56580287558701,0.5978162683630537
79.67025618414525,21.545760567002244,0.6918834693544663
79.68508868728976,21.57169795637473,0.5337539591061917
79.70543697869653,21.529043944437788,0.5849541799627211
79.71387787881086,21.536730255014657,0.5914039588060553
79.66504765973556,21.52560954169504,0.46094522101731394
79.68358623445356,21.53265267043644,0.5758948317253217
79.66601473382337,21.534323728714668,0.47843410732140107
79.66099554883795,21.5750579914553,0.5128293199150373
79.69970312095863,21.524686581325067,0.5202677011926792
79.69614696651799,21.545644907211262,0.8338211844566852
79.6697811468289,21.551943921233615,0.8090968196134407
79.67402876998558,21.573921583228127,0.665277707976005
79.66142246521866,21.57986177311967,0.5087014387921684
79.71009683234166,21.565203286895187,0.554180720579133
79.71848143576291,21.57824745943414,0.3129967702826679
79.66812757220768,21.567226067952152,0.5342638081196285
79.67388851282591,21.577792158458283,0.48890906025887004
79.71210457143681,21.562436243556665,0.462000662648941
79.71558782787737,21.524785805527063,0.39957256136055735
79.68517764296841,21.54411521121956,0.740495560208762
79.66303734833615,21.558795837028146,0.6617477752861051
79.66236351002156,21.541043110567255,0.6084903062598315
79.69443699196414,21.536403035086828,0.7379174034526153
79.6835737065336,21.554643956027984,0.7505063725201283
79.66171914565466,21.576010112602145,0.41171690531343197
79.69499514353875,21.522098912410968,0.418990316124034
79.66067815219533,21.566153872212485,0.6323502609542017
79.70724231748895,21.563363636682677,0.5135081427699812
79.6783859693622,21.577837205523295,0.41846458303558165
79.66241548018056,21.575842673339952,0.3008113355132822
79.695301133259,21.56573395372265,0.6870023976152424
79.68386106486598,21.551224525880954,0.7598984798111006
79.71842802480143,21.53225605319401,0.5265312007297858
79.69265191975022,21.552714143099532,0.796680902324327
79.67651435086222,21.565921119635178,0.6143556712000484
79.70256633187803,21.573740152758273,0.5144899745230279
79.67628952015257,21.567382720552633,0.5871352817498388
79.71425459748446,21.531716016111464,0.5144403597778997
79.68248331823044,21.55598117885368,0.7610636544495855
79.69299211376656,21.53993040757188,0.8985099875892126
79.66303438622946,21.520552340043437,0.465122181600373
79.68556727427713,21.53201325614732,0.8048560362304259
79.70994181237965,21.526793238996007,0.3007709187177967
79.7083389283218,21.570563147412365,0.39881517904398633
79.67345911353121,21.53551037512887,0.7830200369450453
79.67356474426063,21.537081878133254,0.7775413154475102
79.7090383187328,21.577596194307933,0.2893639368378783
79.71582390521016,21.542745203382932,0.4027018043971155
79.66572165527637,21.520575138408663,0.38207609631463857
79.68700351836557,21.537030768900767,0.7993215376884433
79.68024725673786,21.527157974836108,0.578626475363946
79.71224130732745,21.52616851370415,0.3455825381197583
79.6650114948808,21.524649237408145,0.4070942989737825
79.67266755655348,21.55559556821052,0.7377917265956178
79.70514810025519,21.53136086341779,0.4296853807855862
79.66307763093887,21.54167456764246,0.774680583123668
79.68955212284285,21.5717210629678,0.4835697384677341
79.68652642208077,21.545460288387776,0.9600782342917383
79.68006407073932,21.574941481003098,0.5268800676882363
79.68367433891913,21.549876283203734,0.8121043932468218
79.6917964352158,21.543930196890383,0.7113786117609927
79.6696820415033,21.56502333562544,0.6762961198767957
79.69431975269701,21.52439050592608,0.5978126982331575
79.708325939758,21.525368702978945,0.4229005323547071
79.70560965578741,21.559118422835375,0.4376886894551717
79.66923399428163,21.549216442794354,0.8733207611950302
79.66895496818448,21.567424915019153,0.7415493437594276
79.67609046206469,21.57497625024061,0.51593119470884
79.68166448358046,21.54330201266029,0.8662433463072021
79.6845073348845,21.55578460159508,0.8039038403082857
79.70078183301,21.550041797667717,0.6313710463571724
79.66340082592994,21.578896639338545,0.2876852451724526
79.66208036225356,21.569865064441395,0.4850200712528979
79.68351463377664,21.57470426249664,0.6498828748187526
79.70182982152828,21.535260405254654,0.45536521439457267
79.67160612057738,21.566351585389754,0.6609312453797342
79.69849026887537,21.53592839349986,0.7642327986395872
79.67558968827642,21.532524552005704,0.6037308948750779
79.71316516652881,21.57665596957933,0.26454741899434747
79.71374139665599,21.52115826500307,0.4404029639994673
79.67783723225688,21.577923322219803,0.4249301064531267
79.67379962523779,21.52895571381933,0.5322616120666932
79.68467823832397,21.569166284907595,0.6061667513623269
79.6744318951108,21.536555353184085,0.7001959499401256
79.7003430305975,21.541042139645842,0.7797324220718203
79.7095638810729,21.53300546267932,0.5160603165446639
79.70038552785468,21.555130842548863,0.6454624646242677
79.70946102683496,21.540885732850473,0.539109776103675
79.68381952973245,21.559443582369678,0.919860803077574
79.66937901824252,21.520938839076525,0.3657749114834168
79.70427705684385,21.523862493010903,0.367642328279831
79.6816284703085,21.525979669163874,0.7469046358729446
79.70027624951375,21.54513962111861,0.8252132251270484
79.6762386365189,21.5688877703596,0.534426695105277
79.66487377808839,21.5732906746227,0.37996810433264017
79.71955490772926,21.534688644403655,0.3550166995097536
79.66937209047583,21.55446218345434,0.5981637124758331
79.7193052596378,21.566101899561556,0.4139946004456477
79.71863679595398,21.537329765795175,0.270291360384474
79.70762908623448,21.544540464204175,0.4372859346459048
79.69956537772492,21.551438452161143,0.696409212743468
79.69466842301506,21.52809249078448,0.7294609237091678
79.71196609272266,21.521558937623546,0.35163783654861314
79.67736637129717,21.529168348559097,0.6049613425575097
79.68806087274909,21.55761121727521,0.9385767052036148
79.69716339816199,21.52441709569202,0.5315034676168251
79.68467142855216,21.531381781891007,0.6563037874957365
79.68564918724542,21.540271233141716,0.7707454890345845
79.67981708005013,21.52467220385838,0.4927991018850383
79.69385390900106,21.531501956269697,0.6500273139079007
79.7110344716809,21.57467618733901,0.36975627436356395
79.67209170268038,21.52115794793362,0.43186503358365524
79.7160659823252,21.55920591545046,0.3267475333291807
79.7013452592249,21.54306453585491,0.6070231652643641
79.7093963927608,21.56035892436594,0.5117728600765541
79.6933714415578,21.555321503221805,0.6317416942943246
79.70677100208545,21.533409925261278,0.4149487475155037
79.66097202384036,21.570832569254403,0.6112879031214639
79.70910282548677,21.54951642295656,0.5644512787391716
79.66240833154512,21.569352161134805,0.37608344456835896
79.71339480258177,21.544360752171293,0.5401969442349018
79.71951776483432,21.57908113323491,0.18071201633212025
79.67764404773061,21.566229361510075,0.7503493226530581
79.67261911337714,21.577957012306754,0.5538518260916823
79.70592180183148,21.55085958873459,0.6466191292755586
79.67518158045522,21.54842146793744,0.8850158960476328
79.71193374299033,21.565327228559514,0.3218963347001487
79.66617055552945,21.572817475780806,0.5711396145427909
79.66755731178276,21.577848747751933,0.3433274528042942
79.71874909330603,21.53947311436195,0.35427426373864523
79.7004303338962,21.567922274430558,0.6871896372816284
79.71081323346574,21.532638735858132,0.4637028718033307
79.67945976264109,21.552734460804725,0.9734464263009995
79.70058902497124,21.53079088890455,0.4454146070590147
79.69565450963852,21.54084384170502,0.7228440532630872
79.69618900720738,21.575881502032384,0.358341068549504
79.70095194757226,21.528765441986383,0.5805229304978902
79.69452155038775,21.55794405370811,0.6044080878231151
79.68574374215815,21.555577256375642,0.7199382020099421
79.67655536166284,21.52724430116254,0.5420191005898132
79.7061148798548,21.539558742626127,0.6466715169672543
79.67357634580019,21.553778890270916,0.685107331676875
79.70154125836926,21.53123071653931,0.6667008827851042
79.67399996935896,21.56803741938477,0.520423859638011
79.69751981019726,21.578329390572083,0.31143683452096893
79.70482469602774,21.53288556399775,0.5076695098356703
79.67312283333439,21.531214717887433,0.7961309492104203
79.66359659805167,21.547296104307847,0.5458493672648759
79.66785842457965,21.5648659166284,0.49861370061104615
79.69635981803626,21.536896036614113,0.7611148292749748
79.71096678437354,21.521192794521838,0.3219235160036337
79.66269980927412,21.552473237681973,0.7085522930264734
79.7040490755425,21.577396034066037,0.3279191212859045
79.680479118757,21.543476611324415,0.8187306086494787
79.68871170219516,21.545208073250986,0.7527221635936928
79.71573157299073,21.57813410302684,0.3210544162209653
79.67991829028415,21.5616764566976,0.8327644356453984
79.68792021603636,21.563150315370525,0.802816339917201
79.66082094488564,21.55376212032226,0.6139228836265912
79.66489592320029,21.578476552651793,0.5569272214559549
79.67551549546809,21.561331989065533,0.6630781823700561
79.66167113444926,21.57370196509631,0.3763933812789779
79.6978825195629,21.561962731943993,0.685635416832761
79.6855839014081,21.564106949490423,0.7556056193953236
79.69288871216368,21.537424655328532,0.5924937037367707
79.67047883115377,21.538208721880828,0.7434556266772386
79.67775592176619,21.566979078974562,0.6301222373991324
79.69982946849116,21.537802377350193,0.7244854556787839
79.71791816341782,21.55376620424809,0.5138118343641926
79.66302500641613,21.534961138654403,0.6008211792058261
79.71342305925131,21.569019002848542,0.2565609605096277
79.69461287207866,21.526630081073662,0.612792251233832
79.69383517400533,21.569766798385697,0.665580305655292
79.69001671211247,21.556163788030457,0.7137581672912303
79.66416364515425,21.531214572089624,0.5510530163355059
79.66539261110417,21.552522123130366,0.8249394631190055
79.69605472033955,21.536949930210838,0.6293111895230309
79.68045751428613,21.539408040083828,0.7144741418935621
79.71503608399466,21.54109168249581,0.364855222100415
79.68439543224157,21.523799154818338,0.5903010790909439
79.66859688752216,21.579157701064084,0.5779046029076464
79.70288313001012,21.521892077687873,0.4791110299901654
79.67760120528646,21.559749812391054,0.7069286228871468
79.69152821844135,21.542273658865444,0.8261745048723379
79.7018699671303,21.5587606174568,0.6653672083192558
79.71401584667213,21.541374895185253,0.4950257424223874
79.7075314716881,21.56042503877553,0.4324923896848625
79.70058166407236,21.5637541305681,0.6397296872235729
79.7007779909437,21.561433158423977,0.5991577073992478
79.71675547864193,21.526837718881488,0.22395137546650734
79.67774944584978,21.55941359407928,0.7824682209134978
79.66006672565177,21.536799252967246,0.7064014923921631
79.6763172735639,21.52172808223416,0.48313869449990354
79.6730734827776,21.544889840313335,0.9268575996868539
79.69971007510684,21.546012586168228,0.5778541079174064
79.69802269598593,21.548030448001146,0.7967437834049189
79.69560768296228,21.56228944992344,0.5581696281115436
79.66097460659256,21.538530628548546,0.5170414872861148
79.70372668326704,21.538916830786235,0.6247343830303813
79.67941182474912,21.523633135374475,0.5947027687393054
79.6999033593404,21.561209272959537,0.7163132832903966
79.69339470571013,21.554069565483974,0.8064106636286369
79.68056385552568,21.540965506761626,0.8405407331001067
79.66807457602624,21.56231133873504,0.7735496651574341
79.66566513385962,21.55224146495361,0.6759264039168668
79.70989109998673,21.54815469675223,0.45692333769308485
79.71510385252489,21.550679472619667,0.36022576064816025
79.69898728280586,21.558180887516023,0.6429085701731179
79.66620604689163,21.559600156274474,0.7168063954294095
79.68412163301329,21.537337469148444,0.6397696234870529
79.7037363520063,21.528444601803468,0.3969063234587062
79.7067892530406,21.529398050871432,0.3656963835122342
79.66709311733746,21.55836345315418,0.7010606652087181
79.66000184313071,21.572372397146026,0.3753683590983887
79.70272822275284,21.544569776700733,0.547954507114349
79.68139577055916,21.530171209619766,0.7031596105836375
79.67526887989709,21.56539614989763,0.7562330500569328
79.66077384818736,21.569949368465167,0.43347037648704223
79.69241796440569,21.572834946587257,0.5788910418256016
79.71106904412555,21.556409885734823,0.3848320767914144
79.71745789877636,21.571643713563283,0.4876547347831135
79.6939446970368,21.520924897506905,0.4471072056552383
79.6908676796644,21.52643414810617,0.7427897280587603
79.66510338312935,21.525554564023125,0.649967614119372
79.69293236809256,21.562756281055282,0.7783361225318921
79.68279874473792,21.524174907012615,0.4354625354578583
79.69642811685301,21.549781862347977,0.7619348915436932
79.6833235808726,21.548362413918177,0.7258850191643285
79.67441794740702,21.538642211413492,0.8736623509010484
79.6656979165137,21.572224310196525,0.5931233681432175
79.67889510667533,21.5302259921128,0.8120815965940658
79.66579869005726,21.541147767063954,0.705942736957478
79.67061381704944,21.566450290001374,0.632705021153029
79.71924016951478,21.521825338863596,0.33359759753117935
79.68664621341439,21.56037702401478,0.7316379485506486
79.6919123059903,21.568983863581693,0.6065465932670274
79.71241711172424,21.57593607033029,0.40985865333106514
79.71973413402944,21.57257779842949,0.46701228743793827
79.69496286696068,21.53916304701002,0.7526591851251924
79.70874842926266,21.555181848479375,0.6517696299462155
79.6796164614602,21.52463760958903,0.6921657631521014
79.67834463744684,21.53547220021288,0.7495587936460555
79.68416222325968,21.52565334272485,0.5570774091689201
79.70035043576041,21.538911237409238,0.6941023236592578
79.7009315013553,21.57251123280752,0.47908052783235305
79.67891436607897,21.540830010380457,0.6799026215183372
79.6679925954482,21.553713886180084,0.6818048420224726
79.69794377538793,21.546002850886897,0.87319231408269
79.66769955173132,21.547534991457923,0.5903139259133388
79.69470955049376,21.578174323110193,0.5273573518991509
79.70160532768338,21.53776926809583,0.7277813884983064
79.70203668978367,21.557639468171388,0.6782571817886978
79.70520832663958,21.545203760174765,0.6312026141207833
79.71237156529394,21.523668770862862,0.44698725180290055
79.68999753951789,21.549359849897453,0.7989660848778697
79.70381495137177,21.568800599742705,0.38553051240045755
79.69715036412195,21.5259251781209,0.6806956834381745
79.67119839638785,21.52417551084378,0.5170531235288847
79.66154137869216,21.529217891223595,0.5602646647375731
79.67707248314062,21.565864006683356,0.6908244401480598
79.68658202238025,21.56343972304868,0.5921357018338329
79.69702635666572,21.553901066134365,0.8638304661897224
79.71099755983019,21.548093584245557,0.6099711900374185
79.67177474300237,21.573299548882154,0.43368505643912125
79.66753298739391,21.566001869430007,0.7453420673102138
79.71780879684846,21.568716535078106,0.43962134464624025
79.66648267356258,21.56879573808104,0.5472978058593817
79.68870946420643,21.55856302928473,0.8092491863099817
79.6951338237276,21.547480877458955,0.6477740752989731
79.69248246525444,21.57188066515514,0.5872906121218935
79.66516192942197,21.575560445056194,0.33461303480925564
79.66342161484022,21.5214283625955,0.45911092259008024
79.66632900564765,21.523093292395973,0.5030331196656421
79.69513526103235,21.577524597814506,0.5868187323977426
79.69266069325806,21.53662963683065,0.7894014283677198
79.6740244475222,21.572402166378964,0.4905179793994381
79.69826644851074,21.543327707137685,0.8269119418178772
79.70920405012333,21.52714600345656,0.4609541572233672
79.66249473759079,21.52482659201256,0.5062019893284642
79.68988779661288,21.529390473944826,0.5448106398191337
79.70135862472615,21.53499359169204,0.7112513500726072
79.67513871562417,21.549311101235848,0.9440622139501116
79.67846625431758,21.562089874033944,0.8237695224730464
79.69681827417936,21.579183914589116,0.5768797062464196
79.71387611760662,21.54649040459735,0.41931495293821
79.70859546521817,21.551091096540585,0.6663815534435248
79.69498781314597,21.551308942082994,0.7613532594411645
79.70381330306543,21.552366061329273,0.5311711670425372
79.68188934821247,21.551064439426266,0.8965843700202136
79.69845793168592,21.520526485303716,0.5186160588728321
79.68797089546766,21.52010348932659,0.44476979125436505
79.67139616818746,21.525859979087567,0.42086554118128
79.70210429643264,21.52609339620575,0.4092122665593365
79.69338787824093,21.562293814537288,0.666167188758501
79.68151729491721,21.53229496195096,0.6084345534099382
79.71468035140472,21.573682846285337,0.2749736351824319
79.6612560470696,21.57571637977462,0.3981200637422588
79.67894638907497,21.578553600273754,0.6302487858011868
79.66341288386666,21.57634487829322,0.5200527082647552
79.7059916389733,21.53631329931511,0.4980380625361453
79.70212644724683,21.55058661068221,0.7983694494456304
79.67988113312417,21.530527298211815,0.7216761928543903
79.70053977413242,21.568372579310346,0.5345561896850943
79.68375623357176,21.573305902308643,0.567097445329954
79.70537522748535,21.57107733035785,0.4421654816159786
79.6872510197642,21.546002016921808,0.7544499348743928
79.68473678366989,21.565520433081204,0.6659884241450198
79.71608379492929,21.525854750174577,0.3768818624284055
79.67505274599344,21.522414686237155,0.5417603948789527
79.66722684039979,21.565194184858523,0.6856924845974531
79.69507258679556,21.54552131645972,0.7198125831315109
79.71815930873704,21.57973295588437,0.3808958295349094
79.68267035282364,21.52583525295133,0.6297771733832453
79.66372220581772,21.571337660892112,0.637005459849136
79.68035831603858,21.54879898393174,0.8117406057656329
79.69035589925917,21.569629011730232,0.7359469196439985
79.66971538039793,21.56902763693021,0.6793179722314817
79.69948613308338,21.574959520081723,0.519410493591041
79.71986496334061,21.537871000677164,0.4324528871807141
79.68710436855888,21.576987961207717,0.3895920674852019
79.68128371340381,21.529100017621456,0.793267111271049
79.68404225001007,21.52491812665561,0.473095464612736
79.66690877070371,21.54589693104234,0.7301993382994885
79.71299641608557,21.56969937811851,0.35471296571625743
79.68488953933128,21.548405267838007,0.8265227116822018
79.68323646468549,21.56975720065183,0.6674679980594171
79.69958141637582,21.563781208347656,0.7339433803017914
79.68652200525587,21.532565703168334,0.694283121374469
79.69889400812846,21.576932897493965,0.6051330216921286
79.66368677740785,21.523646870117762,0.4998062932027454
79.70882340062333,21.573896782452625,0.3101494755465094
79.71643023717276,21.538266606939423,0.33185821986260083
79.69892592316955,21.550008884989865,0.7779408681200104
79.71727395573153,21.545341112362042,0.29705592982663914
79.6690859388622,21.530310073415013,0.5982302306239802
79.68864497136882,21.541488811984102,0.6958235654726874
79.69610840403672,21.531576066177568,0.6062490177215931
79.69490419884526,21.53223318852763,0.7215039759354398
79.68408770674534,21.531223410161584,0.6797104515573155
79.68028506456197,21.549341042820796,0.7447013564968414
79.66760944135302,21.56787588205068,0.5039617438882293
79.68350454703373,21.554138202025673,0.7923031080965898
79.66975964890632,21.57359239531305,0.39207992014476883
79.70406194058953,21.558192669314604,0.6252570704687186
79.67252985612967,21.561360406937954,0.7409144238807448
79.66351391831707,21.56005643378362,0.4806362383063084
79.69314196826903,21.546967551591024,0.7592876009571426
79.69571378396316,21.561360329332004,0.6573925545405169
79.71231478367683,21.524182464788137,0.3387971542874253
79.69461889674506,21.57159108831494,0.5763795708561295
79.6807288512234,21.566668728606633,0.635579590008294
79.70818071289158,21.5347137974939,0.48547751311775605
79.69241673359124,21.566081947255242,0.7437550496797325
79.66475681707787,21.520758556084,0.34690221609872307
79.69395103361879,21.53303479434885,0.7016307869955783
79.7144811127253,21.523908234320253,0.37153316096876454
79.6837787575299,21.566813614997074,0.6227275316273454
79.67777954811399,21.5653524490707,0.7606429802456784
79.66860816742108,21.56881816142811,0.5912620010831144
79.66908673131611,21.520268901599533,0.4646912639290567
79.6859662890605,21.550073963600703,0.8934623548365331
79.69574078944969,21.56229017185104,0.7631092895295375
79.66483692431018,21.52932406772434,0.689813853567187
79.71637411534151,21.558987443650757,0.4645595134504555
79.7053080170467,21.52504660595858,0.5701722524756098
79.69519743509701,21.530879551366258,0.4762233997375661
79.70970632025634,21.548547808899674,0.551376952629943
79.66481120540872,21.559213909160864,0.5515015364438105
79.68861033266398,21.528752147617233,0.5189361948624751
79.6978055876117,21.531113399849854,0.6126279016972038
79.7097191743671,21.53226678202394,0.5473192157742253
79.70700817360296,21.53432204828194,0.4967349157323172
79.6766241549828,21.533593230911578,0.7607723260049315
79.71645281017355,21.543708946509856,0.4367126656655872
79.66746075048584,21.559227379050203,0.6540522638361745
79.71250801711727,21.546281906988067,0.4352304634882296
79.71825641497628,21.566558434524993,0.33946328274081405
79.67062921139336,21.563156110356914,0.6233502329401693
79.70332396385223,21.527591614842944,0.5473921802013546
79.66241713112667,21.522930497399244,0.3383295650217838
79.68432536950834,21.572676493839975,0.4641157218788319
79.69097699795186,21.52478986399377,0.6159070322855944
79.69483871355457,21.52890035084318,0.6159186343771057
79.71615623489491,21.521327996533486,0.3230557122066273
79.70033504123765,21.55770018191792,0.5535730128364864
79.68887667707315,21.5549422337895,0.7797834926961504
79.70858050217595,21.579214219986113,0.45883980968856425
79.71703196925726,21.57321594377903,0.46922233986835593
79.66132396892094,21.544650590648853,0.681609222790843
79.71895127633536,21.542295150454752,0.2749354890077018
79.66516792834382,21.537811122056798,0.6907381693788756
79.70886320675612,21.52914441520227,0.38111390172615106
79.67682008515308,21.52828501939612,0.5763940980100881
79.66793077946522,21.527937022480575,0.47098243428042963
79.68639133838283,21.526846885431205,0.7010121874514383
79.69863739476685,21.534430722544332,0.6769843442481037
79.6828571107014,21.538400117818785,0.8236014146312235
79.66327392449696,21.577694738262334,0.4761524478085829
79.69596766837952,21.55470839506011,0.6585467286220096
79.71414419656664,21.579255746470796,0.3219820987220102
79.68299292195684,21.54234801686954,0.8665352635206355
79.67297996665785,21.547457597955365,0.8340682471928269
79.68655464075597,21.539474719549915,0.8816542708928679
79.66290176266293,21.53097325905379,0.48042517541028085
79.70922925506882,21.528589882466655,0.5315105181917053
79.70958044865701,21.57670475186847,0.3660823744951002
79.69528002780578,21.579208640907925,0.5034419848686517
79.6811861733363,21.522694569790524,0.5415667930771468
79.70798700186674,21.529020752483905,0.6019028744376935
79.6932812214873,21.54541144553806,0.6867254660440096
79.709555938513,21.531180008580662,0.5195904985074842
79.69788752755498,21.54183282361761,0.730285128526014
79.70706432839276,21.527745780991577,0.36778659887446774
79.69591377959307,21.547390705403306,0.6253785773070341
79.68484846409294,21.536301676970155,0.85278952998324
79.71747675159557,21.54111430334552,0.31859233698956985
79.69246682949273,21.525658759087765,0.47846934688317294
79.69630537111243,21.54568768304261,0.8902981125679265
79.67322925836488,21.578995456657694,0.5329309076350551
79.69753904736564,21.539729982812872,0.6221600281178432
79.69429645896898,21.572585756490543,0.5744773212968006
79.67109030387682,21.57059194849742,0.5829217288694962
79.66357522584119,21.57712350509783,0.5371143796166347
79.69626155918289,21.567406570736026,0.6718771020095815
79.70582153616101,21.559575809623528,0.6643106361150526
79.69140408225532,21.571395066653647,0.4962569996720853
79.67360635751918,21.52453868083944,0.5996981723155859
79.69999131860158,21.54776983943193,0.5595747786364967
79.66480634359657,21.5793553743169,0.28931185589469377
79.68651002228812,21.566176009077683,0.7497845082436063
79.6698020055039,21.57772452268223,0.3245410156080205
79.67106754306359,21.56677806136801,0.649668602634438
79.67213763694949,21.572492918046528,0.6549929502676968
79.68320242342264,21.56239177793819,0.7108236747264196
79.66306901233722,21.565630120265034,0.417162077215695
79.68386760645575,21.55139068059037,0.90912800715364
79.69070244682688,21.575454262048847,0.6542338632855842
79.68899765709797,21.5695023346374,0.6895134262752067
79.68296704602417,21.570633097939936,0.6437576020856899
79.71034879648424,21.560380546057782,0.4150680442298542
79.66871960154522,21.538274796825235,0.5452741919956425
79.69034180462688,21.52213778772341,0.5892942688085581
79.66372248501739,21.57613930776457,0.36458575219676925
79.66426934073267,21.55516722092833,0.7640597320028856
79.69443195098063,21.537888578268888,0.7075448994914431
79.69396110549327,21.528948106470853,0.6190817913317593
79.71268201077066,21.569771389930043,0.4843516846479784
79.6934724205396,21.570191211666852,0.6712561028011919
79.71758746122428,21.56887047808783,0.412443048493603
79.66292169090399,21.558704961518007,0.7455809332308403
79.66588046108684,21.541960923255512,0.8242350046937647
79.66264395169422,21.538244217086813,0.7413523721875352
79.67111661102001,21.52051328620709,0.5837848010729372
79.6924762066565,21.570016453521294,0.6585527516085391
79.69873433088564,21.525245961849617,0.5687947107248559
79.66273510947691,21.557845299882445,0.49848432408657317
79.71675825339074,21.550244496810404,0.3715092241785183
79.71052992259902,21.55160136153558,0.37878825508920766
79.67779674892942,21.575602770718465,0.42411789054419646
79.66463125181359,21.521896900676275,0.44180596471931227
79.67019322439315,21.566403533477725,0.51670373786521
79.66761666482529,21.523123143902037,0.6180270643951127
79.66739702675794,21.52228921635612,0.5771551946615814
79.69111370131994,21.54578906188848,0.6776447324093894
79.6747508465496,21.523784510460576,0.4771174251093259
79.68148838299174,21.567348637077572,0.7680148116870054
79.71937032000305,21.5517737856189,0.4979412276664391
79.70105885493552,21.521742326959586,0.5926199068518827
79.71693884002282,21.522430041188915,0.4938584571318167
79.66855339330198,21.556760111784367,0.8503822395691147
79.68292836848995,21.568366709059504,0.6299439779574452
79.69328390819695,21.546267971876485,0.7105844171065456
79.66460548371332,21.553274840292136,0.7479662468087276
79.66025124661768,21.56798976724299,0.4371250067184136
79.70022606002782,21.55663037044251,0.7588273988714322
79.69850917100808,21.53348561425953,0.6336084274143392
79.68464732859998,21.55678312155217,0.8981331401813542
79.68937864456191,21.557696767543913,0.7129160813123581
79.68492658003552,21.564046418852865,0.7239652542324689
79.66144030269069,21.557252451253408,0.6209885247329161
79.68012229637304,21.57815452782748,0.6324033265430277
79.67062493532383,21.531837298523023,0.5689462931224993
79.66590545134608,21.577065440774025,0.5816612071731634
79.71740322603335,21.552300369421,0.5213780860838204
79.69596158350252,21.560317368429693,0.760764287424673
79.7037193770542,21.525967695847132,0.5683834753708302
79.67892182459596,21.542834556482685,0.8525465730278798
79.68358882776964,21.56616274878779,0.6146873865554765
79.6742154396338,21.562414660905937,0.6174305154637906
79.66581794025792,21.522408363289923,0.5849531963050014
79.67074189824649,21.552795655809835,0.8264408520530588
79.70785084271779,21.525296691578102,0.3503886696270545
79.70065274831103,21.579751385750686,0.4509855327626277
79.69281573255913,21.573837795311995,0.5227042385062086
79.68850539237201,21.52126483962571,0.42208308732521904
79.71534605701936,21.571518974734158,0.3836464110135696
79.66436409686672,21.575165776033504,0.39530940182932395
79.67683604879427,21.541212893353805,0.6760762831387372
79.68099627121424,21.563170099302866,0.7244339435779683
79.70694554873276,21.546526224772467,0.6118907907514978
79.71955087720971,21.55931394907458,0.2537587696212873
79.67444023088542,21.54041904425789,0.7426017869123438
79.71245844004822,21.539353554197994,0.40682704612791587
79.7098373656259,21.545466033331454,0.3965068854931887
79.6734794438585,21.52873406551915,0.5068949698074887
79.68395995481195,21.569868337866122,0.5239282974922548
79.68458037215755,21.540921873721697,0.7183771315376896
79.71869324011159,21.544008973234348,0.5039603705348591
79.67085351408274,21.573643276762127,0.5099219155689514
79.70794947826629,21.54979742884379,0.4639138564003832
79.68005156285038,21.55265523456105,0.715849606246834
79.70385222074657,21.577389887486625,0.35875600788450396
79.68520066025773,21.573203582988697,0.6661571670091293
79.69470158578699,21.530168002533305,0.5800635394766189
79.70995670639957,21.548392901795086,0.43634132491517175
79.70824993389903,21.578277773645713,0.3524175392551818
79.71198539101238,21.542341977893717,0.5138608997204845
79.66357703952067,21.54229438651097,0.5056696214593175
79.70152303318238,21.531701813907347,0.6063269725716789
79.6683992426033,21.526859386847146,0.5209091273277229
79.6849491140811,21.564418287445356,0.5690018584663412
79.69291530490328,21.56620182812209,0.7010653932344976
79.68416436908481,21.578140777810177,0.5649012049955313
79.69117670054818,21.56640509265432,0.69751158362903
79.71979157852792,21.534601149642015,0.32873918403664437
79.66811303882277,21.52240699469731,0.5009814373881598
79.70052736272018,21.579126243062177,0.3899048945813708
79.68376005798314,21.540427041732617,0.8704409673433295
79.66798058793444,21.538718292545944,0.7102722473704907
79.66952420580246,21.57435731258496,0.3838261560132823
79.71695638637473,21.555105993912697,0.4732709852082375
79.7127760898027,21.53289227043095,0.49771790875480926
79.7144225176249,21.573345774562974,0.3319027357485936
79.71949196654964,21.579601651303282,0.4230663630558034
79.67249892340051,21.52520071366905,0.6635388335650211
79.68132636024184,21.57173509769815,0.5039848797688704
79.7001531417955,21.54343094186106,0.8046406510107904
79.68902815239164,21.5514443467904,0.8056138918451556
79.6851033720027,21.5748889585459,0.6172118779582549
79.68146867496013,21.578402751746506,0.5914489983649243
79.6956268379166,21.535729834624526,0.6831398572774663
79.6945356057184,21.532771046257594,0.6267458389792858
79.66968747004385,21.52483099351549,0.660295129352348
79.6883043902511,21.553707871159727,0.7372626612273783
79.69320830657259,21.52081626372704,0.42552784016406353
79.69421721632388,21.544713897856596,0.7280823627856792
79.67260643157474,21.52440304099912,0.657538487051114
79.70453628353513,21.544313546975758,0.7501496345107351
79.66151194568926,21.522395931355938,0.3566070026521519
79.68128991133258,21.570113035636524,0.736874794229315
79.70681275891214,21.532584339636312,0.43890078155154316
79.69383357526333,21.539698522621475,0.8823964814728862
79.67566974595064,21.572202879796382,0.6064088848906493
79.70169718716058,21.56477596367993,0.42701867500410456
79.69404345664937,21.533142301698522,0.5266742678931515
79.70777461656738,21.52431396511945,0.3228109696691836
79.70410151117139,21.56294042661132,0.46829306329399245
79.69660647532217,21.543442153041287,0.8140327321524953
79.68929066051865,21.565964799947093,0.5937106831278522
79.66799092754005,21.54671768634251,0.8694906534641216
79.67567998107312,21.540760144778336,0.8259785270183435
79.68514596837502,21.547072324492742,0.9032065188093046
79.69595795722039,21.56491353914024,0.5537235471080729
79.69082247131291,21.574133217192422,0.662265295311492
79.67729107155756,21.522986031795313,0.6011393846418303
79.66038786146738,21.551446692473615,0.7181405719989351
79.68977435331405,21.52197012574503,0.6676161100062747
79.67713755931373,21.54810457270146,0.7179838038044202
79.70407649804262,21.57311696974581,0.33956732134110756
79.66143677591623,21.541695415985217,0.7017716998809582
79.69508966867835,21.57594702526484,0.6053915989979146
79.71648845425037,21.557836508299037,0.4534993498780785
79.67046455602669,21.57604932062758,0.45263052925156627
79.68829896944503,21.56542999752475,0.7356415862668944
79.66548531950903,21.526206109998924,0.45938921681550016
79.69754091473568,21.53386908205376,0.5604883834224875
79.69303190083578,21.54365022727501,0.7743788320152739
79.68444193145277,21.530206412920723,0.5906531891262892
79.69128262128842,21.549694696286597,0.8037051128848287
79.71379447950814,21.548282089342088,0.6178162165457125
79.67177765813867,21.57737555188164,0.5844287864917139
79.66135387070231,21.546023672973757,0.7572075856758149
79.71169989308194,21.56713760825728,0.5278523907655045
79.69462702494327,21.576514632691087,0.447062705367416
79.7134395073277,21.572619329858437,0.47651500746018777
79.69581671340478,21.532520057470695,0.7681189518044729
79.70860966539757,21.54976179365521,0.6933806856363824
79.68578040180131,21.540864386937756,0.864884805070891
79.70499159587729,21.543991521708232,0.5236081894801874
79.71478248801338,21.541648409574744,0.3184881521691484
79.69432737782333,21.569581552610497,0.4839761994329005
79.67084710903374,21.547128343307346,0.9074451205325521
79.67612785690181,21.55142165993468,0.8074560271350797
79.67191867461383,21.578946841422823,0.5690648617528307
79.67481142165575,21.52359875633149,0.5394585965306886
79.67838492696106,21.549277458387444,0.8859664935367437
79.69330802720519,21.566443702416766,0.49958438391861076
79.69527949776783,21.529069717491293,0.5255611863920041
79.68558998483451,21.556691895676884,0.7893102892506348
79.69692524678925,21.534367886772067,0.6908778501516362
79.66489449553669,21.57204424679347,0.402661139720218
79.66526729422348,21.539625979924004,0.7347176631035008
79.67030976762146,21.539743769014052,0.6823558687956962
79.69108464988241,21.555891632711074,0.8776762468533039
79.67283968072189,21.531013774487192,0.5266270847384414
79.67699706420956,21.537093318334183,0.8108782228095508
79.68401877017038,21.544997911007165,0.7792518686308437
79.70871196744062,21.541218271788406,0.6300381020233696
79.66083172815476,21.551492633080333,0.5865432306945807
79.6989627292142,21.555978408644137,0.7388413604046985
79.70013259186244,21.55400004722501,0.8134513215422475
79.7079193468214,21.559250098719513,0.39285212256199564
79.71596517634362,21.53846497099647,0.2844303956627646
79.66120827093695,21.527585573629302,0.5715791445461297
79.66922702233079,21.565648452485863,0.6669428173602391
79.71317027764336,21.57104682295784,0.33320321976633227
79.68751111373122,21.535420373933345,0.7412096216711154
79.69387543833601,21.54442551736948,0.6349208249291846
79.69978163222339,21.549914153017813,0.6080856892839568
79.70074399626974,21.551999610565176,0.6587384466064925
79.715904424199,21.559569410265258,0.5293165323294687
79.7198169650447,21.52249619400132,0.32128447388093995
79.70320944765585,21.56328862496404,0.5964634838023579
79.6772332725523,21.523718260418764,0.6740754506548958
79.71278514413765,21.54809731406037,0.4380466224173479
79.66295325487245,21.56966026813415,0.5696288150287225
79.67386485117247,21.547072918796704,0.9101743017329585
79.71384314304782,21.528945384926093,0.3168331613341322
79.67537149086635,21.579102030700355,0.43140051472076846
79.6732390635773,21.573357127724453,0.6909753748734757
79.66828751758841,21.5662788179935,0.7503764091004541
79.71154670545882,21.54469069617395,0.4267833750993004
79.69000349555147,21.531030743613357,0.5379570445243286
79.70049359218325,21.576484670885108,0.38420035410843956
79.6743439830445,21.551941067591027,0.7710887882809853
79.70548242526067,21.57114132762325,0.4495632209510518
79.70560033269773,21.540525700345565,0.6209345021459625
79.6787558814945,21.540117299024768,0.9181718815386768
79.68464095798062,21.579132428840442,0.43544994243504576
79.67258141664581,21.55130998290969,0.8907307459483638
79.71859366139937,21.528441725431644,0.23947401060359536
79.6987361546235,21.533180480679682,0.47987510660941335
79.71607263284292,21.548916656763563,0.45070605862672175
79.67820313261774,21.522548254629303,0.41472275975530504
79.70691345477981,21.547752039122695,0.5543750816254095
79.70595151863309,21.545136450524808,0.7171998650853761
79.70149933911199,21.566760175919168,0.47826769112925915
79.717938338516,21.541296517869355,0.4781807896074316
79.68361332016637,21.578952925692374,0.43025553409994727
79.66784303941539,21.530846195158052,0.4618187946406928
79.70030253155464,21.55545920109809,0.6900630502612171
79.70375858802863,21.525381957820496,0.5762368074455378
79.69450363440752,21.564031839039636,0.6367965459363132
79.672409073588,21.579685221283718,0.4904970082676814
79.69026735650016,21.569148318265096,0.7434380167114896
79.67873138419415,21.553342212443216,0.9138334582684478
79.68564799169,21.54908448144398,0.7535090409231404
79.69871311455067,21.57010179767601,0.6149658258178801
79.70471288456145,21.57615844508264,0.42552257245209046
79.67393348145407,21.579352391547882,0.5396624508791423
79.68431952163881,21.543792353653867,0.833109189200712
79.6761496942595,21.57945504848767,0.3604952653982618
79.67191789683172,21.529355575130428,0.6374300536426392
79.70700323319974,21.535212986555912,0.5276037626081186
79.71455516166621,21.525340967484034,0.38317695109158667
79.68221393114108,21.536304310989067,0.8784867257506586
79.70507673546243,21.56607625309708,0.6392435349016916
79.71381971736186,21.571175461490707,0.3749030816345077
79.71076745263181,21.566733558706154,0.4356835848943136
79.67096880331235,21.55786394669006,0.7327910142994621
79.7173775128908,21.550837990751358,0.4376568382922376
79.68260058642576,21.562522257352818,0.8801784941701374
79.68035443967042,21.543450012956033,0.8750107134007448
79.66374587963666,21.57047850108998,0.44160520069910714
79.6891704192463,21.560631405638606,0.7592427557080591
79.66654081693845,21.561868281909664,0.6739115456439247
79.67491238925564,21.552156159587742,0.848096092144798
79.67901655730603,21.57311373905267,0.6006138273428823
79.7085295794095,21.535120884020742,0.41216702011276607
79.71252931902376,21.54286885920166,0.3511035469290949
79.67814797904768,21.56665855418066,0.6256759081747764
79.71152188727467,21.54956493376776,0.49235610810102604
79.71143385624218,21.57335284080545,0.2629202361359668
79.7058790570231,21.54078395918577,0.676910754504948
79.66880170684091,21.542159810129178,0.6748543645112332
79.70141937081404,21.573324147363195,0.6057500851185893
79.71670144387484,21.54786221921092,0.3374770473065579
79.70095242872603,21.550967475052147,0.547755546206277
79.67989701094646,21.53996582292014,0.7960520763455822
79.69003475904584,21.536600196530745,0.6497062836593259
79.69874350260106,21.559356922650302,0.7974222975062981
79.6906342245237,21.527190439692472,0.4594770939583532
79.66719717650386,21.572756358470972,0.4862279941458169
79.67872384267912,21.566752188205903,0.8030907833895872
79.70814376183321,21.531444895822347,0.4510861735933252
79.71168508276573,21.561641196749473,0.34917572880594583
79.66823800196293,21.556157975277138,0.648483828922122
79.71714320514393,21.5310721030442,0.3856288732186013
79.67972935707091,21.53639221036301,0.6665821659986562
79.69973882432384,21.54453919022403,0.6840755899372307
79.7051095087574,21.56195456411473,0.6577893600431902
79.70871677407827,21.55832340452902,0.6422720070044077
79.71674498213355,21.551934090860602,0.3034577884447767
79.67877517288173,21.56610463258684,0.5834174599471433
79.7115103872731,21.565476264376368,0.3819279238957318
79.66790121420617,21.557071549243734,0.724992080646008
79.70230245438121,21.567219405003087,0.49997184890297625
79.70451866377084,21.54005580248675,0.7022214953131052
79.70066339447207,21.572874971699356,0.5583930584772061
79.6751388841681,21.556894605148116,0.6581076900813618
79.71238258882092,21.569341810828746,0.45128742397945343
79.67013150780222,21.552776746287417,0.6352028891705443
79.66321808749125,21.53310629469932,0.4964168807558179
79.70304789943671,21.552544607720698,0.5470255108123123
79.68852854291396,21.542266699826595,0.7098645950328284
79.71094588119752,21.561849942162226,0.5144002021761005
79.6830038284635,21.54854762750408,0.8690661262644519
79.67009671531046,21.57016676829566,0.47357718974692364
79.71018653154819,21.560684350739315,0.6435227604010039
79.6929345778984,21.56107266598188,0.6915158799160834
79.67135174754341,21.53302932000946,0.5404855229349503
79.70322303991519,21.579054985989476,0.29370480933294474
79.69066681830937,21.570500512556286,0.6256968762777134
79.69625877893442,21.56734029307364,0.7477049418402245
79.68765390029239,21.5398129135096,0.8139637614161339
79.70972253902907,21.552137899170834,0.6732567703410763
79.70977376294098,21.52822619128446,0.4250780740869592
79.70256332930946,21.552308558599762,0.6328028659220994
79.66632408264378,21.528753354788996,0.5568112414430408
79.71033123171425,21.553182270639375,0.5860725662147002
79.70026077883198,21.55892331280929,0.6096395353605897
79.70182144996025,21.543411758034992,0.7670510308640206
79.68177897042423,21.549912692699877,0.7071045958922693
79.71275677336942,21.572539203260472,0.3709591776180538
79.70352229601409,21.526513788682166,0.49333221765536234
79.66675542799175,21.567503973579978,0.6063580754748068
79.68446668206437,21.530245273059773,0.6092060904471457
79.71318282171761,21.52220247896828,0.34726192539314793
79.66283180210183,21.531134476164702,0.540502666938159
79.71768499717852,21.565902591398228,0.4388844987524654
79.70074975409918,21.54430756440021,0.7600170114495763
79.6978825586586,21.57235123101077,0.594732475144846
79.67623355538927,21.551482452470935,0.7719159068822868
79.67492750732434,21.52133502111558,0.6667351137029238
79.71652349316932,21.563002816576113,0.5121903312916201
79.67789634725405,21.526613974523272,0.5379572693917252
79.70653031780314,21.567362778007713,0.40037047777812773
79.68358730789242,21.53008615298831,0.61893720390206
79.66835524424708,21.54072678314833,0.6918137260583623
79.66064291786172,21.56567628577752,0.6290521613417499
79.69265544022092,21.577253881448584,0.5743060454696052
79.71854672911293,21.542286037038803,0.5169376062351737
79.68214817162855,21.569764013211934,0.5657244081479812
79.68143154003958,21.53144753592855,0.7232428236317239
79.68064549707097,21.568430786212147,0.5888103226900849
79.69123263023829,21.559449643555375,0.6308631907621367
79.68643989300546,21.531564610432742,0.7475978868857526
79.71279487760361,21.538150237621085,0.36257946382820516
79.69033124750341,21.527906253315823,0.6693251387802088
79.69046547029131,21.542978020663856,0.8429275431055226
79.66830229568323,21.532218918467397,0.7131916088874399
79.71896437245462,21.55863987721783,0.2896828397302965
79.67499837345213,21.57967030625323,0.5505552254529431
79.66440184404757,21.520720549785054,0.5950767138494907
79.69978877493851,21.552455188797236,0.7998160896002403
79.6957219822094,21.55441999585294,0.817845616128364
79.68490873923956,21.57485252738085,0.5995579934708009
79.68533153403284,21.550360320086014,0.8212465784056269
79.70710383526279,21.552622085178694,0.6477765078454636
79.67174275840597,21.5482991680797,0.8470740114462596
79.7092151991367,21.536134258273687,0.5459214445340361
79.6989248268337,21.523361747994933,0.5835295529760633
79.68513818642677,21.54451946093259,0.8214568658840339
79.68748171699502,21.52315548827444,0.44292115340571536
79.67539883243116,21.553029548167952,0.8242492246251567
79.70512685996182,21.538437618594536,0.5091377250272009
79.69077248453831,21.552016144091525,0.772868892159009
79.67925127256498,21.52805781786371,0.4925398947716869
79.69576300694565,21.57595779794436,0.4561382868770496
79.71974406712307,21.573671274612995,0.4251688191070846
79.68611573677939,21.531399790552136,0.703624728052223
79.71524148404671,21.54060665699764,0.300384118955986
79.68070101039547,21.556809566311117,0.7997145462194231
79.66328396241549,21.525741172438355,0.4290298946962119
79.6722545263821,21.54127406926697,0.7506473040727943
79.68512170859965,21.53506673720914,0.7177037249776168
79.67317809571567,21.574931003723,0.6534060928725733
79.66001362229309,21.57115063817735,0.32673791710713795
79.71490009226486,21.55478996447601,0.5124884097321281
79.71063276467386,21.551220780212294,0.6313936080483677
79.70453753388921,21.575843547672722,0.5671268597837072
79.67006887573876,21.57594566697873,0.39507391045641416
79.6672218145726,21.578159807521097,0.4559969000774067
79.66405628496834,21.527522733046492,0.382272076440582
79.70344175132638,21.52963346864579,0.5235956825249399
79.71572847764128,21.560604201920793,0.3145932442074568
79.68583214925478,21.55248606859659,0.9375535174354536
79.66714844031976,21.521107954293594,0.35336827316208
79.69074356924392,21.52371850215937,0.5568168711669148
79.68092991444752,21.573284822935527,0.5822663761209057
79.682489495461,21.572132247732362,0.737282100680059
79.69727983744934,21.541436255319763,0.7594723051748933
79.70312308679573,21.57346303701583,0.40172289113998216
79.66663621593239,21.555620504463874,0.6111503002036661
79.66213541384839,21.568354338821134,0.4030984290850984
79.71965981816115,21.545645864269613,0.48078088175637224
79.67396370093493,21.526803899640694,0.6508556979961373
79.6632298314945,21.54602362375876,0.6877889781674243
79.67139251974575,21.547437987879814,0.6371713031809988
79.6623374707809,21.553056651630435,0.7145998793189452
79.68350865367702,21.526334962774264,0.6569252696390501
79.70814410706708,21.579484111782975,0.5117797598087415
79.68047466698546,21.534648209248413,0.7663371444776899
79.6866510044127,21.531913144212226,0.6380822052041766
79.70053520641405,21.551608175131356,0.6501259622775938
79.6905336442042,21.552232490763693,0.7115242951413594
79.71168674116127,21.546389244269992,0.577352936454508
79.71196214050275,21.566313528779514,0.5010041897071705
79.66059464172946,21.550999264043714,0.5231847189202565
79.706682778389,21.556581727308696,0.46746955584675576
79.6876440160145,21.563424783124464,0.5947953365550409
79.71933043247822,21.52150150609383,0.44964650486540936
79.68899392455252,21.5542386509527,0.7302646884132991
79.71921375672329,21.5730516682737,0.29170997793550746
79.70527416167235,21.521043324575526,0.3537098864117578
79.67491629307679,21.544310926228057,0.7765773126968565
79.69230369875721,21.575573647012348,0.5803400156382652
79.71952813836872,21.54118926413695,0.5094086095148419
79.71145183646512,21.547523729452013,0.4198141344014613
79.66584201362747,21.578892483582656,0.4858042050566267
79.70238231980859,21.531959431537032,0.5162333207537653
79.68073477515225,21.5239153113475,0.7179124989823265
79.66041893571281,21.57156535545168,0.40396475751368044
79.68420885814162,21.57210792047274,0.4477935742615049
79.67408526530349,21.5483246700808,0.8098728085967959
79.70913215623122,21.550852430468638,0.4451262393883266
79.68023983653075,21.57014838217707,0.4888097470310898
79.70965142163723,21.564313569886945,0.5389391621294839
79.66003587633008,21.53590894013302,0.6221620192548385
79.67846914900156,21.52101360130429,0.5121916929822328
79.67446991285847,21.54878200975201,0.861991552308713
79.67401404166411,21.571534739565738,0.5900889559765632
79.66409119718593,21.573750080601407,0.5134732949745726
79.67122745622463,21.577373571824566,0.5086357275274271
79.69333297419314,21.572773794256765,0.6005327760740217
79.67748166437026,21.554802613317886,0.721016531948938
79.68504368693975,21.546676335954164,0.7754899992352162
79.68261201282083,21.566490990792044,0.6685412277797603
79.7125542955,21.564389298061933,0.4281665888233817
79.71431793994063,21.552288605804886,0.5528565405275979
79.68957741829935,21.525239642353508,0.5417403520412245
79.67980935701894,21.575564880807214,0.43692618610991496
79.66640804224014,21.5473361522501,0.6319094124110483
79.71720417276292,21.541800026914974,0.34075899663311093
79.66361361669401,21.557774043710126,0.7003020446351222
79.6778590166541,21.56043027767002,0.7504233729565368
79.67788397207019,21.532641275021817,0.7653073789670533
79.67922407716841,21.570216330688595,0.5968366728643407
79.66985721059635,21.53739622561974,0.8128691663853835
79.70698968585542,21.531201035554858,0.6425335152533658
79.66734987171796,21.54438399117127,0.7636855688182016
79.69809439954919,21.563833604853848,0.7373794894997506
79.66743076160235,21.577927490706386,0.45298854908489516
79.66423213825557,21.568556875862285,0.6655113948563856
79.71456577022116,21.57642090266021,0.45126550313402347
79.67140772597912,21.52843634824459,0.7468893928682738
79.70927500927358,21.524270607931822,0.4519236692047499
79.69267785226643,21.5534622857144,0.8665191525422515
79.66467139117653,21.537417848982642,0.642273694953504
79.71732689148628,21.569683298378155,0.2955434310105632
79.67481767001951,21.56031927228414,0.6971243778423863
79.71157872072115,21.578243689839145,0.4780051078825075
79.67012860034707,21.535287541343877,0.5431314329726733
79.71123657292851,21.549147046861314,0.5460281080632947
79.66079372877431,21.55007442864552,0.5792307033758595
79.69070682739417,21.53435060769144,0.6759349339792646
79.70616655476529,21.55540560396928,0.6988665646307117
79.71608773104957,21.546597159164754,0.5546062018418495
79.71455212817239,21.546803293359392,0.499073641670111
79.70917749217286,21.541764198878347,0.46854955552554
79.71329148097968,21.52101576114553,0.3535199123048578
79.67195318115022,21.551325714214887,0.7510761851445797
79.6770510577427,21.54011487014202,0.7451401703490601
79.67733811149526,21.52007919213906,0.3878787314502911
79.6826232358601,21.538476622459715,0.8037924615844039
79.6835992402231,21.536717699985385,0.7105386214737266
79.69267331947928,21.543606889193416,0.829731321721928
79.66959278580198,21.527911119378604,0.5226426751411268
79.70147479982715,21.550461029478104,0.6527379570037541
79.67005399235826,21.561546421151085,0.5467075187073156
79.67861850892626,21.55781113414327,0.9395851704629528
79.69020070783637,21.56822529685415,0.6401578211239071
79.70778643369141,21.547120497279224,0.42932783623472615
79.70436815399432,21.551145503820383,0.6383134347902724
79.69873206138463,21.568624116451538,0.67447876930622
79.6693463956348,21.545662070249154,0.826743410653482
79.69282272073693,21.562095960993975,0.7641124378068688
79.66524679010799,21.546076142123077,0.5784188916272084
79.6826417906078,21.545064171670692,0.8895765859845537
79.6848109918174,21.565612337471748,0.7783666487383839
79.66238868636674,21.530490214927973,0.5550195711156307
79.6764392859682,21.540315158316492,0.9046547497465884
79.71733896803599,21.533450336604812,0.3284062086475678
79.71721795646978,21.541546596578055,0.3481928216489467
79.68113962325515,21.53382248934196,0.840836369544737
79.6625860065369,21.554764337865198,0.6703819237110256
79.67074569635969,21.56789024815707,0.45811572857744687
79.683533067606,21.567196783673072,0.6312857691979334
79.71686678187815,21.541870057872927,0.537978467843404
79.66847194381222,21.579325624353654,0.2985086077651645
79.70581095062009,21.555631261882347,0.43894574776934914
79.66652095236248,21.543964018106696,0.6333368406611656
79.71887545464348,21.570132356754485,0.47783910415647635
79.68289698994654,21.563792440758558,0.8476447789699485
79.70651407233395,21.564956520209446,0.5189186375437473
79.68055546496866,21.53176836098403,0.7145802625235504
79.69766013262952,21.548099458442113,0.6818504641264161
79.6715209650844,21.571709687849474,0.4830634347421832
79.66876126115781,21.550242280457724,0.8347622971326119
79.71628384837409,21.56100716460526,0.30079204703963114
79.71505883667426,21.555276023982056,0.4502478978552409
79.71324813641277,21.5705414072631,0.4382163463646468
79.69752600701,21.537073650385697,0.554570184135144
79.70849609267297,21.55452851667318,0.5567942255643205
79.66414221621469,21.527394080080587,0.5418530622670767
79.68008734251343,21.561412646601966,0.8287023196918712
79.67882218748542,21.56391807030116,0.6380323999197315
79.69813871931716,21.52257023927134,0.42874140146924444
79.68135746640823,21.560547457817677,0.7905655015093196
79.66891040689862,21.544881409249946,0.8814311034085943
79.69578802452482,21.52744581256658,0.48917841710919524
79.70886303524014,21.545194452861907,0.6977391563410114
79.6829274096676,21.531653975781733,0.7636173983238503
79.6679361229059,21.544933571927398,0.8209805286465774
79.67180129183876,21.54306034167751,0.64109327434183
79.67424899831016,21.564303498216162,0.6260830971834999
79.67799385557967,21.56645293348998,0.5441436856221641
79.69856770423037,21.55642171926307,0.6532807407031156
79.69605672907227,21.521361210530948,0.6338365070716514
79.70176479169402,21.575861336744257,0.33207087668963664
79.68175011907189,21.561173996805785,0.7810732220139119
79.70943985911279,21.522051726995272,0.2478836622638445
79.67224525966934,21.569129973952844,0.6661457983804018
79.68814244485108,21.53201596928308,0.6016034965366747
79.70805632329248,21.554753271374267,0.4457556923896948
79.67080951886395,21.54799806219701,0.7194049517549785
79.66659178682444,21.545190326941302,0.7858411773338853
79.71302103806127,21.573382823207464,0.26332955162863814
79.68057577976555,21.546241677493757,0.7622668772765142
79.70103220749453,21.524520647054388,0.34360794131555916
79.66152091625584,21.576798323632897,0.5627020856770196
79.70140281330457,21.575232113874375,0.48785812219357216
79.67896607869281,21.561065961374894,0.8225206931170542
79.66334445121524,21.54807355168792,0.7047595154086914
79.69658876569288,21.52557156837661,0.4351470597974667
79.6744482289644,21.567444887114647,0.6710831168031081
79.68320843452311,21.52452867486544,0.47455095381761325
79.66483484873719,21.524116059093707,0.45748377308538024
79.66882979506569,21.55224303054636,0.7567830203459536
79.67787863412975,21.529607694411077,0.6746693540507631
79.6653855700336,21.520463816040422,0.33515930698708885
79.71464957588118,21.545386805859746,0.32682097235258367
79.66036282259104,21.528233033896605,0.5774522818948326
79.68903161313186,21.52963092491684,0.7200391040814167
79.66739484748796,21.52461463832412,0.3892598005027691
79.67846074536867,21.532305625223415,0.5884939268599618
79.7155635735891,21.56292905078646,0.5360773768068934
79.66970167319644,21.568535638433065,0.6704026006948212
79.7179499391831,21.547152018641757,0.5739654373409838
79.67234766261936,21.550393228952885,0.7114734088605501
79.70449396650801,21.52195930207565,0.43077108643824386
79.69280063589383,21.52415897568228,0.46933008183035
79.71306872365581,21.53545406353897,0.4895502745944579
79.69323959533018,21.55263390524279,0.6652323194704184
79.69207355314937,21.564373068924098,0.5689934267141108
79.6717274800221,21.556300183680282,0.6212401228376313
79.6699737617231,21.543527671299206,0.8026809146390519
79.71498934906693,21.527099444380188,0.38274056244626997
79.679670291931,21.56684639409323,0.7119071639007356
79.68232493529777,21.54182716309594,0.9362387692632882
79.7055894195057,21.564163240868965,0.603931780740816
79.68032940894537,21.55077873051486,0.8319259556169573
79.71712374679834,21.564319723213707,0.5407452946841584
79.70427566613992,21.574437373687154,0.4322887901953385
79.6958457545544,21.575261770963227,0.3837259378667668
79.71285370963268,21.552106406800036,0.6393830337152996
79.66297635450097,21.55069050188594,0.5087663702897824
79.67542376153135,21.53594070793017,0.7476695110822531
79.68790218005326,21.576147989891755,0.467576619250703
79.6736187123683,21.547475150031975,0.8008735821038965
79.70463431123812,21.527655474357243,0.5081630482744359
79.71515248186323,21.545962294877594,0.382381187139324
79.68542620719585,21.52762319501428,0.6500251324983489
79.68052795600671,21.550151901055422,0.9221535493000674
79.71769304392825,21.553676530891373,0.35420663777061556
79.68669114596965,21.540265345689615,0.7661798897983438
79.68934290402696,21.52429903685389,0.4984034204947355
79.68109899234051,21.576610212137993,0.619997950058657
79.71457290838073,21.566401186809003,0.47800740909448036
79.6941373289969,21.570332864830306,0.6918944672484344
79.7057304752309,21.54201210365717,0.4917304687072965
79.70870840310106,21.565649861801166,0.35290453861512444
79.68051094251503,21.54912237371015,0.7323011586635053
79.68602165987922,21.53206500930436,0.5994233642185457
79.71090830646438,21.527465402614432,0.4345589456786274
79.68179532110055,21.540703052159323,0.9537889102383909
79.70763610800711,21.528253126688508,0.4216297831396888
79.71645953935446,21.57989613857224,0.460834797187035
79.69739262238407,21.522951339413922,0.3625143174874099
79.70449763724712,21.546468615962144,0.7524289993167601
79.70830583872247,21.54712561134342,0.4681001616243399
79.7107023789338,21.5380379157149,0.6210351718298739
79.68370320027141,21.554281093942414,0.6978222775710297
79.66307580755056,21.52899862144909,0.6597372634788679
79.6841125762742,21.567034742835233,0.5876751453151865
79.70042537378704,21.53994686309486,0.599735047618552
79.68702102314684,21.555480555387916,0.8103191299671586
79.70493778905163,21.562938354164014,0.5151690083021099
79.68141894576812,21.57334252706141,0.625815700384038
79.69808464846624,21.57014724618713,0.6926128055454764
79.67118518829123,21.556498541686214,0.7739306954724262
79.7049621661987,21.543303590823033,0.6746336325071269
79.69274175812878,21.550192280204495,0.6696271376632416
79.67224386331279,21.566124087602727,0.6832289221303027
79.67751467040986,21.572652732553568,0.5639485755984431
79.7049165225149,21.5262269156906,0.5890352724679881
79.68895607413968,21.543091375749583,0.7771279063089567
79.67296188642358,21.566566995904807,0.6983688197698508
79.71803627142222,21.545899105755637,0.34157680509746136
79.70290750118902,21.539933665843975,0.5502534146408653
79.71742808995239,21.544679361809393,0.3919833386265003
79.68562630272162,21.55617068480718,0.7540796167911674
79.6885060204415,21.579988308648026,0.3940398595082021
79.71387731297109,21.54957954574627,0.34439315226194955
79.69150296041472,21.532509668497255,0.7802197576392818
79.70243673471434,21.529770794516747,0.40588049093120726
79.67513037264973,21.522540984848586,0.6517875659904185
79.68680358812216,21.5535290340951,0.7146763864662311
79.66740699194862,21.552674325489328,0.5841387936758217
79.67235880215262,21.532314035606817,0.6799999826461404
79.66005660491605,21.561719764387153,0.551100504349418
79.66235590309891,21.56446642249778,0.5539377382063221
79.71863702939062,21.535545892322926,0.41311740910445427
79.6745412217082,21.540645985841785,0.7109095799473514
79.69979864257024,21.579428300340833,0.4738066063209835
79.71034598192797,21.542455868071045,0.5223959266241681
79.69303962755419,21.565648100305363,0.6060034547304709
79.66918867000503,21.547163525597796,0.8441426106198576
79.70368698624017,21.567600689671657,0.590279129188293
79.69601508460597,21.56614139432696,0.5901459042421073
79.70387503536084,21.56006536151191,0.6934465912998397
79.70618479737142,21.571286700777733,0.5850733432678508
79.71852462206108,21.576353109692658,0.3393322794126062
79.6944137968016,21.554798999227124,0.6704390747355193
79.68049846676143,21.534248134433366,0.8594270864466234
79.69890787341402,21.543917737698642,0.6107399939942016
79.66410644255456,21.565498342810795,0.4320587252166424
79.7138438390993,21.55905300910743,0.4048440997338929
79.66716286068029,21.530667900313915,0.6570461702575741
79.67967057027315,21.523074372468784,0.6855497170265477
79.70894472283757,21.56097769561252,0.5526650793385894
79.69583874269983,21.53506474144176,0.8073082872679966
79.68361813121665,21.54998021462374,0.7263489157280161
79.6884061395625,21.564804806350754,0.5666984947916972
79.71127284359213,21.55376000683938,0.5424699605655012
79.68040026316359,21.524998154986708,0.730482307493628
79.71217898108873,21.53113481420701,0.43797437865418254
79.6652880658586,21.533159691041856,0.4615941089400454
79.70660790623252,21.53547185521869,0.4536473396042913
79.71085285798328,21.553924203517028,0.44045061655379886
79.67090905917024,21.550237946789522,0.7198347235942593
79.68582079194233,21.53218960230185,0.566613143930044
79.66992998647981,21.52405329060734,0.6483182847728206
79.70239624773966,21.530285932268484,0.5472759427730576
79.6921208660837,21.579062878757114,0.5199103149810671
79.6981194008025,21.548112816987487,0.595808180828421
79.67178921801737,21.572040730282126,0.42329481777085
79.67270475172315,21.57092514800013,0.6053998725984612
79.6624898395306,21.55069117344777,0.7603017133940535
79.67932405211174,21.56240126250763,0.7490279709350638
79.69358467968001,21.531565120624762,0.7628876278368548
79.71147609483984,21.561303802295612,0.5691537144854073
79.70001564684752,21.536343074755795,0.5072528439916113
79.68612377940399,21.569923725805246,0.538372635261247
79.71718720686364,21.525023447986534,0.40315490961881795
79.70315471203455,21.566388320373115,0.5236591349257318
79.71580991217175,21.525996214394116,0.308667134679212
79.69165527839633,21.572871354213657,0.534765904203772
79.67553425648758,21.538252271088098,0.7436063803442075
79.66316960118188,21.559263601889832,0.7366001986762246
79.70356509108903,21.549250136717216,0.5221995656529727
79.66727817988033,21.54197818871574,0.6336072765497833
79.67816650769632,21.558726509991008,0.7914850110371967
79.69194825447303,21.576851378833073,0.559152032048047
79.69386499526678,21.52247618484248,0.5571643819704981
79.69603499181923,21.575131171352986,0.6329820530497833
79.66997531982098,21.556544899301258,0.8158985989525869
79.6827842442893,21.568438858046143,0.6728641419907632
79.69703165362702,21.543032497206056,0.6403365758803417
79.71818913187802,21.548310578490256,0.40782811005463204
79.70365786826198,21.57213104510807,0.5327077448334172
79.71535622542564,21.54489087818859,0.5575517482250989
79.70573272349885,21.552079574004942,0.7398557450434612
79.69550301813354,21.52121169538506,0.522547897528954
79.67152140214817,21.52951588035028,0.6235469520891406
79.70000113911355,21.558501190478488,0.5116879268150802
79.69740277395759,21.563018614063832,0.5171251575834493
79.69614815022743,21.554956056207068,0.6305537036486504
79.68938715207929,21.528598602176537,0.5010484230396557
79.69171939623935,21.54672432571467,0.773185195747474
79.68006655162708,21.54130568598179,0.7649607040176439
79.69115876155854,21.549739680642105,0.8509009869428736
79.67185335434071,21.572219742073244,0.565622951811612
79.70831046384163,21.566551686319517,0.507081338166115
79.67114661728192,21.52503937008335,0.5407860441328084
79.66509797739336,21.57341855186647,0.4201618287015523
79.68617476158143,21.54830602906899,0.9793342332279614
79.69949844637036,21.564631728693158,0.4787551092155526
79.68626300949602,21.52840235387586,0.7752063243068326
79.67660524791708,21.56024317154242,0.6977169818462687
79.69349027103343,21.53417956105657,0.6885961039547761
79.68082014012472,21.546302853828454,0.7267773773900986
79.7159720614076,21.521011772204925,0.21479062831243692
79.71535870837621,21.529096638275828,0.37145564947665033
79.69014230919832,21.525524829587418,0.6558274019828644
79.67967303964109,21.534384650376296,0.6651533443035492
79.7042279448374,21.526001085401457,0.4964422548951044
79.66220277660898,21.56151460159717,0.5151282046607163
79.68848614036261,21.521742394132552,0.49834383877633504
79.68017940365621,21.5570644300375,0.9269226650507079
79.71523215310616,21.528442469849534,0.496825244415543
79.66072018163636,21.57670968743067,0.42191385358638017
79.6931688925431,21.57598564438659,0.42727960228208084
79.704439814864,21.533530186151257,0.45790759542999465
79.68910107925144,21.55686527789338,0.9259327551108003
79.66512418180976,21.521680319168347,0.37214102473019944
79.71834768340167,21.57590731258307,0.4236790037680774
79.69108062588256,21.551379238491503,0.7676263459872965
79.69685117465914,21.522593389085067,0.6459696355070448
79.67419658696245,21.540549999580488,0.7313592412672717
79.6890098851064,21.524610967711673,0.5295772206362794
79.68574896951749,21.5435766663624,0.8711738795087808
79.66449375052012,21.56019558052968,0.7628974629863756
79.66636962121285,21.548193394482485,0.8494543366140836
79.71024835117713,21.543023330483166,0.587136307299379
79.6743891971324,21.52714942273243,0.6777945236610359
79.67169749628991,21.53469634274162,0.7045986123499102
79.69029468707501,21.5260085972643,0.6667560468907114
79.70612482788175,21.568449923899397,0.5943116889471214
79.66371679111474,21.528114389679082,0.5182078998382598
79.6946084751783,21.55572240199293,0.783525306621377
79.66715262657043,21.54056442481533,0.6998557848454237
79.66218766304954,21.53355870307931,0.5798969778199852
79.66316463712973,21.558368106369524,0.7370474450149407
79.71004984649251,21.547420138562615,0.4931840753016169
79.66707834901769,21.544008728037074,0.6197311483390477
79.66270908186473,21.555571120293532,0.6175402365742375
79.68627399322857,21.5494760577094,0.7551990126753083
79.71063960831653,21.538209052513093,0.4985733431048181
79.67574450258935,21.553543677265914,0.9277494939888711
79.68530275705156,21.56016991459304,0.8077327422448871
79.66239535195382,21.52160158951521,0.5461966578321671
79.6869447108481,21.54795230373446,0.739777987720539
79.69465678483823,21.523460997075013,0.6471139708968232
79.69425442322513,21.531184324844087,0.6690700078007021
79.67994560153046,21.553630524044678,0.6898330736888083
79.67893199083979,21.571971334915933,0.6329751461945833
79.6663974171362,21.57296834075131,0.6385809186767131
79.68200789923877,21.524196640608316,0.4532893943039927
79.66596968013238,21.5451463051772,0.7198312324579625
79.70599575668273,21.554980388980272,0.7126640139131022
79.71797645786489,21.52882419427302,0.221112431767504
79.7182044674,21.565925933004685,0.41723232833651214
79.71190426596252,21.564654115506233,0.4426653679385453
79.69604752896038,21.574200460822407,0.4669232507003799
79.70205194183463,21.520509160725005,0.47641854301895337
79.67711234816082,21.53300105463934,0.5699235188820995
79.69784622521036,21.56963120285472,0.6349523978902618
79.68733897296639,21.560234803049614,0.6158256680922989
79.68892104038662,21.573663391221906,0.5017133854189755
79.7054665936225,21.523430779271816,0.4418898767561208
79.67691510133584,21.555817837942985,0.7631492022225402
79.67908237670167,21.554142794493618,0.7660942647969301
79.71547850746772,21.522140464981632,0.45193216010834414
79.66337345769105,21.55081132461475,0.7885064308981975
79.6891380579048,21.556571218678595,0.9041344263701555
79.71476804802447,21.531477590452127,0.41838763945914764
79.69662178046909,21.53639977498748,0.792792199069625
79.69278442445273,21.558420840777863,0.8708617597372904
79.67498465075376,21.548098056855995,0.7862444689089029
79.68059652934386,21.5714808194541,0.5395945601828958
79.71112290494828,21.54054290596055,0.382620276204246
79.69355308790611,21.53599957950329,0.6999324369321729
79.6908845316254,21.57909195642069,0.6068314104937546
79.6659747828124,21.574668146207802,0.49742331310725046
79.6609616893873,21.52173956469994,0.4799830463524384
79.71782111132123,21.566243716918393,0.26386846916463336
79.68261917003721,21.52662008642951,0.5121673068666361
79.69619278372596,21.52164911168976,0.4816906579674041
79.66478290439123,21.53642173095798,0.7575259101966658
79.70098685714338,21.536160752743665,0.5781241239914305
79.71595400252235,21.569159125740818,0.49533570480715955
79.69453991517985,21.56264003475657,0.5669399205913306
79.66756691934252,21.57889656563992,0.4752684194787373
79.6949032916484,21.56269077401871,0.7067416845355692
79.70598083278628,21.545095333195363,0.7055568125891662
79.68438499219444,21.56193565965671,0.6029204169243563
79.71279026487649,21.57996754403118,0.24906721106372298
79.69892097720144,21.56260851295375,0.5478894047309737
79.71395493509735,21.56570088135882,0.555963198435692
79.69741031867484,21.576301900911414,0.3724428959334153
79.66787727832029,21.526819075678702,0.40832334721058694
79.6785815026663,21.562287057606863,0.7494887497476108
79.67210769689514,21.571048357478045,0.5821432240878879
79.714529589863,21.57726271601325,0.45050938585192635
79.70562400403725,21.532658157382702,0.6616629482205276
79.7005839021346,21.550235740463453,0.6991930724509284
79.6780579791779,21.560833290858668,0.8844194944591584
79.671042686323,21.53484806377008,0.748415509593881
79.70538706527934,21.556028371795016,0.5219523971942446
79.68844947675274,21.53545472694988,0.8671743321498524
79.67354737312904,21.5400074212319,0.8104202252172887
79.69699731868991,21.546491121790652,0.7136429877524235
79.6624200311283,21.551751405924794,0.6949341103969517
79.6795702152477,21.546961952297508,0.8121089775352093
79.68811341967546,21.549591731187274,0.7175993376633764
79.66887750004656,21.5379153253773,0.7549711837629443
79.71907926865545,21.52953790564136,0.45957549699138245
79.67254584187538,21.52284099863961,0.595445179365266
79.66782118780259,21.5317587233495,0.5280522607255993
79.67221209243321,21.554916618490346,0.9017844266363841
79.70614366798958,21.567166926868186,0.3556412269973306
79.68553033955631,21.530154855846572,0.6228672345577102
79.69392495638515,21.526513321466357,0.5033069733832152
79.66126054941918,21.564957421632954,0.4025905748968034
79.6620658785144,21.538309499832238,0.5710963262566208
79.68674953298962,21.57708996635364,0.5503599725675528
79.70899931459209,21.56285907823662,0.6128131764565108
79.71311433272245,21.539605362834582,0.6186308144918986
79.66520239405574,21.53737256486762,0.7287492007030638
79.69230178612607,21.551421903176276,0.7855682049563
79.71479378117675,21.524748680096693,0.4395153440748479
79.68327836526387,21.52706059075872,0.7293335742596838
79.7097739498857,21.530551472878972,0.44941512138731277
79.66802173926396,21.566483415598274,0.6856063547236093
79.71612366938007,21.550831441556145,0.4426909489801667
79.70508539905188,21.520634027366466,0.38308996549462
79.71648006356722,21.560410991648325,0.42693760465463093
79.70059703401314,21.54542141071963,0.7366946271458359
79.68180423591997,21.550651141897827,0.9149864222578492
79.71629087035149,21.532846974604777,0.36014667102901193
79.67653400657855,21.553106933703646,0.836356556416298
79.6799303513237,21.578749194385086,0.6134830108143281
79.7020485050801,21.524406681460345,0.6237184154162307
79.70591897797152,21.537035043979866,0.47659249538867776
79.71576420903095,21.53457985557165,0.324844633076953
79.67228814454337,21.53491295864507,0.7468834326587755
79.70787988211315,21.54272238145392,0.534593652095454
79.70431276320382,21.569086587084648,0.3570888883256317
79.66382767337521,21.57477152139786,0.41503486209348034
79.68323338847262,21.532132905247536,0.7985591129589908
79.67696592742361,21.552576996276887,0.9097160931445645
79.67826942546124,21.558213938329928,0.7844956256549738
79.71897681277328,21.551309648461828,0.40378223026236537
79.69856664480879,21.546044583651813,0.7399204722212839
79.70306056946761,21.531518530351555,0.46356710537911733
79.7185970582389,21.549293161551955,0.425405472824977
79.68263210694745,21.54407288966268,0.6907817838809405
79.70811041010717,21.567733801750133,0.46342224098281404
79.68607185779827,21.565816261549777,0.6433275541942591
79.7121720203089,21.528039920872338,0.46884603127161883
79.67083945247867,21.525311143153782,0.5923359315940926
79.71686117062386,21.57448923659365,0.3113506070785462
79.67312630250466,21.552130503337867,0.6410956085872891
79.67957323041885,21.571468056236952,0.5284185698353465
79.7053715340464,21.523489067233985,0.48208867189429316
79.68362530849392,21.551590936991296,0.7162582977432653
79.69649268260598,21.552365590874572,0.6241385386858167
79.68667441006416,21.57164212195253,0.6428865366371743
79.70454219622539,21.525856599893782,0.5499411053271646
79.67369987514212,21.534426733820553,0.6467520190900238
79.66350747923421,21.54439229883322,0.6515566843515014
79.67799576384839,21.571950488525196,0.7242522717438862
79.68845851989211,21.57633299890423,0.6541236528547681
79.67008120313156,21.579563477175615,0.38819690393555295
79.68128783737939,21.57755160918751,0.6027250687431687
79.68399898109762,21.520356505350662,0.547156485880069
79.66344351062129,21.522862500487232,0.6039398120866364
79.69499843489105,21.528856409149455,0.5933541110465582
79.71306060567828,21.540931725806214,0.5598637781571247
79.66910457477718,21.569795081859215,0.6478529506228554
79.6958684808041,21.573559371720126,0.5219674107540596
79.69988435229465,21.531210064377674,0.6701869068789712
79.68516008082516,21.55717984909718,0.733434460941019
79.70206585524186,21.575041719103915,0.343779920315662
79.68464389260946,21.547823904155877,0.8252882763240019
79.69027823727865,21.526212614317167,0.7263390035648228
79.66044118267327,21.547468819005076,0.6121933854365114
79.70150320684807,21.542547694137284,0.6993335380682871
79.69968056073668,21.55465947976396,0.7238467824721868
79.66230405263958,21.546319521064426,0.5303666130518877
79.6820950064437,21.52104075561122,0.49672121203183617
79.7187419104475,21.579639864004818,0.37563113270815485
79.68524419375412,21.552612414263834,0.9790321745953208
79.69011672430791,21.548417845329077,0.7198407946567196
79.71459580948958,21.57727704229024,0.3199412016695582
79.70303571255194,21.529351622055223,0.40393967278805587
79.69492420786744,21.531354256152714,0.5574725388322732
79.70786828088046,21.568480884943767,0.43008212619360375
79.71186197598736,21.5356498648015,0.48102198353760506
79.68741328430423,21.56795362637749,0.574307167582441
79.6885065018959,21.53629200897451,0.6671746279323114
79.68316305613911,21.5219912578135,0.6279533484696733
79.7180023684011,21.551020883433203,0.5626919856252457
79.70182997525743,21.531801186047613,0.5125298506248519
79.66499338397249,21.565470777575946,0.6347339578867514
79.71177757739878,21.55847197799393,0.41397485113723353
79.68883359645018,21.575416160078674,0.6614604879895116
79.66412523438535,21.566979301435943,0.6035053293158812
79.6929830353098,21.53084655729044,0.7353513508806104
79.68502985673854,21.568009494199885,0.5255410095952187
79.71266496429176,21.55850422268884,0.5039612744100315
79.67223967621656,21.560137098505635,0.72783448786032
79.70958787656953,21.569935773158207,0.3749712495910629
79.69346132147112,21.554429444151335,0.6977219623826275
79.66327661819281,21.54796021086118,0.6822066055542504
79.71831071807952,21.558198462121524,0.46817426036049614
79.69075691464619,21.5378774457375,0.6120410469893145
79.6774526112539,21.530955827865224,0.6960021636133054
79.68816441051935,21.556995270284272,0.6955102296698858
79.71147146701105,21.534030902145126,0.3561179958561649
79.6782941874631,21.524794906560796,0.6193113875076175
79.6715605837892,21.520033251075116,0.4258059130428137
79.66774427481585,21.556499164084002,0.6808427835860604
79.67787156390341,21.541728927008812,0.765634952355638
79.7068028852224,21.565138658240407,0.5526551779705722
79.68829758191171,21.542510583898785,0.8021209216850087
79.67364889622161,21.549160206894292,0.9397878539135686
79.66997109997658,21.544425098368922,0.7044609960359339
79.67996376859062,21.55903448746656,0.8562674248863739
79.71639546237314,21.541368349720898,0.36233391460810094
79.6805816027554,21.577826058996536,0.5075439367536303
79.71928744455728,21.57616881919591,0.3406160186026381
79.68911382734592,21.570881674159434,0.5510002828276843
79.67074983509741,21.575218016234363,0.4972886139332843
79.71346840550761,21.546948381307562,0.4186369076644613
79.68762132238808,21.552185823807367,0.6812696072158384
79.70258028061026,21.564525555553494,0.48125254511177146
79.71902269499255,21.56176875549631,0.44695591913956356
79.66301052101919,21.573440715736325,0.5499782286122712
79.66580167358725,21.5629798616354,0.5490473425396392
79.70322740448776,21.579873082493705,0.37217725808865054
79.67690950019772,21.540910347989893,0.656384331146849
79.671058083817,21.569979864534364,0.5022117008793971
79.66236171278918,21.56185808936996,0.6645047756498763
79.66131080271917,21.5614831867129,0.6013203265250675
79.70646913618718,21.5395501356907,0.47843413693863973
79.66806600564217,21.56713610754538,0.5195753034440094
79.68806323695827,21.574022561340854,0.6520590302844969
79.69635380891077,21.533112907691233,0.555777853187756
79.68570110803412,21.557529810227003,0.750486903252819
79.66162639914018,21.543528089746165,0.6711434342156849
79.70701009015528,21.579372887157692,0.3988984913373429
79.66063079347249,21.5487299689499,0.6038291258848887
79.70571339366265,21.533699210427816,0.6548391057794116
79.71359826962728,21.54291145751331,0.3919924994740015
79.68597039526342,21.559230303388997,0.853929320354057
79.69213254838587,21.524565362280974,0.455982174696116
79.68861900355705,21.556216115213275,0.8331247284661788
79.6833525171174,21.575873485550733,0.6472300084233449
79.71324547212222,21.57102176725947,0.3821810850747476
79.7136360106402,21.52406041219948,0.44457896532636804
79.68014898187849,21.57960339272434,0.5747063865073663
79.69690418524088,21.56192361542223,0.5542877734342877
79.71561445372875,21.52973684945884,0.455480600756501
79.71772350993648,21.520744965350165,0.457754747949618
79.69053754242532,21.530276958177527,0.6765451816115018
79.68716948831705,21.570290555241144,0.5248138222208305
79.67672165895571,21.521298359496708,0.4112876020577324
79.71753231239143,21.533988838217084,0.32362746849299007
79.66856885826837,21.565438335720092,0.4998788805244319
79.69478977456286,21.555166632153888,0.7532092067676734
79.67695301605112,21.56696414262161,0.5352320750078838
79.67674049742087,21.564769030229606,0.6127063846480069
79.68429811524257,21.523036083227307,0.5425283619171324
79.71992757614893,21.573550685145648,0.3240828129577191
79.66329797841038,21.533621910056937,0.5956328514227305
79.69471250909221,21.553203546413783,0.8227583488713721
79.66495432948211,21.558657289391665,0.5077530127057
79.66927124979942,21.530117692653103,0.47760097911376953
79.68637377650637,21.578573875402057,0.36050357018772394
79.69062760788078,21.549289357365236,0.7918531526988596
79.67552754450188,21.523458561735843,0.4137052670951945
79.67898742785246,21.57623572268667,0.6000668803298718
79.66521802121535,21.555176070591596,0.5877059386822663
79.67819318703066,21.56195159187888,0.8736282068747773
79.71799350636283,21.551510547396052,0.4194853813810139
79.71668244290035,21.570084277286618,0.35492316928564327
79.68009269740821,21.521988007731593,0.6264408288482982
79.69425123617673,21.53610270191663,0.7643597775326993
79.71457572346665,21.548178901384162,0.5019916321378828
79.66037102935844,21.52459621697882,0.5830480774322486
79.70864101422025,21.5623544001596,0.482959759179739
79.71690217316733,21.54361980484334,0.5265157907806526
79.66547954406,21.536360079416088,0.5949205550201901
79.66968686116198,21.520202730808503,0.5757602301362283
79.71764477816627,21.563189818704995,0.32301441364481065
79.69225240861842,21.57002855853237,0.5349392591459187
79.6608517980683,21.54370243214089,0.663564605949516
79.6754579199258,21.553853078622,0.7164644779433518
79.68699662045613,21.533661197555777,0.639860795975426
79.70157453466149,21.557331858776806,0.5841101879901508
79.70398962268821,21.520728247498912,0.47986683758315163
79.71972529077553,21.549318633825923,0.5212335010789437
79.67725067196302,21.55865232891044,0.8283596622058742
79.69229320611211,21.575091506393782,0.6214570577699052
79.69199941287157,21.542880149027337,0.7971460056702199
79.68433871556684,21.56591141217886,0.5652968203387173
79.67014971363054,21.555861221796608,0.6144653449218545
79.71864739379103,21.575620726775504,0.347075644211825
79.7111990312,21.543902660539565,0.4615355344907531
79.68989998169765,21.53914572039238,0.6879620330025766
79.69619472536104,21.573228519921646,0.514748042579423
79.67363566321357,21.522954664084498,0.584389100866435
79.6926272242235,21.52818312357602,0.5743149942106188
79.70169820798729,21.524944266075043,0.5807881205553451
79.69091002170319,21.570586597394584,0.6694285000903559
79.7194171102351,21.520636445402218,0.39252590122020703
79.69668049937486,21.571699429329822,0.6873183458273545
79.68225842275552,21.547076067722276,0.7868268884594743
79.70632912165695,21.52024151673124,0.44787642118690285
79.67022775069489,21.54409871063272,0.8572356717550091
79.68307094882238,21.531208050462702,0.7163068462996187
79.68081753702265,21.55746402924833,0.889721055825126
79.68590842570646,21.560761527395297,0.7378981868123695
79.70690678955572,21.5492516542243,0.6140431148246726
79.6890503819298,21.522431171526378,0.4070327339206933
79.70764086701595,21.559367728262032,0.685668770473493
79.6945893341884,21.57052232701633,0.6644433619318425
79.68052416607945,21.563219456639583,0.8433231072625385
79.70859872462101,21.569797475137317,0.5064727563695325
79.67429738023318,21.532030571413053,0.5784710251482862
79.67346297878798,21.573333276379387,0.40796392036399265
79.69027017544329,21.53933160703888,0.8802374289646173
79.67565095475773,21.520804288855118,0.480962275509767
79.66054522209707,21.570603498779743,0.4041646411979539
79.69889785163792,21.57650927613788,0.48231368143288983
79.69066562928835,21.559333491845038,0.7302542092434567
79.68673106886959,21.533886197827805,0.7707828930194176
79.7180181108771,21.535104667856952,0.39049579357747444
79.69427195103778,21.547995572406137,0.8360323252107886
79.71180589466736,21.573869864776082,0.49375259585340137
79.6683670141723,21.528975859368852,0.48848713441422503
79.69415238778777,21.569558420175007,0.5403287139013047
79.71207877760385,21.53747816852231,0.4569038230617792
79.69498634543679,21.568515170165746,0.7380744571010132
79.70308085068761,21.575216271856092,0.40676167061614693
79.68232261406872,21.54564963231966,0.8087257474006191
79.66554697102222,21.541903039246332,0.7203637066037356
79.68747401770761,21.568133279138276,0.6278627367531121
79.68366876345033,21.551768972942764,0.9792353597546654
79.71202361094274,21.56106694290779,0.5884732378897439
79.67463971814115,21.55736975421767,0.7735932253957403
79.71800405365211,21.529173330738686,0.41303852293411103
79.71748828718827,21.57068742161737,0.2289823683425523
79.67485789858428,21.531746506684787,0.7312864676584987
79.68088311732863,21.575936928644246,0.5961310121678218
79.71373334445244,21.535034277485327,0.40023308895249804
79.71799733325376,21.564032858396423,0.3040189480467881
79.68660634617017,21.537079323609614,0.8920218829506372
79.67925982273844,21.53906712451521,0.7680973741396914
79.69156564079509,21.538600111166936,0.7990471390254159
79.70126615238195,21.564873535241563,0.4391007111293912
79.6764084709225,21.55340890707816,0.7867067533614807
79.70418839047714,21.572977147350848,0.5562043216236389
79.66309944142688,21.538442363152242,0.5816255569119628
79.66295766956586,21.561519551323403,0.6227613461764097
79.68317726230873,21.565176915979784,0.6196621757790914
79.68120839152364,21.529088926781796,0.6328792710573112
79.67893799292203,21.54403536143919,0.95649373453547
79.68946118576014,21.548969049661025,0.8445237541681576
79.67924401493869,21.54134124339366,0.9317765765454544
79.67153547510809,21.539326755758147,0.8540302037815583
79.67856817294532,21.561185193639858,0.8866372461177665
79.71849425636861,21.53295198385957,0.5005809245716533
79.68466680501969,21.562563444715067,0.5939634705290032
79.6866827666115,21.576102651783444,0.65871209301255
79.69459269939706,21.553911851270662,0.6502106130261012
79.71900044610486,21.556686054204366,0.26468895855012503
79.67449607658614,21.524135962127446,0.4230630856889649
79.70087692663195,21.571868614217067,0.45802192471473785
79.7029590816125,21.53712686723199,0.637368396093845
79.69643946500759,21.556903069931714,0.6872565418132263
79.66531470037819,21.578746730184687,0.2858521458173453
79.70061233654965,21.555730156034368,0.6598510234542656
79.66384568266217,21.56348256924786,0.5677747714723679
79.69576855897299,21.546719177093426,0.8334439983121809
79.7043748706333,21.523621950610902,0.3859158637048957
79.6726581934372,21.567855960969386,0.5390720530007944
79.71049732045256,21.52209993047584,0.31506827020496136
79.66182122833197,21.56203946973327,0.512952863830107
79.7106287718195,21.521375294388978,0.4117802361558691
79.68761974303857,21.571738314194597,0.5859082167003024
79.6730552763959,21.52945816214998,0.577786517637866
79.66802668869964,21.550856289726553,0.6910487493586132
79.71719843005494,21.55582904226899,0.3869223092994689
79.66435993525486,21.547452724442405,0.816730369333692
79.67194560519616,21.540445809360932,0.6674395911510748
79.68086934084597,21.548068857770858,0.9427648460018454
79.69721409093766,21.53868494523287,0.7548782516381942
79.69268806511657,21.54628734082485,0.6436883796647497
79.66753860954474,21.54153477945988,0.8485148681953287
79.67738367902429,21.553972289410428,0.8928161255648877
79.67432510626516,21.534275449734697,0.7580814803717212
79.67281257126942,21.57931939329484,0.4333411349945598
79.68466866018879,21.55005219720293,0.8635076149873714
79.7022418871555,21.53164972464487,0.48490198149647334
79.67304717593304,21.548624004974034,0.6552426218896548
79.68200073278217,21.571984907771487,0.6987664995672038
79.68345504561047,21.521308407587462,0.652810915306824
79.71858739176612,21.560773247146436,0.2936196416902395
79.71727998141274,21.552878067807633,0.5167497184003866
79.70800825496512,21.530173479662206,0.5491872912808708
79.67449953524915,21.569048586358292,0.5225267659356703
79.6640822388455,21.542133077342438,0.6302183758455995
79.67901424826323,21.53762812172893,0.7501540401765978
79.67600767296602,21.56968751151141,0.6957406124152905
79.69035554800878,21.5583115027715,0.8682987204311493
79.70666367460407,21.573895545020488,0.3087843239121464
79.71149937633272,21.55779302222027,0.512367445182194
79.71069184512463,21.564449059475926,0.5443980654355948
79.68158053367338,21.570186753775577,0.7126945896620605
79.70123406060763,21.523284378154596,0.3694886401718232
79.67877005185144,21.56656293753216,0.6857873751467262
79.6636543325941,21.556822388910973,0.7449917730614463
79.70209391593617,21.52417046779091,0.4233405453000999
79.66058965315419,21.550514675312122,0.5911823418210308
79.6845509552475,21.524947484679036,0.68230926616342
79.67976275615813,21.564156832103393,0.5941083550320623
79.70160265231112,21.55279010283387,0.7734418735588291
79.70597472836562,21.577214412244736,0.3491621874720662
79.67824567815828,21.530988122294307,0.5301253741649476
79.70869762086669,21.556362007151222,0.4607395718575773
79.6776350056303,21.53269492807423,0.5791888616418024
79.6867795815992,21.556843899083642,0.6804205830217088
79.70362111162085,21.56335898214165,0.6223842206921786
79.70157521375349,21.56333825975977,0.505349338036666
79.71924210833873,21.568904439440956,0.48665377029276446
79.67350966145295,21.571213013677497,0.5853321865577366
79.69973907481237,21.52463630357603,0.49166552176972145
79.69658091449655,21.540596029424343,0.6964133442320126
79.7149059072694,21.561227351221586,0.49159923346356793
79.66938172849869,21.54991517724347,0.7348159181937343
79.70510788981521,21.531440556805286,0.4108478150261833
79.69409611697613,21.55316257421,0.8826239357175952
79.67647995218726,21.544446139165967,0.7942301545662735
79.68846609484883,21.543402296659256,0.6879746212807165
79.68002659582419,21.56858522304614,0.6589104133802857
79.69475880416731,21.54445590002993,0.8062358338860228
79.71334003664887,21.521587270328826,0.296742450616589
79.69415829906472,21.523483800333466,0.6204732164012419
79.69790334509959,21.571374642501496,0.5868133249469335
79.69112487082688,21.57763604860075,0.5372397099878387
79.66306993038673,21.56130456018734,0.5714770480521232
79.67397151341257,21.541862097646003,0.9176752919476694
79.68952010376593,21.576316018947683,0.4494884297770757
79.67861411702468,21.55976818518254,0.7940536421721184
79.67090581586567,21.570660012951958,0.5130326777474787
79.6902479705151,21.56595113824222,0.7449358140616553
79.67936858760687,21.542748358946355,0.6865907935165074
79.6754864585904,21.548722132051047,0.681763588378255
79.68783912504642,21.531167929262086,0.7744114039390734
79.66799705548493,21.537520846026442,0.6548386520608862
79.71566474398452,21.56668753967719,0.3504341580760886
79.71206212587515,21.573638703512984,0.41953235646342146
79.70245723514444,21.563467625395084,0.6391520554854798
79.6663728296553,21.547910421799397,0.6168431356726634
79.70655263526818,21.525190556136383,0.35321944659038207
79.70847743968653,21.523416876921907,0.5522888535344364
79.70606587706285,21.54245953387677,0.6143308157678639
79.66683795322714,21.547829303126058,0.6804260368757945
79.69863447742406,21.556547237332797,0.7804579614664
79.71005948774496,21.52038937128322,0.386509991407299
79.69464120407318,21.579383373427977,0.3758457015618808
79.69878444251368,21.54183633300424,0.6068691568024357
79.68750180876557,21.570885679828066,0.5774686575296679
79.69172243919304,21.552098002339925,0.9064196877951164
79.6620626115011,21.527826367272,0.3703537989484707
79.6983377813184,21.56785393315207,0.4925344097104819
79.66488683277346,21.562589624495192,0.7253189502694153
79.68610087566041,21.551646165095754,0.7250944227911488
79.67755930586004,21.550873185480025,0.8692283112267221
79.6927256770127,21.525248776345055,0.47890573559994765
79.66800498013139,21.55935093691443,0.7105939723294652
79.7014986041184,21.574674709345256,0.43063035538926586
79.70770069221571,21.52559469515328,0.32094568463970863
79.66980126698459,21.535810687038932,0.7033364327564493
79.66625878524111,21.574138478406525,0.5426532638011274
79.66873092896724,21.537060634589185,0.7332740919259699
79.71262765371391,21.559236620330793,0.5126799111645397
79.69169135570537,21.552089089896587,0.7988526492771977
79.68803565976044,21.55577965630023,0.8112827529503192
79.66640270914614,21.544947334094633,0.7416233363927212
79.69897336040542,21.537999488233222,0.7205576085881267
79.7120799755137,21.52291200704378,0.4283461110073539
79.70969115215941,21.564656856357647,0.5025799412907536
79.69756328253885,21.56476560773165,0.5199962452569539
79.6645167229991,21.560243544404724,0.5375284695558193
79.66674382163056,21.558618027287174,0.5967310316914659
79.66295853922658,21.53462302793005,0.7070678689181324
79.67544875298954,21.521340696025977,0.5969535318644511
79.66813968802963,21.568522923813124,0.5911842413086339
79.67560288241515,21.549468312141748,0.7442153754866832
79.68310348334313,21.538410287842158,0.6734069792433969
79.71657896704427,21.526115914406834,0.48564600075743947
79.6966225635869,21.52376329545408,0.6351342438006085
79.71009842714098,21.54093200330771,0.40280054656737174
79.70262109004274,21.568284223886014,0.6157459589482639
79.6667501878316,21.57512342496003,0.46354406874658405
79.70415522438243,21.57380508187678,0.40003560805773986
79.67650593289355,21.575200050084977,0.6065347512404338
79.69834647081969,21.57446352058776,0.5270909547200555
79.68045771841858,21.551633485096023,0.9252194837663145
79.71986033579587,21.533164938313412,0.2426032737930124
79.6758130887698,21.567882794970206,0.589962504730793
79.67674782824645,21.532822778491155,0.6454074182457517
79.71584033533374,21.536032436605392,0.3716593853644983
79.66147866427818,21.533995259309354,0.5566964242082946
79.7018013392724,21.550898944221746,0.6024014215976654
79.70351958344415,21.539309650490143,0.5925300151917271
79.71018271464462,21.52924936297752,0.40577545240740553
79.71846635863831,21.547190404713632,0.4894526444827149
79.7185361151494,21.572434434327107,0.37673512924235036
79.66391660545399,21.554233171296996,0.7018966572145288
79.70931035936518,21.572700136353255,0.33067228039608704
79.69877859601944,21.531752331104748,0.5478886429041567
79.69884052806238,21.530018432420352,0.43500256362356005
79.66770099559687,21.554534627541905,0.5927360551563624
79.69901122998674,21.547799734092774,0.6418539534391761
79.71894895483608,21.559610358498816,0.2646445304542101
79.71470911417236,21.567677607461604,0.43262621265460716
79.68634783964829,21.56507843773913,0.8522197348150131
79.66239687839716,21.576535670419513,0.3115002423482103
79.68173760940002,21.54389538454942,0.9321231718798979
79.70958341869603,21.53238320453489,0.36140137375661385
79.70208994608791,21.553054758396872,0.7080412190769095
79.68756061933564,21.52664458721147,0.6545103784364974
79.66330609210952,21.537331067399897,0.7304378044644886
79.6856136836694,21.532473283315788,0.5924733330366738
79.68814149638307,21.543793823007825,0.7646535190977384
79.71571333197365,21.52667299450013,0.25321480471847135
79.69846516621493,21.521910504672885,0.45238273886458824
79.67869917499928,21.5594076402778,0.898717725425023
79.69151909586704,21.556614938697386,0.8572508433917253
79.66396331846933,21.56250153616232,0.6631065961083218
79.71835409413899,21.559623186416278,0.41117369922986924
79.68160359411584,21.52685768086854,0.7374327448629174
79.68867204129478,21.537464732882537,0.7467501257850256
79.68131703845421,21.52777159659402,0.5317916902064201
79.70095070380697,21.57057834412291,0.6190987034094779
79.69973392949977,21.56481421932133,0.5319090424309814
79.70291933863174,21.532091620175095,0.4213745349695263
79.67608859377671,21.54047855442939,0.6735972213330033
79.67894010886984,21.57799689953585,0.5325211079352008
79.66751507386577,21.555649561472777,0.733223816707562
79.69933059831077,21.568069335838068,0.49221861270971734
79.66238782764013,21.53587546208612,0.6528244467837454
79.69586094013141,21.532603175210756,0.7239356326803748
79.7121817530911,21.56703501573079,0.5576555067661086
79.71344992889738,21.561152347313886,0.4772176021704081
79.68694226562219,21.560858675752705,0.8424469749507647
79.68755822129278,21.55315807490975,0.9012374078570092
79.66461815098047,21.55381470056659,0.5957679606966708
79.70024590152659,21.564141850318375,0.5423969448643149
79.70927556522237,21.53620014886727,0.4996231354395292
79.67467930327628,21.541166107951415,0.6359654566625815
79.685278052898,21.572298206231203,0.5304170285569481
79.71033036020592,21.53853191206073,0.4971940806901663
79.71262722805973,21.55277857428276,0.3760540989184294
79.67459079881586,21.5621583678404,0.6046575972270563
79.69303423807249,21.57999548960999,0.4417488981373012
79.67154958903815,21.54611747988972,0.8434827132836122
79.66611272584836,21.545685572597495,0.7989373152725529
79.71466723008352,21.570555302766017,0.399226440125641
79.70923045025393,21.568330186675592,0.4460321903290567
79.70560209410819,21.56386455290407,0.49955062192409877
79.66292597912879,21.54779377824454,0.5603533397277205
79.71062372756262,21.53943634720964,0.39933368910642564
79.68628264455432,21.55652382895509,0.895134339088246
79.68054370739775,21.572573397587895,0.5763305177226876
79.69278858166152,21.573026647492515,0.6375259067653787
79.66548119456341,21.526509900704227,0.5825279032282924
79.70539879296115,21.545701017028787,0.5165252791376858
79.6949461046133,21.547883317371923,0.7716112257748602
79.67119540581238,21.578656922051422,0.44600457033183877
79.67129393198614,21.560679880914552,0.6811103562437667
79.67105491909436,21.544434785035723,0.7751213600697859
79.6634201432531,21.521563473159134,0.5917090695050099
79.6952679069623,21.55392310960595,0.8445750022614589
79.71042089065531,21.525764558538302,0.5375776305078264
79.66104989283924,21.570066997440865,0.344384556087623
79.66294027869827,21.56515111963422,0.44914189752605405
79.69436621660121,21.54763054959449,0.6508324933967222
79.70916974112316,21.545752646772502,0.47719547168469534
79.67960433343411,21.573840337934126,0.5474140629290974
79.68097686392846,21.537307501025087,0.8181370694964419
79.6957807898498,21.534941197726404,0.6712152056549787
79.67645277334745,21.576351845969544,0.6383305134084409
79.66159650196465,21.56855475020521,0.6386073579196515
79.7041137110861,21.56923753558403,0.39945356428029544
79.69753899477648,21.531711628856556,0.7191231569862513
79.69484535994334,21.528597759485855,0.5922742069706108
79.70450104773951,21.521561772989028,0.41647133274755704
79.70051385025371,21.53422249053512,0.6925361069906653
79.6723529192907,21.56645142950286,0.5191991482212968
79.6811488628166,21.534402305125848,0.8528947641522693
79.66756660850072,21.563746197015693,0.6791213608681151
79.66779142080507,21.535114495922045,0.7601925599731323
79.70057174478139,21.54371754987704,0.8266577753087515
79.71151600641895,21.578989737394682,0.360782977172286
79.71776395503167,21.53468870387705,0.2742611764384948
79.69770082705297,21.542582237637895,0.6143031114694993
79.67104607940165,21.53806523082791,0.6631863410589656
79.66633902072694,21.5265774991798,0.4112250503723205
79.7087710582922,21.549393648527847,0.651514908519604
79.6947253885816,21.54272143979998,0.692561877357753
79.69709710126082,21.561693225148435,0.8064997388899822
79.70688772532529,21.56905567281709,0.5333059699630038
79.70219663366395,21.552654982869736,0.5587892464179344
79.71006749517136,21.52193178532524,0.3831314502594193
79.66337283432759,21.55713534137408,0.6215910709544925
79.70485123820478,21.523323443801257,0.4426936481512943
79.71105116543933,21.55698137941594,0.5140221706701359
79.6771681025475,21.56110179695615,0.6067502842190172
79.6984268364396,21.53186605765705,0.6613813152489405
79.67884972383021,21.569160768923304,0.6338933781027567
79.71747826398895,21.57466510789444,0.42952243784645033
79.66200541434613,21.568785217846827,0.6033230475095331
79.69478757062997,21.538306551412724,0.6370273041506014
79.66999021282297,21.555198580746737,0.6012873314326064
79.70273321231063,21.574888908951472,0.514379601324264
79.67055341700512,21.53923988357337,0.8648668785343092
79.6741229957139,21.569201669335925,0.5983452710333216
79.68966224866274,21.5205685078757,0.43820976002563966
79.71489009699981,21.52021880216708,0.24297023156236916
79.67270286232888,21.565582699620336,0.5924046246482088
79.66865440126708,21.565686854927627,0.5650096894141414
79.70553860991124,21.567338631271138,0.4805901947225202
79.69003717194003,21.575801610273288,0.5695426468617121
79.7147071067429,21.527074378709216,0.31876838786317796
79.66879687342959,21.53391909909902,0.5111366668703435
79.69875567358137,21.574223495222427,0.45465728988166965
79.6739727487691,21.53063417186634,0.7570959953565155
79.6694056257191,21.560933756054595,0.6797940839917727
79.70100576490944,21.551827780002448,0.8172599790201146
79.69562107719452,21.52499162061109,0.5424748769968448
79.70528964750174,21.53711581971649,0.5007270250621899
79.67856775458677,21.551222332986455,0.7430354151850038
79.68687829938293,21.571141007001028,0.6646054665747656
79.68432830057982,21.56245230937688,0.7559517032801242
79.71904536783799,21.557312989687293,0.4318324356253001
79.67753493740436,21.549761973396485,0.9088688037848223
79.6776890343008,21.53792103902885,0.8381484448520831
79.68127289252972,21.527154694679155,0.4898549319304473
79.69387564487742,21.544544562073966,0.8636287955827125
79.67513936465582,21.521711109634676,0.5331231602821482
79.71491739642275,21.53266335335601,0.38406043826098824
79.67594113389197,21.54594900255236,0.828785712372864
79.7137489438936,21.545116311140315,0.5123637266562286
79.6662085038188,21.52265772585982,0.37587993099256645
79.69939376214398,21.555343609211516,0.6622034958932507
79.7144191311063,21.552981055351193,0.4186054527474648
79.67012496630389,21.524686258241253,0.4920541159374119
79.71809961760596,21.576589783147625,0.20701048020740398
79.68717300162493,21.52596296673705,0.49988232183740516
79.71674290650645,21.57129004907424,0.26284558377158307
79.7006092026178,21.5200185839149,0.40495557497155177
79.67809521219242,21.572936865702722,0.6935907436573466
79.67129815149502,21.52118318393226,0.4083627652891101
79.6782241027735,21.565468721913525,0.6674398266151331
79.66558104455575,21.541701448678015,0.617133094666673
79.66863207798059,21.56429300800818,0.7196807697252277
79.66627962642079,21.5441047123255,0.5610181040800014
79.6853766126245,21.52425447533991,0.4876535845366083
79.70773470257545,21.56605040172372,0.40237914321685403
79.66848301325298,21.52427516111928,0.6668986967699382
79.66781922599034,21.575327226157672,0.506015221709546
79.69860573697103,21.523058442147498,0.38503863910419045
79.67183097891808,21.54875951666629,0.7125831681398322
79.66585660228654,21.563382065851048,0.5117713547951617
79.67001091469233,21.54359478788752,0.6327996643908025
79.7154238837526,21.533034008475546,0.5022449765185498
79.70928827516657,21.56554545768376,0.4734653085037198
79.68124387374131,21.567057682287324,0.7159197023915416
79.69934924603965,21.57536169903726,0.42368831703412935
79.69223654042008,21.542569906625864,0.7958995316134553
79.70062745580896,21.55037510406984,0.6140249836636984
79.70096026914776,21.541787706570762,0.6052948532990209
79.6977240409036,21.535424909311082,0.6997919476976164
79.67596608211224,21.565061977692256,0.5821185626923303
79.66234038524577,21.540379110701018,0.6524264905401211
79.6873340069194,21.545688966519542,0.9387673659025451
79.71345843308144,21.544220419457442,0.36721313958769763
79.69416983551112,21.562759673538803,0.802306129789172
79.70994346250211,21.575067737566638,0.2675255745481445
79.71949746057767,21.560005363678442,0.3427904664400875
79.6698169722483,21.548294955765652,0.7888268706469732
79.70150665834852,21.566752306884332,0.5736509803524084
79.70045761442199,21.558458279447326,0.5292525627532629
79.7187973268415,21.52363662142707,0.4280343639108227
79.71913604403717,21.52573981518513,0.4873212345187069
79.70120071670344,21.522275016644418,0.3682623578078986
79.67461688751892,21.547408979572378,0.9279703005842678
79.70791335028784,21.569551206060336,0.4743743623533968
79.66642174805266,21.53878499016108,0.795751909621395
79.7068419582503,21.54304961098555,0.48041384158604516
79.71461176744869,21.57456862650207,0.4497076362459547
79.68297000368611,21.570214206718997,0.4949700027474648
79.69783811769898,21.559902886742954,0.7878357537003522
79.6858085639258,21.536008226925535,0.8091633037803933
79.68626590329929,21.527022488961308,0.582502953809255
79.67862225334649,21.520963529360806,0.4307275498617127
79.70572777722701,21.526420640356264,0.5621507815425748
79.71617059385,21.537555786617435,0.45618991639385476
79.71644505155406,21.553107403814767,0.39892151435630485
79.67048687709249,21.52384000496514,0.5109948137675223
79.71248461897939,21.528173666699107,0.512214221401144
79.70424588648562,21.530864842138477,0.4787254232598484
79.67517024404141,21.557918925578996,0.6457359101151359
79.66403707677529,21.556947387938806,0.7659944119787859
79.67607983601306,21.55304594358233,0.7780980212517346
79.71473249420688,21.535030085481754,0.3852835676797829
79.69799072049375,21.54226718147312,0.6198517412272769
79.70326327965387,21.525801382980266,0.604169730905357
79.67542914106654,21.533587636225484,0.6174355606741003
79.70316328933448,21.573862313588354,0.5017717113906939
79.66168729037668,21.578781504786146,0.5187102868746095
79.68251928074638,21.558859575138417,0.6511180129455167
79.69760520091253,21.575009397521402,0.589952181856982
79.66876579393248,21.558564514024084,0.6687421176483352
79.70938021446682,21.52199178916633,0.4434505070338333
79.6741018779287,21.579805755099184,0.42225396780718494
79.69913686676911,21.52593713810119,0.5836189710861068
79.68431182855451,21.560958508086703,0.6910247882275798
79.69576261572865,21.535170172184486,0.530374212433147
79.66644703315774,21.543518866774416,0.8302507616559891
79.6610147679953,21.558756051088054,0.44069618821306356
79.71457386564282,21.546189240958462,0.565767295277266
79.67617780052603,21.535032763535867,0.6271015585197909
79.70918062016682,21.5400667712127,0.4968551784800362
79.71996101802833,21.54049288701539,0.4887676632877356
79.67268587547993,21.57755943427049,0.39632012538703143
79.675910244471,21.567916780955407,0.7541215235353325
79.69977158725808,21.547512926288764,0.6999483470659049
79.71792691807603,21.53198925522048,0.3429899118173409
79.71494886089144,21.56866096661576,0.4426315850703469
79.69017253120393,21.5294309482965,0.5955459805879679
79.7077066169516,21.53262773302852,0.45483000350088565
79.66814475118599,21.54196080351041,0.7816253035451809
79.71864629105224,21.572820891751118,0.28614229492783283
79.71786119404216,21.527907200118047,0.2750404112190026
79.66982373747275,21.52733405157127,0.6632826803986591
79.67796538748819,21.549638499298315,0.9266748087129782
79.6660092998504,21.53658463246562,0.6392797583429876
79.67630305593389,21.55412367649889,0.815623563352996
79.70895734736492,21.547098201080992,0.6122022886058622
79.68269893642992,21.546097546381073,0.8488337330799807
79.6653038180288,21.52671837822922,0.4972259868260556
79.68053353148673,21.52846298141499,0.7952780893181122
79.71888300005448,21.56926471464681,0.2517264110241894
79.69778101571555,21.5731529642543,0.5416423394385746
79.68496965678436,21.534081011973115,0.8487787775640582
79.66999231080983,21.526807630091486,0.6213159249203867
79.71917060783701,21.52320500031607,0.4484344979788769
79.70925094055579,21.556497856824514,0.48253163160389895
79.67688863814705,21.56292119275001,0.6538588426367429
79.66420412174327,21.54236859935219,0.7621264856166424
79.66339753344265,21.560780552049437,0.5725065999676318
79.66722268897033,21.56277752893357,0.6974879917831718
79.69484611501686,21.576120536883813,0.388992009185859
79.71572580527233,21.523892418270105,0.4372835891295671
79.68980460568035,21.531537503393864,0.6913336970417399
79.71057672894737,21.524111559255818,0.3331726018475418
79.68675319719159,21.572079636000165,0.5899120954348134
79.70251501274606,21.567555229602014,0.5947306720343077
79.70391236423718,21.55447852423731,0.47640042688482154
79.6704378223542,21.52501980460307,0.5850738551510816
79.68167296353855,21.53639874151922,0.7779631679873421
79.69823812939228,21.53786319088351,0.5879964710078824
79.66424179649105,21.553644591760925,0.7392580929225978
79.68169241126577,21.535482633642204,0.6946736242406057
79.69208796797687,21.524377591834778,0.488785018718443
79.71977346958268,21.563845738111198,0.36359894784380953
79.68847201375735,21.537944812699322,0.8213529460792459
79.70896340542686,21.547142450621397,0.6819786079192447
79.685924037104,21.527659998098937,0.5249054673592441
79.70778344335719,21.568152898203675,0.43974391126001566
79.6957248880972,21.553931912615443,0.6150199001294889
79.71319572649014,21.57409513757259,0.45296995762727854
79.68465655314101,21.549728293783918,0.8317681315008535
79.69625826518929,21.576485540309072,0.5434349251336761
79.69780112083713,21.573512092262877,0.4556929264788804
79.68504297650803,21.554587591387552,0.9299004901456616
79.66865872262125,21.57603360628899,0.4920656395007304
79.66561356441474,21.53938532483767,0.7915590279974101
79.66100029303597,21.541938529762252,0.47881285527981465
79.71241205585471,21.522728677078362,0.38240010577657246
79.67418849473432,21.55535205440583,0.8618229399987367
79.67269040495691,21.563315438195733,0.7162524219629225
79.70416212402556,21.566411151414524,0.38543177439737847
79.67920096678525,21.528988977162765,0.7936692281588562
79.69036268154471,21.54664954433875,0.7546039995130605
79.66975066391784,21.530611792725633,0.5392918037482155
79.71758474328772,21.559727640931253,0.4049856254888754
79.71109488400103,21.529476782345306,0.45007984857260575
79.7118273773779,21.574249821037363,0.46481141921350855
79.68440642491431,21.533838078739684,0.6985366527310027
79.70574167282243,21.537484135977294,0.5461256065399479
79.66863256932338,21.57105437932906,0.5570175911968751
79.6605171401555,21.54750805660874,0.5815539690855119
79.66119837595468,21.521439756748006,0.5530202968251337
79.69519610424427,21.549675175072156,0.8705259777577358
79.68732369431487,21.525072600122808,0.5737697917748549
79.69108092093451,21.579120683121236,0.32190485930812196
79.66044778842503,21.555286694227334,0.7172938605851866
79.68536119717945,21.535391957056657,0.637387868455857
79.70308408967205,21.553823060772856,0.5619228958294138
79.68656162211805,21.524612026202906,0.4777113180698416
79.70393315237874,21.567993478256128,0.4191042982666047
79.6739811378638,21.57551968323185,0.6102422445047684
79.7087885202689,21.572466663292367,0.447917224213326
79.6953058744272,21.540505456137915,0.8680266952263452
79.6726457859658,21.5395460871786,0.6666012347498691
79.67420322855122,21.522105256672976,0.5205651467054524
79.69768182787416,21.559084021522054,0.8256804766090962
79.70979637559275,21.552094287051386,0.6354213877374033
79.68493766692174,21.54756078227964,0.9153527083002065
79.67549802574766,21.57445785720008,0.44869405939267815
79.71202069641464,21.53007273406497,0.5126104480847099
79.70015609750504,21.52057997600141,0.40668529362239675
79.68688512923698,21.524398987127245,0.5869506405439102
79.68927401171676,21.53340228626964,0.7391513776911427
79.67225538807618,21.521997132955807,0.5460122734497439
79.69760815780388,21.550170622638586,0.7999953096849208
79.68152455063257,21.538845427314016,0.8423964647143102
79.71973871060047,21.530828980484088,0.2328093618490848
79.68881101091571,21.565005044496917,0.6807098749172134
79.68915313637137,21.532267079573952,0.7401756406429141
79.69395110724464,21.561256306059626,0.6418080917527609
79.71500536018712,21.54095589435086,0.39549574155429185
79.70804908599159,21.55070966563975,0.4546389228090474
79.68706780418786,21.57603202239108,0.5043157295336255
79.70312195595837,21.522241098088948,0.5943210132667287
79.69517412992684,21.550015870448647,0.7006084372782495
79.68954202292207,21.571265377619657,0.6037874613918375
79.67153894636706,21.55527845490222,0.8278302308516998
79.68783617580729,21.53661223101791,0.6104438093132799
79.67474911522135,21.543860868108702,0.9188714521202064
79.71489052899109,21.560815937723714,0.40185019941038863
79.68012440880977,21.573448713658827,0.6828150774578639
79.717135840872,21.522463982424796,0.20518048903337135
79.69198331740569,21.524292329313422,0.44874362396959316
79.69789266272056,21.539503091416574,0.6372986356984623
79.69257642666936,21.533966781066248,0.6438310229931623
79.667762837018,21.535895853173344,0.7598602770580438
79.68254927314048,21.53327619991755,0.5768604969419705
79.66594876673665,21.53174950293131,0.630642424879438
79.697377242651,21.527837438012156,0.4546766424660687
79.68681245171203,21.576037247907713,0.626193162191774
79.70667909829426,21.528651367834367,0.5618725603291761
79.67322822885995,21.532264226485932,0.6676742084614836
79.66987396350575,21.534775943438845,0.5814986286962085
79.68437993385783,21.575980892387825,0.5741511223245588
79.71559512299311,21.565342848016062,0.3027420151281859
79.70262530890075,21.567381965818928,0.44327708403339916
79.68513541748757,21.52628549557231,0.649871280607591
79.69103633018526,21.570178592500937,0.750739053234512
79.66505278067062,21.544491584909043,0.7962885047092709
79.71907455378256,21.53576938157274,0.41513220237194715
79.69998443828169,21.554545005011217,0.6942748356406343
79.6771242441078,21.569330974349004,0.7780837745761275
79.69514850365292,21.56671912906449,0.6368270221331107
79.66656894196413,21.573399848954868,0.47529397577610977
79.71795020012846,21.575687931160925,0.4574048147534258
79.670487099273,21.534287324285664,0.5886912680350582
79.69888181908331,21.545431473650154,0.5890469380756377
79.67472726775233,21.520877712352302,0.5496458638347337
79.70305368295891,21.5727592995559,0.3522924170556288
79.70660928203442,21.529274329088487,0.44669455174515005
79.70040518373469,21.57168848874056,0.4868536264657787
79.69686996761531,21.539763239319196,0.7201907458498003
79.71354814563712,21.542088015398868,0.6219846348970335
79.66471760265938,21.522347935269032,0.3820981482712028
79.67985488594681,21.53961272738592,0.7605019012013848
79.67489724877785,21.573301820968073,0.44635859537827693
79.71928083772393,21.521532844067295,0.3587430078456133
79.68336338678002,21.5443796483828,0.9072771975130882
79.70395676195442,21.521883977788764,0.43257114126239404
79.70108350983286,21.542255405506545,0.5873525657809711
79.67272487424864,21.530358438446818,0.6733547366309449
79.6743398608127,21.535133103596102,0.7261945019591618
79.67687707381317,21.572655902389684,0.47672833498484785
79.68466763669556,21.546162953237314,0.8160938276898768
79.67405950393903,21.536427879484116,0.7084236287885074
79.6611790889648,21.55536030267703,0.75283507543244
79.71276358340843,21.528526417589955,0.5186662537775193
79.71793658988285,21.53556349644525,0.4683016928137707
79.68049422322188,21.552774878056173,0.9531829736105577
79.68031041276552,21.534251382510885,0.804927198399543
79.66042550876647,21.56074766424405,0.6840084973237284
79.70081504129982,21.54948947813557,0.5511869620705252
79.70952639374492,21.56631934421528,0.45288496152762037
79.66879649802159,21.576894672143347,0.5457209601354059
79.66957998096203,21.526948293360842,0.5886692048784303
79.70740499499829,21.54007990059907,0.4581649806178303
79.69697744490125,21.539172943772705,0.6517975419414561
79.66269163345765,21.529070975160234,0.46717559965537037
79.69735281942773,21.568618188240006,0.505229849232685
79.67853506337062,21.565592722242325,0.6449129170853918
79.68212350932825,21.54906552825006,0.8540049794625926
79.70618388509781,21.552266246667674,0.7006939840485193
79.70865611156036,21.52357264828015,0.4872334445013885
79.6840213976104,21.55333044113962,0.9368778252723364
79.71682917616037,21.567480491441177,0.4981478995381556
79.68438776307713,21.55442965441503,0.8039001278458531
79.70631016211381,21.535918382207225,0.4985429412856663
79.68903263587386,21.56005289634006,0.6247377294151116
79.71385193959132,21.541689305797913,0.598284545575555
79.714465674619,21.552692397057143,0.3375619321495025
79.66524500847227,21.549253921796733,0.7616620205389448
79.71618959987862,21.54287050005791,0.40486742781108276
79.70953209049122,21.563132678823646,0.6239228041875673
79.70747864285876,21.573032566719153,0.40684608524082577
79.67205468038112,21.520312751108616,0.5838619441517929
79.70830715252528,21.57601699115382,0.33358007144018864
79.7110079640811,21.55069090816499,0.4607445945316322
79.67734902006724,21.562043912821796,0.7650882880987343
79.71713560470174,21.57133747397055,0.5104358884570646
79.66299160878394,21.548026221538855,0.6589353856454343
79.66899455519483,21.570098444401893,0.6932785184097181
79.69225486828309,21.53065718916731,0.733348223573661
79.69454754826734,21.52955005206879,0.702281765319471
79.69870900499805,21.559448282131367,0.646628468238535
79.66101814775892,21.572208580333104,0.4295436637827301
79.71762200647733,21.57354557065216,0.2542487308785845
79.66267528556405,21.558624427502632,0.7502283028298266
79.6685837171634,21.55152935381256,0.8727588418740586
79.66084087105156,21.53988358526179,0.6657543625179231
79.69401150599765,21.57880002493596,0.40262863098939994
79.71593601303526,21.539181741199975,0.3575754889304126
79.69995682996482,21.564651166433894,0.7437950803029376
79.70935944810883,21.5519189079943,0.4145802225228073
79.66079687220751,21.55651074055152,0.6993290433223835
79.69252091790878,21.543608833035318,0.7397116861088937
79.68757377865033,21.577889387528334,0.4754544661149627
79.68993807665325,21.554300939565955,0.9026353629330435
79.6643327911201,21.576267257827524,0.32560347888662267
79.70106612166416,21.520455484970434,0.4008737545690414
79.69019322489152,21.554360234991467,0.9362575495725951
79.70590893099167,21.563031213383514,0.597019696581381
79.6891174380437,21.56470481026973,0.7726574108049592
79.66896289817359,21.5742986129069,0.5833667070192954
79.69889541724467,21.520264096540227,0.325525328346301
79.67034318172631,21.520019809555567,0.38667126415563224
79.71234367380129,21.54833580764771,0.49934787353498855
79.69678697434415,21.52175762230032,0.4503075675603544
79.66943223301341,21.57847195321974,0.4291067801068314
79.71774028344888,21.533323910472483,0.4752132800185196
79.69110192780012,21.54835988376189,0.6652259178160833
79.66437390711229,21.523668257800733,0.5261820432210706
79.6976099742649,21.551322904970274,0.5797330894327086
79.67519193442077,21.542797367508843,0.6652889672600857
79.70822160711263,21.522679601732634,0.3833014158833775
79.70906932441397,21.540107456001774,0.6333047746943126
79.71873684135127,21.54348616121337,0.30510533382676974
79.69011217186147,21.579395289476494,0.4878176089789521
79.68729741278366,21.532473152315163,0.7563695911640799
79.7052085363268,21.552686776922204,0.527599781645046
79.66794823938051,21.579238932951917,0.4421056598037205
79.69281493082758,21.567521152476406,0.7543775935657472
79.69277485600784,21.579602050052923,0.46255877022224745
79.66536838736862,21.57809789887961,0.33274848979134963
79.68507904513041,21.54937237252565,0.8851730632948986
79.71119708791403,21.561782550992234,0.5043168778824261
79.71136921731967,21.52662658761647,0.27217273874958814
79.66595425989517,21.546468929502808,0.5754097017652078
79.66544325296486,21.568541112536,0.44509060001802925
79.67576172862012,21.55032011925863,0.709591473119283
79.71248596375324,21.562161941969034,0.3860828312835088
79.66773415510441,21.564745079799057,0.6043851918847385
79.70319980815765,21.535208148474574,0.5429688898846684
79.66606993717679,21.57254196237655,0.6228085893169242
79.69738827122487,21.54758934585455,0.7693291009440135
79.68136403794715,21.532611106217292,0.8255225799480476
79.70733483777795,21.571924952907306,0.4502320569623683
79.67402142692951,21.545069128366375,0.674472773586408
79.69835210976339,21.565018746302783,0.6004797981552867
79.67414095207455,21.552881984333293,0.8925768347804853
79.70281961698673,21.54291230513407,0.5484485324895247
79.71242068207364,21.568592584902312,0.29596959208476215
79.6676081079476,21.555068195898677,0.6547554823839961
79.71199574131573,21.543433726145622,0.46692213225817386
79.69561451526485,21.526575872220107,0.5052231949368893
79.66762662945202,21.573726718826002,0.39413687603334757
79.68565251132158,21.5221281751205,0.4697759464739154
79.6696516176091,21.571791240902083,0.5995800812827773
79.70202087333199,21.54159769149299,0.6116395548041526
79.70553208806507,21.55836032581008,0.6168331873058217
79.66634779121637,21.57533198343014,0.48494584858505685
79.69036839116167,21.529102396930234,0.6517463748826954
79.70887750336155,21.55401702853833,0.4713123557027942
79.71616978249305,21.56586597174221,0.4038909611100282
79.69081107200451,21.565455029963143,0.5320886453616485
79.71701675341669,21.55153791487597,0.41520074609286794
79.69214133822736,21.557484367594387,0.7813087967486413
79.68365142967599,21.56545161964797,0.6069193629496158
79.71089218771317,21.570461658265444,0.34725618433753425
79.68957896262748,21.56570878581255,0.5948890871176632
79.68831415063387,21.541240296590875,0.6725650419480617
79.68941874936459,21.579803584063463,0.4223326064228708
79.71080710011218,21.546070161623156,0.6670684026789471
79.70991649250128,21.521467882165535,0.3441411331663904
79.68421119954641,21.541757017095126,0.8092430476217555
79.67999799159223,21.52766697727443,0.6788587541669807
79.68951568144234,21.5272865569437,0.658204440472774
79.69436635058422,21.536892102406412,0.8429091568950583
79.67430023263768,21.523202529650636,0.648775873673811
79.70763730508294,21.561310731304573,0.6153076776188613
79.68918896594394,21.524439333052115,0.7062221217683801
79.68004273290519,21.532197373326156,0.6230968174904246
79.66640925957783,21.525573982869645,0.5534819747074191
79.67433070962421,21.523790063854182,0.666570913983191
79.71695687030535,21.536065099932372,0.4476536062110601
79.67830598120916,21.55431393805962,0.9622653917813094
79.67013155736201,21.57788113338681,0.347188247883422
79.6876403674993,21.572533399260976,0.5635633494949215
79.67842526460161,21.572556035526716,0.725487972617275
79.66210955501627,21.53056402216226,0.49466919423678424
79.67938871303676,21.53589443160987,0.8254309599578742
79.69264651743637,21.524583599007716,0.41465666461002393
79.6931027423212,21.56670810039491,0.698743307955616
79.68139353527062,21.524188978089132,0.7093227475023338
79.68683816537515,21.55340174024925,0.7923979986122874
79.71793107509409,21.534872534339435,0.25171290064434787
79.68264090863381,21.534606738041724,0.6008133408157037
79.67549360879559,21.579443503314856,0.5878208100807518
79.67460802264401,21.56540678841871,0.7399712117272417
79.68746587676225,21.57021636149746,0.5011969746204383
79.70557120892302,21.55431896112064,0.4637742074315834
79.67235929105131,21.572260857243624,0.6491193263827721
79.70255776762845,21.55872943234998,0.7111909003708632
79.66126898940097,21.57677042228778,0.3067470121905616
79.68513597867903,21.536880315162737,0.7100898834437439
79.70655190391217,21.555719172746972,0.660110413769033
79.68032397734646,21.561407880876214,0.7642818727714442
79.69382422608672,21.543576238301668,0.9057802673358287
79.67229875396956,21.57278247894424,0.5440425301845967
79.70451972346757,21.57878818978625,0.4547073065980918
79.66313674619612,21.54962616948236,0.6587125730581973
79.71115255869253,21.54343843928826,0.6455581366858226
79.6718917831853,21.548316275713386,0.7511761498234681
79.7124638819025,21.571164204743916,0.3197270958561791
79.68115175447802,21.558728105531088,0.738515438756173
79.70336101446847,21.522686342351086,0.5568187775694712
79.67915351786716,21.55253019462674,0.8322665916228672
79.71435470027407,21.521038007364456,0.3102275414204736
79.6675982275311,21.566712122260203,0.6061003047470626
79.67071118735635,21.539698736412547,0.6173437151118976
79.68958180750953,21.54832044892704,0.6752661772340695
79.66491630634229,21.567920686354455,0.48391136477601526
79.6717588110821,21.522786929037146,0.552906259220057
79.71662598293273,21.529512492135495,0.4467487664695005
79.71858937966887,21.543877622586706,0.5119417023074011
79.68257555975983,21.533795509812734,0.8590040913693053
79.71539716126084,21.540274085546503,0.4180283909632022
79.69268948054041,21.579890484273545,0.5276777806165152
79.67618454795242,21.569524866254426,0.4935584227421812
79.70214392326483,21.573034108897605,0.34589218520817117
79.69953410839449,21.576223278013945,0.3502003010236717
79.71934751914652,21.54045615281885,0.3830545268164718
79.67590283724455,21.537824617467788,0.6714973469175873
79.7003235701597,21.534043749554325,0.5436597697735671
79.66312142530177,21.569807014678485,0.5539108122491602
79.6668187623218,21.56077311173711,0.6077378753373553
79.66023510249707,21.534170318948973,0.5583311366275465
79.71996764086357,21.542619629752625,0.3700259290251924
79.70813642182885,21.550402705835968,0.46693374851525543
79.70720338088401,21.551688403436422,0.45139035025283003
79.69058356451728,21.5733236637131,0.47866704501583396
79.67800402497433,21.542833967976833,0.6836046370099671
79.66907585706775,21.57451144183003,0.5397024365960307
79.67708048433079,21.546482053619187,0.9160578119288013
79.68255827331575,21.56478236048754,0.6645344225176031
79.70537860581882,21.575815259199103,0.38921855166510355
79.69237970733418,21.574454542237795,0.6267472558963385
79.66464901759332,21.52341717203774,0.3942487536381677
79.66108174053753,21.532342257698595,0.4214819231225766
79.66613993077205,21.548614325531936,0.7035486782430729
79.68462992282184,21.545893257397186,0.8874818444510506
79.71599157502294,21.55845349989023,0.46213236318428874
79.69824414887255,21.57668254304952,0.5302998608625686
79.70810955399253,21.526744282676677,0.31351408658993196
79.68798247567027,21.547111519908054,0.811700361767431
79.6816999649917,21.531544662273227,0.6185801382995977
79.666504022363,21.573646455903877,0.5734351822739208
79.71255598133116,21.577874811148096,0.46781012737021854
79.70698960174167,21.54872210091342,0.5200728907100132
79.67008708585585,21.52624061786369,0.4366536987846873
79.69073563383257,21.56711768000336,0.5773205459084707
79.68924248847527,21.561828481029544,0.6157263950881362
79.69750549316119,21.541280249596618,0.6556376532197727
79.71677121363948,21.573244448438135,0.36548110511704973
79.69478628650575,21.57854991338696,0.6052553429275609
79.69241303600671,21.55347123094781,0.7552535706078451
79.66301937597608,21.553943674680657,0.5591539253489435
79.66377444856109,21.537850810306825,0.5204787730003808
79.6712408074796,21.555070362158997,0.6546821393783658
79.6619482463015,21.54637853923149,0.5427501268270174
79.7046011737342,21.53813146161568,0.6638724311650941
79.70339981823963,21.524031111791434,0.33310563144692285
79.6681633740659,21.535162471582545,0.8017923723072187
79.71016473404771,21.53187127898066,0.4719176079447165
79.66928716209077,21.552522519073236,0.7545415109257322
79.67807053521985,21.556100201305814,0.7619238974531956
79.67493861394968,21.55651430345836,0.8366199583003235
79.68233842591438,21.54329086006274,0.8242099094916899
79.6752798259534,21.545273784021127,0.7585009594438809
79.68933705558631,21.570054305778438,0.5437217246301977
79.68444447288128,21.548573968811027,0.9762428506979265
79.71919416944675,21.579266399928226,0.25023706396749473
79.66335558100769,21.546377033800532,0.6384519087103806
79.66853088258324,21.558974856677068,0.6440364530600312
79.66316955363452,21.523021779939604,0.33661265284412234
79.69755047169895,21.559200395465126,0.5888507126400773
79.66327055664482,21.5710855836649,0.4037794565459578
79.71018638424256,21.576547470311997,0.4389545942531351
79.69071631784091,21.579839236698383,0.43545358463047523
79.69162045747488,21.536930718738954,0.8190976805022142
79.69369567046273,21.55452220388954,0.828527890937278
79.67024882237837,21.547043079131928,0.6676685463556569
79.67186141818686,21.55382904883451,0.7861533475873577
79.67912903937238,21.52944717743139,0.7318469380437729
79.69560978494931,21.571368974355757,0.5946468602326278
79.67260706655641,21.574574136600674,0.5557973663465037
79.66697990362799,21.546979699786775,0.7863895470407909
79.71820701318511,21.536825791694415,0.2668774719231429
79.66131890888857,21.52845000565918,0.5698551747589237
79.70816184432016,21.561025889486668,0.4536731871551402
79.7072821089745,21.538733910377243,0.5714551788013275
79.6778328468307,21.574572314194803,0.47153105522974814
79.66813759696043,21.56026074849069,0.7735244198119733
79.66873771880232,21.558741119510454,0.6878078944846842
79.70184589703423,21.553564126953894,0.7018161132727403
79.69856839546517,21.522746580365723,0.5779783387745081
79.70696474045508,21.575915346141134,0.528484025727939
79.71624887034395,21.557676249597968,0.5014032651313449
79.701515641796,21.579643719002984,0.3070243777271243
79.66935109219308,21.552241384286372,0.8495037584951206
79.67460655700592,21.562606653514372,0.7467610584559327
79.71053162385239,21.523372573471974,0.4302741950704292
79.67255836455006,21.557904170609405,0.8714885585833075
79.66435133901726,21.56587897669542,0.4909695256376108
79.70219680324253,21.566710857691152,0.4702490345337256
79.6841515813294,21.566206699133815,0.6942559109300357
79.71520240315276,21.53357695763762,0.4934902658181759
79.69901530426561,21.57852390865631,0.4237977319766074
79.6654251386675,21.579710927237496,0.4588043690282094
79.71687139403522,21.524535752509696,0.3414162345079311
79.67551343581842,21.576186785368705,0.5494610429368884
79.68023274942438,21.53736695165826,0.8711211593889907
79.68413562482101,21.561357044905055,0.6640167479399661
79.66307345778425,21.540286655244167,0.6863215591072045
79.68979092533384,21.578065259402386,0.5771893265088057
79.66739910946451,21.526090231498213,0.5177341938506608
79.6840582196013,21.549864809017382,0.7952826692717904
79.68104258727952,21.545682867516522,0.6967425736883267
79.70637040500559,21.539561407136677,0.6573746982788746
79.70819023069797,21.558732039452806,0.48420724587088004
79.66920477294335,21.5278633446053,0.5300284810790334
79.68199307124276,21.56299974508802,0.6888904187074675
79.6824011896619,21.578835527428286,0.4909428635931776
79.66908462663616,21.568273522868115,0.64827874021337
79.70790721030308,21.57160100517457,0.5211328778463814
79.70243369970012,21.54157820459074,0.6072547662155319
79.67142290717781,21.53949319638887,0.7826017195640274
79.68200331451563,21.551022901281407,0.912395712323711
79.66634830149138,21.522743596885736,0.4222158485176881
79.69769239582558,21.576721488067392,0.3482713020210776
79.66728231547292,21.52862711038097,0.6832235335677226
79.71915605011749,21.574180782350084,0.38709919429226614
79.70684092448127,21.52501493332002,0.4877235172820651
79.68341431297503,21.56935749566071,0.508499090281671
79.69471383593675,21.529117751552693,0.7014674348130305
79.71468050897299,21.522287896845487,0.3787571289935407
79.69324595682374,21.563169367015565,0.7910284787885854
79.67046990918388,21.536815918010465,0.8392924281367107
79.68272220133487,21.562869769167058,0.8774136765812313
79.71058869190178,21.55330511502837,0.6294621104268527
79.69865278095938,21.526528443413802,0.3900479302262539
79.69904346306002,21.575927804398066,0.585461920149685
79.7120092891413,21.54713885048581,0.37890434492643066
79.71363838344774,21.56406683666792,0.5392037321392742
79.71518755430677,21.550061234320935,0.3950471671770045
79.66569095159518,21.55626168849767,0.7043169425102731
79.69264756011778,21.5381664155414,0.6000498850012252
79.7044305712731,21.532021618240208,0.6173847938463926
79.70541561070762,21.552554212204484,0.4893092939684134
79.6964029721182,21.54641313837826,0.7205499108975877
79.67000724011102,21.543406792806035,0.839645202134442
79.7078452332365,21.560354031705675,0.5893409476422926
79.7032066800109,21.561430397920667,0.4391486873508635
79.66516814629294,21.522755203365474,0.44494577082163067
79.68782858948046,21.54032466965462,0.658820340412009
79.67043864397131,21.54470587301358,0.8079091068209125
79.68024862274278,21.52581352966985,0.744222759235744
79.66108486553233,21.534154052001895,0.5987645348930881
79.68401979210465,21.523098507833364,0.47908098319554915
79.69299261526938,21.57977452591702,0.41233868667383344
79.69717495556962,21.56419343217819,0.7773561548678656
79.69980942070772,21.525247009390164,0.42768755665320846
79.71017747878615,21.521214962787404,0.4026267679468837
79.67292777443654,21.563157268009135,0.6604610750991702
79.6672289093463,21.54635152994096,0.7974953380130062
79.71109223031388,21.567207802543873,0.5522259035971727
79.66939676889356,21.5754085622691,0.44679066665502537
79.71848560488017,21.55595802334098,0.45835069419821883
79.71055229376391,21.531226505375034,0.4706987064394682
79.69005259635337,21.566931642162785,0.5917401685015036
79.71888528549532,21.57734870459046,0.25369473411329113
79.66584260374648,21.554813877223594,0.6935981961512223
79.6781839456705,21.560919846836843,0.6511606828916616
79.69829346490243,21.5402484817022,0.7841831772327401
79.68100041210839,21.54289166167962,0.6989971843113226
79.71570235311884,21.564079269871183,0.28955291027778207
79.66393756529067,21.575666265904406,0.4046939075706256
79.69296470992366,21.55773930323346,0.6346221914939228
79.6954519760437,21.56739087450912,0.6034944796931765
79.69916368742663,21.53029810104492,0.54853438454655
79.6753399733999,21.532717545415476,0.7560988371606223
79.6818739856512,21.55192208121,0.9789378934590407
79.71062083177989,21.53059325153457,0.526709775743082
79.67169656613821,21.558099704213255,0.6380494318127892
79.7096120708304,21.537499191123683,0.6400371023253526
79.69375932537416,21.567491957120012,0.5915985235828938
79.70573125067165,21.568486620796858,0.4826106145890829
79.70281644197581,21.54782724734532,0.6295682026524302
79.67245068972309,21.530848638102256,0.5759462170214743
79.69412876418603,21.558806497664914,0.8455857619941336
79.7120633891683,21.579567221095814,0.2982238939411883
79.68592697420812,21.55735545387655,0.8247777310524803
79.7179954462134,21.52214648144284,0.25863353145923773
79.6871329060061,21.521037638546023,0.6139821089051326
79.66856713820007,21.539221718229538,0.7793246534671452
79.68336608080466,21.531747028411623,0.639527152251187
79.71710214438343,21.568783072428598,0.4286199807631851
79.67918325096039,21.57068834002216,0.6754490177218526
79.71208588959202,21.535517126278627,0.48400222227243717
79.71287504090091,21.539538686616993,0.5048486071572669
79.68101119145992,21.534174818062905,0.7570601884584705
79.66499545948304,21.574502952842273,0.3479354134636509
79.70347347454953,21.550158960077336,0.6929782882650617
79.67869073794084,21.55936822264492,0.7665794695076208
79.70697541685546,21.544928925201976,0.5627964770696869
79.68655929089563,21.557860851610272,0.9019241779135159
79.68911600454055,21.543151322603304,0.6669031766728706
79.7066745644049,21.540380706263754,0.4935936259889483
79.6829417998637,21.55806880439041,0.6855873839480263
79.68658764071937,21.555463724682937,0.6756818187810311
79.68257142812618,21.537611677250077,0.7137034764981866
79.68204043091663,21.52896090701917,0.8032745285625618
79.69155679461409,21.54211460163029,0.7143100756093932
79.70852796667006,21.544911858348513,0.6057214922832936
79.68170609871535,21.557721060005473,0.68742187357756
79.69145528323226,21.57487172581821,0.5610366974573386
79.70024363952655,21.522171087851977,0.6154524556445066
79.67616636677822,21.53461966075251,0.6584256069100846
79.67665136829415,21.531622956536772,0.7861301866829045
79.7160047876214,21.550137664521625,0.5992393440852903
79.70341207439986,21.545782048422588,0.6670910409386532
79.6946312005734,21.56374225742921,0.6092007757813398
79.69886320326523,21.53454495475269,0.6829651131653658
79.66175796658621,21.555669901944984,0.7189405053637663
79.6970861779337,21.573031435815995,0.4222188197278434
79.69057053239345,21.574640664395098,0.5237500275397647
79.69274498078677,21.5775270762835,0.43238706456679193
79.68156542960985,21.566395669124798,0.6223084647030908
79.66488843386277,21.574359274375535,0.5824199371302601
79.67160035401672,21.534071852319116,0.6534430365123749
79.71704468279276,21.531854856661027,0.34261219976013824
79.68452197373625,21.52038928502683,0.5501396900349158
79.68800098934985,21.562410661445746,0.6496471584760437
79.6631625873912,21.576248031268822,0.3588987678544695
79.66225397377264,21.5312161207025,0.5451931248916776
79.7030308868228,21.558216614525612,0.5877993749443481
79.69228567984726,21.564787585553304,0.6119940060488805
79.69052235905298,21.575656854108882,0.38928768568870126
79.67458747182536,21.558811613441033,0.7614262270072231
79.7046850438978,21.578217623964925,0.500732827810217
79.67009419474651,21.540680388460753,0.8333711426067745
79.67139608461966,21.540995712026284,0.666385209809774
79.6876427302809,21.55258075060086,0.8575428093772864
79.67717679172671,21.543010112866952,0.9192512011014597
79.67484777887398,21.520085543697252,0.471194809526038
79.69871425867319,21.56390632150522,0.7498516971398079
79.6990583047131,21.565103022488707,0.7234259786337698
79.70947102418799,21.564818476281204,0.3904257654726093
79.68506251401837,21.540701239996626,0.7382111611193705
79.66438510546156,21.55133736839867,0.5771148562787475
79.67641998309529,21.5415984110906,0.7062287326177284
79.71880032779181,21.52096218400184,0.44908219919747344
79.69577551451395,21.553746936476283,0.8745683751864721
79.70258422508806,21.52742563996504,0.37491673616408694
79.66044146977752,21.524802479445487,0.48324545801138985
79.69109234393095,21.565329944121807,0.6941313677047847
79.6622517194519,21.520570372145087,0.3951963881591185
79.69415381272549,21.577540506616522,0.5190252254778832
79.71524625097817,21.550915321846755,0.593750672293133
79.71810514783002,21.578980985842367,0.22030830230100187
79.69243316052334,21.523479854348363,0.42668557183222644
79.68749228831513,21.555011772931955,0.6742142258692387
79.71670102565491,21.540959622158553,0.389418667996854
79.7004165899198,21.570608949568857,0.47388483430587125
79.6638939567723,21.541673364114057,0.6275703730621323
79.68794353466005,21.53562925474344,0.7445266976325701
79.67441470110785,21.571453187625995,0.659491514387355
79.68818825928692,21.542479185499193,0.7791586460066824
79.68732793432038,21.521009999191634,0.4730699021506137
79.69492868816889,21.543417346050358,0.8530413218734247
79.68140622942096,21.559271336140654,0.8898645763702272
79.66985622696735,21.53526157232838,0.5928976323511437
79.6902231660754,21.54591925554551,0.7587335014239082
79.70981217306074,21.523402908296934,0.5011124490527644
79.69984073368406,21.555285567490838,0.5546484051842481
79.68030207195551,21.56537769543162,0.6484310550476833
79.71613138136553,21.544798753684066,0.43029274936025963
79.71473245427495,21.545213957968087,0.3712235321077606
79.67256090396305,21.525296949915095,0.4664126562524652
79.66236505510722,21.532116451870717,0.5269145612304906
79.70447852250105,21.529280518187676,0.5849613196116675
79.70965661568094,21.548901266119692,0.6451423095129412
79.71807187395709,21.551755332457045,0.5661303561449469
79.7133901836453,21.576936407877053,0.22858538768387854
79.69603208609239,21.524393890256633,0.4451675397707019
79.69180314035275,21.555992078389302,0.8521611537394338
79.66167046307575,21.55158991163969,0.6413844486722113
79.67479938681069,21.550973985876148,0.757285837454269
79.68757688510398,21.572389557242968,0.4959207683886673
79.69771023400502,21.532332308241728,0.5531064252866564
79.6934351099991,21.52244639646048,0.4988286303634246
79.7045581593809,21.56033629045805,0.48051331511215556
79.67678601585322,21.540709447848158,0.9319151865754149
79.69389715645914,21.521055394972752,0.3803581876815099
79.66528853460345,21.535082440437424,0.7617225023992757
79.68481993141499,21.538559606453006,0.8923617077259984
79.70500964997727,21.557010302607054,0.5700116012067294
79.70160405120573,21.530355147642954,0.6243133551604554
79.71943856423033,21.544783260877203,0.4568702015026927
79.67667346755927,21.548948526665068,0.7411931779282344
79.68989135795043,21.547554243481844,0.7723207438505187
79.67977182482643,21.578436446000005,0.4987681913723917
79.68643618684355,21.52273025426742,0.593829424819919
79.71141700779216,21.57705809118714,0.38157901133121963
79.70105254451131,21.55491623283964,0.6567438212421484
79.71294647148085,21.567743662898188,0.4018533103934334
79.67221066649991,21.545823557080965,0.7805186779199472
79.71240166707048,21.547230272875417,0.4809277603023503
79.6635857364507,21.572759589940947,0.4936456591374161
79.71331595682622,21.573756069777513,0.49303934750459927
79.67974442676764,21.534321332885877,0.773535622856387
79.67887525800484,21.531954512715075,0.7634196949267233
79.69072531460192,21.549774110432196,0.8428175939105405
79.71644141126339,21.57401662162766,0.3952426023397454
79.66286688188089,21.53934130560437,0.641903853055905
79.68113385850424,21.559120876920346,0.6442108700737574
79.711394319321,21.562489101264436,0.6197831421426955
79.68376326864613,21.566720479893647,0.5427574494130547
79.67194941385583,21.553835467475256,0.7367892278395258
79.68548765087988,21.544147310696736,0.715485951771754
79.6831331500895,21.578020959327937,0.38243681187541223
79.714924972088,21.55667984519817,0.5396755781532542
79.70571606254458,21.563713912697995,0.5118646506070841
79.69030693334464,21.54069897074175,0.8733519229204005
79.7193022340033,21.560196950860185,0.3213238099320542
79.68791665187655,21.535467859729845,0.6685213779546701
79.66349426984921,21.534705815051716,0.5143748122071534
79.6757364593089,21.562883332108566,0.7505025612278036
79.68616422881315,21.551283684175775,0.9340296713240271
79.66941415744877,21.56099659662534,0.6654008266276912
79.71685390757943,21.536166309444884,0.37572510248980284
79.70601093386907,21.555923400463403,0.7255579322082575
79.67609723202567,21.546636018982184,0.705627934316604
79.69544827201108,21.55581761721073,0.7328553391502869
79.70328694942657,21.537452783934654,0.5716232872526565
79.7164767357344,21.562927057818946,0.2878678274738833
79.71289812095053,21.568355761969567,0.3458853357178966
79.6909115335683,21.535594988431463,0.5828561240760144
79.70647915718757,21.53803723359134,0.6703290368409014
79.69372868522966,21.559669256183145,0.7549546088097735
79.69316223340273,21.561735110458212,0.7995760542023076
79.66688451750029,21.562245981063846,0.6425968003788856
79.66756825948097,21.560961910286547,0.6876774452295419
79.69177201690134,21.543568463017152,0.850551556999011
79.67613169269873,21.54369122046422,0.9316364689505371
79.66126221414763,21.535289057418662,0.4418376624232423
79.70337035223402,21.52941002199378,0.4715896308105307
79.66194919580141,21.561554642763813,0.6404216232000652
79.69571661046623,21.525591327158338,0.6864455181014804
79.69235162764764,21.576267537207205,0.6502559767169673
79.71812888143467,21.569601178220285,0.4032204370153762
79.68905278836085,21.571450344397434,0.5017041827253726
79.66381608618266,21.57440012887691,0.35074616295631283
79.69310127806838,21.544516298243394,0.9151993609445915
79.71046577023696,21.570802043401024,0.4019620648668514
79.71981095705688,21.5294836780175,0.2647209987987332
79.68582059042134,21.521298507676494,0.6615432425260321
79.6792179245498,21.56709348367983,0.5527866520330351
79.71439919781712,21.524487798879814,0.4428122243544923
79.67147452774456,21.579311480039554,0.4934197834580448
79.69692573490197,21.560487785776093,0.5547092379428409
79.68434286545086,21.565206982614527,0.6569518032518591
79.66246494189733,21.53474823137667,0.4707549859403204
79.68083730845834,21.56043192363518,0.8015103424076219
79.67591371135016,21.522593196235295,0.5328156267096856
79.70116546923661,21.570269543195415,0.3706198440820201
79.71692742986151,21.530177445581895,0.5265709917527782
79.67608283124271,21.561841484010024,0.6863437887944084
79.7086879563491,21.533468830073964,0.4223058532411492
79.6633215890163,21.524107190165562,0.39062548750699944
79.69228726060238,21.548889620712963,0.6969028491756871
79.66423300382259,21.530157172616367,0.7005549406071463
79.71604197946783,21.56376663929959,0.34765391078535335
79.70598107683344,21.53425395060301,0.5077129013918997
79.69947699467227,21.54054835337415,0.7880731785783439
79.70943378289748,21.55404635507587,0.5806768480407316
79.6988511877342,21.53709809665464,0.6174778386411115
79.71813666383045,21.542679286972596,0.5366388034077875
79.70283747687188,21.568937306262423,0.5920801840902863
79.71547951657493,21.530752590973663,0.31890246543256534
79.69102791352064,21.524932095368914,0.6129200226850907
79.66702386477891,21.53970146710798,0.8072164382397706
79.69169066328539,21.54546260602083,0.798573390575899
79.66761236968378,21.552559556928195,0.7880129772250366
79.69554960875058,21.5423454217705,0.8825010069037227
79.68894958363165,21.567394702013367,0.714290680868163
79.69735452386996,21.522359169260106,0.3744402696906999
79.66060281886328,21.54590605229191,0.5357238037593846
79.67169042949932,21.542935354879383,0.7907353543816624
79.68947982591473,21.55885470944841,0.7004577772086362
79.71703021369535,21.57797657511384,0.4664575688060151
79.68301654242131,21.55062252439773,0.8192895827313672
79.68546232156322,21.5792126108165,0.4715273393273923
79.7028817653404,21.53813496369479,0.6706169329600075
79.69622756543717,21.521852087952546,0.5020585928746858
79.6779355690059,21.529939790048584,0.6270203894937528
79.68464898373405,21.543707493086472,0.7066453422429922
79.67306198793143,21.53898003455131,0.7749645171981239
79.71796128754781,21.525823247859,0.4643807989641333
79.66783806289344,21.54595960646144,0.7806156557372605
79.68231020707398,21.540286946299574,0.7736363551910558
79.6615503383332,21.527357153227445,0.3800274698963798
79.673306769516,21.537767027836715,0.8310112472472072
79.70682826830281,21.57318616332132,0.5678949629883627
79.67207051393733,21.538122931929358,0.6941129474788531
79.66480380415173,21.562837325394522,0.6724247966591625
79.68846719079067,21.556722824779463,0.768245196914048
79.66059815408407,21.5456308697445,0.6123845999729032
79.66508596926558,21.53434153820822,0.7069418696429682
79.70845755217378,21.542140881960755,0.4241132648573591
79.70628840069158,21.55552643280826,0.5901596025024343
79.71490832922429,21.541045192884962,0.3675008062462428
79.71127092615464,21.532893786014455,0.4110557051429539
79.70099053379438,21.526987764933498,0.5636508414243384
79.66313997143804,21.572786016274573,0.3351347822630162
79.7069709170792,21.546418778545114,0.6124399146937176
79.71073064865043,21.557512499304575,0.44059368852434294
79.70794492874631,21.54942462166821,0.620933179070794
79.69050874211848,21.572353991101476,0.46541849465898044
79.67397411031897,21.55281609114689,0.8654044212373577
79.71071979854132,21.548846885076944,0.5702434109326648
79.7036297685844,21.575476059425302,0.5814992344932851
79.71884567046332,21.56318137576272,0.5067568600446853
79.66934155586536,21.52669299444081,0.49321276062211605
79.67353987498312,21.530662267671808,0.5058506292341287
79.67270788899289,21.567227371776365,0.679791381942578
79.70755238605727,21.570151079270797,0.4866507941240553
79.671214437787,21.552711449745416,0.6232439554673644
79.6639995897894,21.553267313672,0.5479107507628531
79.71991364839513,21.557915977771085,0.41525150119706955
79.6614890326867,21.546346946456957,0.7510509983517606
79.71011464360953,21.560811947409032,0.6186267921649058
79.68192201049304,21.526508875453985,0.5124302806298604
79.71049692758547,21.57767675454204,0.3360126973778972
79.69327722947267,21.565009289427692,0.5252545159519653
79.71409787376918,21.55787045224054,0.4489121689501536
79.71557157918488,21.53897932342057,0.5136782761515151
79.66054589087685,21.529657329247403,0.5907974964859561
79.66452473055956,21.544560577829735,0.6707846014320484
79.67502152377425,21.55969460443444,0.628084432264586
79.7001589249818,21.558022584605386,0.6223229995392451
79.71329633179069,21.542958469303933,0.6100444725798179
79.68759651707764,21.556797183629985,0.7181397447625012
79.69641838697645,21.56882489773405,0.5286423440121639
79.67130999116773,21.521577086340255,0.5760279306640244
79.7082980100329,21.547037262875815,0.6338659415699527
79.71803968668121,21.565513313708006,0.5049488984523806
79.67611593597488,21.552768668227802,0.779931788791726
79.68968955709603,21.559088565275744,0.7682344015044422
79.66516696663038,21.55100058355632,0.6760883391087498
79.69354819938778,21.579512472680936,0.5850647014127208
79.6901670065108,21.52327729218934,0.6295748321316437
79.6686661890493,21.549462689306342,0.8392185271509771
79.68652397278709,21.525484992946872,0.48600013069075954
79.6800462791252,21.529587133726814,0.751224059323343
79.69130985251832,21.542982301025095,0.7710993540331521
79.69513926012573,21.529332405490027,0.46243197732514785
79.66050973471643,21.577821229957397,0.2733757931698373
79.70566035897697,21.57680738660351,0.46514067708833107
79.7027808575117,21.540166578773235,0.5874368611567529
79.68197718317239,21.55838486272226,0.9058368509955403
79.66317615613413,21.552025199235626,0.7224899729870655
79.7052959523871,21.568935218830944,0.3472683053228337
79.71731050962869,21.557646736589014,0.47531984910153213
79.67440909576132,21.520015147269433,0.4034954512303912
79.67941147682421,21.565790463136583,0.6688043336118284
79.6710287733689,21.564810887277766,0.6889937466138787
79.69461616740068,21.550583362333988,0.8828035200327724
79.66929048367885,21.574175138393983,0.4969018887495916
79.68137163660768,21.574506772341422,0.6494614460275033
79.70182078083606,21.55143470060226,0.7509608277997137
79.69360695898055,21.556479293871792,0.7275350778715841
79.68318775385967,21.57979132431548,0.4779149759837058
79.68521497610845,21.537929214088685,0.8420023534673957
79.6937266529574,21.539477034538688,0.5997192110147875
79.66035188367323,21.530966434159808,0.6312306448346282
79.66471059210721,21.57375201634947,0.5606575711993165
79.71287548406578,21.564669303396954,0.36377857662102947
79.66467273934548,21.526338570932214,0.6559535292688874
79.70240821577264,21.578906041071875,0.31802707478123843
79.71520228984654,21.563857702489667,0.5418754901446191
79.6762410162581,21.571031326576296,0.5453566321777019
79.68222948622356,21.522889047350393,0.6376382851093023
79.69413528435068,21.55029765513653,0.7642244069070157
79.71290253817831,21.561915897203622,0.5254178085890665
79.71651433523563,21.55257679507431,0.33749040450513934
79.70437379488668,21.559998847941955,0.5134074296585178
79.66519718565128,21.569072443815426,0.4191884735405259
79.70014924933209,21.54246022377761,0.7881803382861053
79.68461822331236,21.57092012053712,0.5533526806336999
79.68824205996947,21.529774966285917,0.716495259374663
79.66294890342071,21.53625316330158,0.6916907901800866
79.67146372836078,21.52260073719564,0.63743511922276
79.70743081645202,21.541865608680116,0.44561332633870204
79.68723752998287,21.542794572689445,0.9367593845534775
79.67809973449786,21.568316235832434,0.5576391356714834
79.6830411444379,21.55918784021738,0.8581099650992409
79.71126397079954,21.54620335348934,0.5852714798653795
79.7049399410443,21.559126838717425,0.4332388465426589
79.67633892383087,21.52316700103094,0.46628846513446365
79.66705011041275,21.530816292161102,0.5871254175242637
79.67511989329864,21.557616871314504,0.7473124250273426
79.71524538706328,21.55848200915352,0.5668230473961955
79.69489533027098,21.566448079522445,0.5864865561736232
79.69200881252469,21.544179985543217,0.9222504605421719
79.69578361598154,21.563353245796968,0.6472698099783458
79.68196169594479,21.56103881995361,0.9036192258309467
79.70842642121917,21.57780360270219,0.4548894353050638
79.69139717495801,21.53290781358548,0.7842705277398327
79.66700487416612,21.553100773825157,0.5885492508450532
79.66774390748974,21.556105866526625,0.7271209042529627
79.69221154879016,21.57991887309605,0.3498520178646425
79.71619421308425,21.53207104853,0.3395761464531394
79.67850112730056,21.551393081198036,0.8712429413768884
79.71217247013155,21.540771118462818,0.5570514760742495
79.70584573519473,21.55155357811474,0.463037753871385
79.67486874657442,21.533927716126186,0.7121276922816762
79.66218044489896,21.52285674270565,0.47037943921899183
79.66611083590854,21.55435392723386,0.5619768425871776
79.70370963603085,21.54015125895165,0.6119999570973853
79.67198018428243,21.530916484104907,0.7029558517055112
79.68227625523032,21.53943613396468,0.6668240950959113
79.69010194996038,21.522956812086864,0.6222814378908526
79.70352809010701,21.577026534045405,0.44819987877123246
79.66679387339555,21.554868874898393,0.7955113732365671
79.68438198431664,21.56888612088082,0.5630828690874716
79.68910437454856,21.545387091852863,0.92110206600087
79.69244962383829,21.57419888005397,0.4136019950399018
79.70910163848372,21.548999093293133,0.5229489489581041
79.6703006917026,21.55443671933204,0.6550983099103715
79.7084698871096,21.549507638803757,0.6744561798401947
79.7015727056618,21.563996697752057,0.6459876482014104
79.69335224885194,21.55399936465612,0.6302847526824338
79.70197167222415,21.536295935414824,0.4606481248406891
79.6847210643371,21.528732371879357,0.5893805681915114
79.66830385515809,21.55636746333298,0.6000240788987125
79.69994591441592,21.54935079769282,0.7374297131313547
79.69148033840113,21.525758541801768,0.6289959899665398
79.69836248803256,21.543737047947594,0.8435383756733124
79.6802799268617,21.550886585320026,0.9785912774256231
79.71441199464039,21.569613594029533,0.4408687469652265
79.69524219211453,21.52456606335,0.38995456969733716
79.66512414905745,21.54090972089476,0.6197875606244152
79.68698823944226,21.569359367362622,0.6383373039640148
79.70538136328462,21.558905435906293,0.5754938483711153
79.70764807370394,21.537397499308227,0.5673260408531056
79.68967582316583,21.570720107321357,0.7403776762858623
79.71368485424988,21.54959761483376,0.5977876277207186
79.67606010623166,21.549901113478626,0.7044452866446069
79.6846359218343,21.578595240352023,0.4239392361084131
79.71391581463413,21.57682699019418,0.45357549805424396
79.71377540298829,21.54151196100219,0.5669182870536104
79.70114276612948,21.528434747719785,0.46824352715696227
79.71153883282733,21.539540003936686,0.562161407167868
79.66532639601738,21.521828995618684,0.5161620423828208
79.71189969857247,21.521246073202622,0.3640355506556171
79.67923719439301,21.543731328175085,0.7382752415499008
79.6706998907457,21.576461189361833,0.605344812297432
79.67436219018052,21.57228144047393,0.6226881060127225
79.68507811048083,21.550686570035058,0.7453846544086182
79.67507152027626,21.553913582870248,0.8604969544261402
79.67923405516099,21.520356009804765,0.5881513750650016
79.6680987091643,21.532930069350027,0.7424882680052127
79.67777060593353,21.521486447616063,0.4461610040972334
79.69433702887252,21.565272371961722,0.7960106002252844
79.68651122248546,21.52873874776159,0.5442203046877631
79.68080312567415,21.572142826148607,0.6243752101691113
79.70478712773142,21.558599458820545,0.6336712784094648
79.7136105982836,21.533765120590942,0.4127248522034225
79.70540735337414,21.529463219024993,0.49249159705244383
79.67992004212705,21.557657482055383,0.915754952069207
79.70466653007026,21.57405021881694,0.48956943573231726
79.66911881094843,21.56310161313486,0.6520145605314118
79.66781907928548,21.5409127990962,0.5887435667562241
79.68073762222217,21.55524301571612,0.6740993878771238
79.70846214214264,21.538645701722345,0.419716829019549
79.67478089483454,21.57994897400672,0.5979216432495245
79.66379520453391,21.56493035130771,0.648993515848489
79.66790257211238,21.556862898385404,0.838236106698067
79.71152469811177,21.54539554856595,0.3721845796783635
79.69802699708484,21.557089137415574,0.7484774797817608
79.6751920698022,21.54049696374804,0.6423134151792246
79.6933177495197,21.52173189036748,0.5952382956465325
79.69165477734552,21.543705311341398,0.7564440936989436
79.69932615870644,21.57582884917479,0.34763419889064207
79.6739912532653,21.55757806568643,0.782355341759894
79.71186417923167,21.525037342184252,0.3323596971618367
79.6785621137248,21.5730996168037,0.6219242439213621
79.70164789923857,21.53613249096049,0.6581833775042588
79.66096747878233,21.534626169584964,0.6162194998869017
79.68235942779364,21.537825458126818,0.9311337837469725
79.68110258907753,21.554632134167555,0.7931398245935067
79.69260906571498,21.552681285606038,0.7767560804353487
79.66436417570662,21.54948482527737,0.7667891468790955
79.70740788242357,21.563052211810756,0.540890062607557
79.67306684810605,21.538992263880097,0.6073727714303512
79.70062226889291,21.566923871294346,0.6667773648922806
79.70819272739465,21.530519300702714,0.3430557426632806
79.69371261737449,21.566957247344618,0.5330897353796276
79.70445299240332,21.559828606315016,0.4633200189376907
79.69971161873289,21.560992498572855,0.5117146575597037
79.68133178782912,21.548893203827635,0.70621786425242
79.708531512342,21.56002009196085,0.3897593207414508
79.67768208219313,21.524787822793567,0.5630070084210302
79.69427277506509,21.57109306702296,0.4945140517906965
79.7047238643485,21.52333283400926,0.33408498136974607
79.68273735458875,21.52892449059229,0.704043414768815
79.67816605645704,21.554607382509833,0.7342007861049815
79.68756076061037,21.5643646873274,0.5644214646604689
79.70907780966095,21.524575093860776,0.39471986594543623
79.71579530578875,21.575245888847338,0.2933492211940418
79.6927050047716,21.57841645892804,0.42036725075438863
79.69968797231942,21.556357010380463,0.6600389770072923
79.71419641733434,21.54887460732261,0.5258298038056148
79.66591281108478,21.564483698336783,0.6350775064441525
79.67392471467197,21.53970144113963,0.892141665254027
79.7025340003751,21.549595866046307,0.6628663996979394
79.70942466771474,21.57496906160886,0.39028424696092556
79.71142174169984,21.57733932551449,0.28081295344781254
79.68490643061129,21.57562414696307,0.6154328803643658
79.66536039413751,21.53574688401783,0.5157237706824084
79.68626688863797,21.533948142413006,0.7250898390276108
79.67384407541242,21.537859870355756,0.7183865179003387
79.6774717872998,21.546478666743308,0.8773663354228743
79.70633605341025,21.538850044767518,0.6897842196485826
79.66453162516154,21.542452767744344,0.7961215207213717
79.70965487304883,21.557238217127246,0.42266184200825274
79.68566014514944,21.565751540625637,0.6231274656748526
79.69576383586603,21.564133491896072,0.7436108167500359
79.66537913387414,21.56886541402475,0.5490317225142083
79.68024154470143,21.521931064192923,0.5275384617560113
79.66538205514088,21.522864027380724,0.540192017122141
79.71769262337287,21.567362977641316,0.40653009122739625
79.70843569895958,21.551984729339477,0.7001993283866195
79.68757796526138,21.554688440425725,0.8412017148142689
79.67341615289942,21.523155211612863,0.5259895087333252
79.71600730631499,21.535318828070274,0.4305469091716919
79.68067579574361,21.558301258293127,0.8866293216208344
79.66965906590124,21.57155091340664,0.5820364300201994
79.69378986330723,21.57501900383088,0.5600690100280252
79.71662644722069,21.550025169750104,0.5833208589407617
79.66022981743002,21.552728453964292,0.6386688457745371
79.67428749059523,21.56998297786414,0.5677176727238427
79.71630685842462,21.55225747604484,0.5012898258130243
79.67026515801143,21.551011511532238,0.8066166542001638
79.66679460709838,21.574305042265657,0.3440489217273928
79.69421123294799,21.56739596326335,0.6117634936945477
79.71171062939769,21.574544351581675,0.45666508299129505
79.68862658906163,21.53309482328687,0.7053722357653197
79.71967385540107,21.55146252919932,0.4877433204008484
79.70075030197228,21.5705483277156,0.5053781058293807
79.66444449443263,21.526668869648027,0.6582409548922066
79.71956992790092,21.567679729257637,0.29669480084477473
79.68447365420681,21.53097840300489,0.565445817495822
79.67724415203072,21.568487125299118,0.621269139138169
79.69347275101467,21.55672005625341,0.7652011247195598
79.67825845550925,21.531594159489092,0.6436122938497566
79.66518745042721,21.548401250759966,0.6112381249637507
79.66008570058474,21.560914309987645,0.6085800705289135
79.68697500117521,21.55803117405301,0.753599091181923
79.7102118053336,21.545634831773903,0.5712385615358313
79.6943389111378,21.573961991735253,0.6111771407949167
79.7199524379366,21.55115580486927,0.4792700585237115
79.67721079873883,21.550352037911722,0.7918886557602769
79.6768273038856,21.523735035396488,0.581097959365263
79.66958496761403,21.575327223387855,0.48174354257289675
79.66984381529592,21.530626994120702,0.726840690791538
79.6771111957606,21.551700681606192,0.938581138339681
79.70757040271641,21.568214056084017,0.4257380192985762
79.71434540743819,21.532927196617337,0.3016797503368863
79.71850523018246,21.55164239739825,0.3175415780543772
79.67393737924579,21.5344410945534,0.6625169090929424
79.71287785273684,21.565581699867995,0.45260986480473164
79.67969530535663,21.553860470072387,0.8750966945668264
79.66677043267102,21.571358551623707,0.4758156994584888
79.7122014955312,21.57367348017264,0.4361731634562742
79.69816633807862,21.558924008946722,0.8089327242828432
79.66988385376486,21.563523474769536,0.7018047596936988
79.68578987545078,21.552953205993212,0.7316792409316585
79.67723546169262,21.543065723984043,0.8371148232094123
79.70420767412261,21.55888707538125,0.6056245367508322
79.68720497383745,21.57449731740924,0.6633056820639096
79.71935679670638,21.545000822825884,0.3616937404073721
79.66328469893557,21.53886460158243,0.5980357991966074
79.68130091596817,21.543306216313155,0.8611736046908672
79.6889140100266,21.546123857812695,0.8322349687275549
79.6901880132849,21.524413661738663,0.6317180997800662
79.67895614934314,21.549906510426098,0.7019858197512028
79.70375441494585,21.549658854883003,0.6569007202374273
79.71248482440933,21.555306629658432,0.3756055042647183
79.71632315811867,21.54176920182828,0.3816677983033055
79.70830560260796,21.556786455757333,0.5928875077142608
79.71103481183839,21.572692978616452,0.29973197146979136
79.6930327180372,21.57732825942971,0.4306323580728028
79.70955329358561,21.55501673296846,0.59394255223803
79.67821023454887,21.52255545723822,0.5921970732954966
79.68390872572655,21.578154159836025,0.3784458323185389
79.6790147808291,21.562351723653773,0.7632019340144858
79.68804324012687,21.54015781891322,0.6877073089669135
79.67713477697431,21.52882946205782,0.5674051464150165
79.71769668653526,21.528605116734177,0.35725257094016977
79.67877067768033,21.530064664368375,0.550258035722381
79.66588267228666,21.52273435129683,0.6275110652022916
79.69160902996302,21.574129251319174,0.4402915668828556
79.6634259447067,21.55244609396964,0.7393365385766872
79.6666325899785,21.56199756476283,0.7345266204234028
79.67316336335178,21.569686510556096,0.7491363102341781
79.68786101499293,21.56749246037999,0.6391703433221649
79.68599505593853,21.57295633742373,0.6915306879039622
79.70798151172016,21.578035277351496,0.5221490184488928
79.70436847923304,21.546344236884515,0.5281137323263911
79.68557909763943,21.5770201280001,0.5103381036833539
79.68002225245453,21.563397396900566,0.596914262628203
79.67898812704368,21.524240091418484,0.6117206688565828
79.70643970523764,21.56090698727274,0.5710123297528182
79.66312434437327,21.561202999576288,0.5080980359947109
79.66076929897064,21.57435163382755,0.5294696762288673
79.7077326635156,21.542375927948203,0.4223328110975382
79.68862878255933,21.555094690016308,0.8988824312318551
79.66785286831322,21.520731253060703,0.32737227859076323
79.67413395607566,21.53992451453088,0.8119383130885143
79.71595023718584,21.523734623569528,0.23168970375391373
79.7115701785375,21.551312378365893,0.4371051061052044
79.70258710301344,21.569046859030415,0.5852026076176565
79.68893351382023,21.532386561527744,0.6280132208757634
79.69121941757147,21.551646462733466,0.8081653645811787
79.71851467211704,21.532240518190644,0.5033683237464601
79.71794622663306,21.527241308070774,0.22585701832911573
79.67291614274714,21.55065980751606,0.8843419633334523
79.70866627397832,21.524748917256982,0.29388081949979983
79.67183455997002,21.555241277868276,0.6465020801180659
79.67281224867304,21.521880247640603,0.4003941952466733
79.70056558204988,21.526402898312103,0.6657321060695003
79.68430006591525,21.55299984912924,0.7416915257509408
79.71589266442639,21.555484444773935,0.5617374518279825
79.66534058409376,21.521739215805624,0.6109039852567497
79.69069153844856,21.554402607280092,0.7613916410757205
79.71511129182659,21.57031015151942,0.42226666763910214
79.71424681962877,21.563338970637634,0.5146749494239589
79.66939175280494,21.527871106235246,0.5423789889099783
79.68199826200579,21.555548478853815,0.7202836561494421
79.6971472840028,21.56033515000445,0.6573707304404541
79.66956369308627,21.522233872105136,0.5814508316418059
79.71808133032275,21.571320860121016,0.43829066945877915
79.71488495972366,21.57437604383739,0.2804291470872818
79.67001701074207,21.571027136401735,0.46074458390986583
79.66726932767565,21.569477888079344,0.6809328447431087
79.66512450896849,21.56469791190765,0.4515569846469392
79.7145666198422,21.558005921876916,0.5219992910799298
79.67161742858772,21.560717620299293,0.5708300859813603
79.68497709571265,21.5683837176001,0.7562329798162342
79.68693108193912,21.559749907501676,0.8935960874860084
79.69594066265282,21.539663617400922,0.6559202800439452
79.66430412062485,21.54255766612968,0.5314020662626153
79.67360551704402,21.573823448102335,0.5364317804092235
79.71588942321513,21.52102732514783,0.283643141535521
79.71450460643611,21.561929234874654,0.4103292494517918
79.70687743884434,21.57728665314551,0.44821293221942027
79.66116407473709,21.56237369019748,0.4730334540289156
79.67962040610976,21.579634719293907,0.4345072100499322
79.69767752412058,21.5612526943317,0.7462168252159955
79.6765114127064,21.52206178175301,0.5770728773972151
79.71457520170323,21.569620592898815,0.33957117675194204
79.69803336770994,21.537077794716357,0.7164466210038236
79.66431440303899,21.546763433539866,0.7529780122481089
79.71454033533014,21.538725514954425,0.47738092111037844
79.71746599949057,21.53611324637258,0.32693956066190055
79.6646627451035,21.545884342220187,0.5271626450754929
79.69194161409168,21.54272508690644,0.8745231704299211
79.67820185693284,21.558000314910554,0.8847098713027486
79.68357034458889,21.56878907205925,0.7092104356580333
79.67077907307731,21.537825319191235,0.5837285181047841
79.69468432612074,21.53282326916932,0.68183811631275
79.71747876119493,21.560013716252218,0.505741849617942
79.69018435601629,21.560219203949845,0.7146549193698941
79.66497487488367,21.57406787435717,0.3876448218653715
79.69720008000864,21.5209567411872,0.5032270660832997
79.68041337966707,21.57118243972699,0.706968580823918
79.71135551137547,21.5512601303769,0.3797017512943054
79.68608068889898,21.557278125350326,0.8304945054633226
79.67157037653654,21.525482286433686,0.6014112744226761
79.67146633736147,21.54595689597232,0.8034702937374308
79.70612585084326,21.53363814443431,0.5740539017613208
79.67593525589844,21.53525350180495,0.7670381129295085
79.70603400364955,21.55024570688056,0.4894142834878088
79.672353238646,21.568747357024186,0.5291516275724875
79.67930118212207,21.56462685580869,0.7447254426584994
79.68792921834638,21.555459997545157,0.663831041983791
79.7165917509816,21.552365091565207,0.4804936420756082
79.71590388548523,21.54563836259407,0.4995290782684898
79.67241231252534,21.57836259841368,0.39424714726600074
79.68149314247458,21.553611553254054,0.8637667361567902
79.66896396330722,21.535237983898732,0.6729780741256441
79.6905991047588,21.5338054475224,0.6316377941347593
79.68763495304168,21.556681181846507,0.7889788020532027
79.71404560974705,21.551369651638655,0.5985216311673975
79.71580032266746,21.520461868177282,0.31969764425057934
79.68301404346043,21.569803922331744,0.6726485794776014
79.68950427658113,21.562247341253943,0.5881057229780533
79.71377417494877,21.559709757380684,0.3279284542222579
79.7084024684647,21.52412683946186,0.2958211571927313
79.66021937868068,21.541723351010347,0.6754875332271288
79.67920357385101,21.576122935643966,0.48349604338937535
79.68530645451617,21.57175535448048,0.5182001638379412
79.67378297702099,21.53713257627217,0.8077258857799764
79.67197429695375,21.529423533045946,0.5188601547953848
79.66226707039574,21.546945277430115,0.5649386067724429
79.69860218350418,21.541349822720058,0.6736319714258336
79.67575061742899,21.56093358260236,0.6898788236871158
79.66314083070587,21.57798608860506,0.4475120907724738
79.67385875863168,21.54178008699895,0.7287911397341452
79.70811483717017,21.523733450359135,0.388482545015554
79.71108935089879,21.573856840500543,0.502439251852769
79.68898397471159,21.522276983814393,0.6535810191117684
79.68496424022452,21.577165953829198,0.6133949773582533
79.71867122161011,21.55987476568054,0.5065125444718345
79.67203387957528,21.576501352506515,0.5165748984969248
79.67292155697127,21.53197958119894,0.705170191538753
79.67751203062218,21.52244198771523,0.5602839244377635
79.67036543909686,21.54929259869659,0.8483630795516977
79.68276193589224,21.547037404874207,0.8637127201581883
79.71465005361938,21.539889536395293,0.33593808751789067
79.69692087043771,21.57745938846332,0.5578786642741964
79.68471679291673,21.569355023929685,0.7178487622212342
79.71606464767427,21.559694921282535,0.5228166042550282
79.66290785394854,21.52977149749827,0.4388359640758296
79.67261657067411,21.56405940449311,0.6074021817268389
79.69395331630611,21.56362074728198,0.6131392266674608
79.69693315739158,21.54550409041696,0.740153012909159
79.66237345039376,21.575487154582838,0.33193463777834914
79.68418232547442,21.53001867293374,0.6387788071876157
79.69894923788985,21.536040253744698,0.549997879076829
79.7018842327842,21.523793460355037,0.40481244609942446
79.69828839415098,21.567727057490654,0.640984953472066
79.67923379346165,21.557305563165723,0.9058374534313546
79.66561120741588,21.538896418340872,0.5115310505644644
79.68562674678516,21.52982881981566,0.6874954273304841
79.66772526624209,21.522408866201722,0.35014676233437514
79.71685741951124,21.530004734117554,0.2592114999422285
79.68851025196136,21.547197078780258,0.8916262442044358
79.6790355504614,21.534830618140635,0.8089292591179327
79.70597824426713,21.535538930645917,0.6405913202052596
79.68987691555493,21.57253458200006,0.5654225791905734
79.67860204144074,21.550908260407667,0.9440410538074466
79.70871806454345,21.563755118387704,0.39522793322962946
79.71202912906007,21.52214265694169,0.3019764379083818
79.70038048997732,21.54190980134068,0.5625371755617588
79.66281786534445,21.548750160843724,0.7402890523731381
79.69397937280999,21.531185011312612,0.5595527551135446
79.70579769471983,21.52721149248673,0.37076151284429215
79.668190180725,21.57221822670999,0.5644426385487717
79.67372024508308,21.576365897625987,0.3791376750547526
79.71294970630409,21.524728401882722,0.250557982858249
79.66120730331119,21.540941122752546,0.48527703396166727
79.70516362826956,21.577497137688667,0.25912481171128565
79.68842639755086,21.52498970398795,0.641382714050036
79.68680632953037,21.558618482372722,0.8037529394370974
79.66042579194969,21.57833328225802,0.3131351376176388
79.70916389385799,21.57869342011488,0.2919728494214244
79.68158949403819,21.548273399854224,0.942187130196167
79.69244593787803,21.52976494646694,0.6337589152360298
79.70063804118014,21.532125058898647,0.642688376561088
79.70215777458627,21.573376083707462,0.4605337235846405
79.71735880352956,21.57470098025978,0.26413879131964374
79.6918803971942,21.55647277863241,0.9117629641689466
79.68398317305846,21.565970583968195,0.7138069474769573
79.7172222175895,21.564395875088223,0.2834094463044613
79.69852661410152,21.559709295879344,0.6376829996542157
79.67788902137659,21.569636617292314,0.5756716361065962
79.66758785472422,21.561124397382418,0.570656683841863
79.71055327008791,21.55204013834485,0.6559897560828591
79.68173089616765,21.53421738175529,0.8506592575767458
79.69962818328186,21.564633288647116,0.5110358324872891
79.68824898516195,21.548406272070295,0.7886206793466621
79.6719357867877,21.53768750104045,0.8004870535343559
79.69610119651722,21.568116776544507,0.5076495913815664
79.66364098413703,21.56180281602118,0.6259810292974775
79.68480054759227,21.57624037378748,0.589326447534553
79.69279689637982,21.52992649840113,0.6791166324743874
79.68616281844712,21.55895135707819,0.8458747719379984
79.70492033051505,21.534654368085288,0.6155265261991678
79.70967549727271,21.574214979118096,0.5418267180684742
79.70627458444199,21.525969964855395,0.41147494836130766
79.6623287768687,21.55936970838669,0.7141147023514245
79.67164772622675,21.56746514329168,0.4778039363075304
79.69219645055583,21.54129507042188,0.7076314943162213
79.71608932242663,21.577248284763026,0.2026062219915274
79.71009740650312,21.57104384107516,0.46876973351675044
79.71055207050111,21.537677097981092,0.3776640580333878
79.67819249162558,21.52045246556296,0.6185711815556998
79.68576687382472,21.537799430567084,0.822825625624181
79.68824235683896,21.536878628228244,0.6161367539972954
79.66944229500099,21.573397876450052,0.5859777976213871
79.66186408781466,21.578027270695284,0.5213912147356592
79.71681417396763,21.524226399158216,0.40282503303373784
79.67444275513981,21.548277689712,0.667753854437764
79.67439693422341,21.552899919911788,0.905674760077865
79.66500274322613,21.525574699679783,0.5754493323141925
79.71571046511663,21.54264986254825,0.41061839625813246
79.69478422689639,21.539024945043575,0.6732604597304689
79.70002221142752,21.552163381259625,0.685872434179013
79.71469461323578,21.559671453983913,0.5534113367792872
79.68073721013404,21.562209106629794,0.6726808462788362
79.69729043866829,21.528205301416804,0.45119966236812636
79.66232796728373,21.568776862116675,0.6216792234042419
79.67120635169387,21.560712521787444,0.5605548510411449
79.7098747483054,21.5733444950048,0.5307996204710309
79.7060061013803,21.546960163566126,0.5423376161607655
79.68103856148743,21.57363338576333,0.5729506441909048
79.68260863766645,21.571946447341364,0.48852115615999403
79.69201326601322,21.546304559941554,0.9197034655419286
79.6600144602811,21.54286859891758,0.6687642474006776
79.67447466016228,21.575968720898214,0.6424098728136269
79.67249390851649,21.562909884072305,0.7445364140456114
79.67502897680498,21.575694720786284,0.4269884280349439
79.708354350552,21.567818486733746,0.40981704612089853
79.67678043139279,21.556557846357485,0.7891183948703107
79.671491279323,21.526951166620226,0.6110681282946145
79.69025580764757,21.537488840354744,0.8795763233432378
79.71193870218237,21.578130544425903,0.3234512671622153
79.67448098223025,21.539165325922852,0.8217681504258282
79.66471217456757,21.525595292187123,0.6415877140267414
79.68138428415098,21.562453201355158,0.6406391172817721
79.7048591094739,21.56404025527262,0.6510997116716513
79.69304143268168,21.537127463217228,0.700056063478927
79.70900760217445,21.537860318760778,0.5896578097879234
79.71757552885656,21.548133579130525,0.3681712942923644
79.70755974860509,21.521307336985736,0.35469076784445797
79.69622818473063,21.567359380621667,0.46216076009822804
79.68960049528314,21.53902532723645,0.9141548583611907
79.66240414518089,21.571225786120117,0.581032114074078
79.71905931872884,21.568157825296,0.239066066877209
79.6830088673545,21.559684121987125,0.9311831503938401
79.669133692835,21.539492492025957,0.7380355761692381
79.70000253132379,21.55097899369967,0.8014029985039315
79.67705729734573,21.546689755455876,0.6976824398563375
79.69514669625586,21.540332913174918,0.6985551824035496
79.69520607447068,21.57088817735819,0.6154481834336412
79.68674378925417,21.54901042447466,0.7230123583210826
79.7101671169327,21.569963385867826,0.4277717449164353
79.67589802369332,21.52631310844851,0.5795721918619872
79.68691795549707,21.52846148731602,0.5573861696472533
79.69226152771546,21.578639218306776,0.41379095589762355
79.69981748324604,21.555266107756363,0.8214119592313898
79.70703831103033,21.55058618040994,0.5202398811674629
79.68368843697269,21.551389363788644,0.7591952499587373
79.6987628166458,21.53291612644197,0.6248481642025399
79.66903665718411,21.563122236970116,0.7030487579081816
79.71595888603255,21.525086837423785,0.4328448848962533
79.68298352838526,21.55439942278618,0.9068264796818989
79.70377128531858,21.554246127795153,0.4870902115655623
79.66122046491293,21.57485130544801,0.40705809123974146
79.67231122857429,21.551570968606292,0.8641353026020706
79.68922495265942,21.52822376175845,0.7510708641245752
79.71269514806394,21.55436519555489,0.5195572881011655
79.69163530899704,21.52547965866192,0.44046327774992966
79.71579222893763,21.532227630117994,0.3741371969412426
79.68902781379497,21.521866515051244,0.40411561131454865
79.68942694580416,21.55079761494757,0.8968414818498566
79.66718480731002,21.525071956917614,0.38782830798995793
79.70815937464913,21.54816366271188,0.4724785661365739
79.67481792474803,21.575976702119448,0.4916394459275393
79.71397674936233,21.563185684781157,0.4236451507435354
79.71464945321982,21.524644700453518,0.34486431794913075
79.71659860671245,21.53345258873253,0.3918593774096467
79.69121382934618,21.560419745193606,0.8015017876346893
79.70062562708702,21.573682111661448,0.44500305244016425
79.7067109528037,21.521975115205837,0.4312274669501216
79.66786087711903,21.568747067903235,0.5107688936515449
79.69605743169984,21.5537088328203,0.6978811445356972
79.6620578740782,21.55276547951778,0.6663982417660966
79.68985396500332,21.5774687909652,0.49640587333514874
79.66929056089721,21.564858676755804,0.7005060703406096
79.67097537555772,21.571007132083366,0.5841093944864747
79.68190285400155,21.54123973417268,0.9083759634045091
79.68594623000298,21.553261842449704,0.8149885411091021
79.69739034547193,21.556924340645665,0.7014340957696649
79.66446570510631,21.53929503642175,0.6924080062934628
79.69022150567424,21.554214887496844,0.7176967679274113
79.67095750781519,21.53419932276878,0.6379598473403358
79.6944385105019,21.528602540264092,0.6386186622854404
79.69824427673566,21.54243821555664,0.5646503090178603
79.69340255539316,21.564357377724786,0.650987894209945
79.7042977306287,21.574971228884433,0.4695284615600325
79.68013655465445,21.547462843089892,0.9848281780911966
79.70590639549799,21.558569421296525,0.6833154592101779
79.68596602490248,21.526182227858506,0.5428261447900835
79.68905106989935,21.57426782551314,0.5519913815566128
79.69888612763566,21.554116252814193,0.5678411197155896
79.66110150303994,21.566820294857507,0.4406038713166623
79.69923965328522,21.567666472055283,0.6524732462490261
79.69711510894433,21.535388831582086,0.5479361766610394
79.6785908270052,21.55175046719091,0.7607204135486009
79.66514765709397,21.57762878509366,0.5724399513003717
79.66545612699478,21.52537807268925,0.604636621904342
79.71539342481911,21.560982993881773,0.513765939249042
79.70135675927355,21.57773584468211,0.5425535554048231
79.66762615682624,21.538034626483242,0.7494386686378333
79.68140339015854,21.57168687528426,0.4884757153515807
79.6955489796341,21.576019452724495,0.49677548237229485
79.71013430230543,21.564825172563687,0.4532153891143088
79.66261965572278,21.533879698738417,0.5131101990293259
79.67419798788819,21.540040043129594,0.8667119347327217
79.71338493941772,21.522148557665062,0.3564710495225821
79.66054993301103,21.56988719405472,0.35020993391541577
79.67208394616763,21.570976671190664,0.5069375991906508
79.71754145055837,21.55796261859797,0.334201665048074
79.69680411079133,21.54115167107583,0.8335346574641503
79.67570028199825,21.524608661658394,0.6137357308284572
79.66401946566374,21.565183456594895,0.5879487540103029
79.66169148042682,21.563591571616595,0.5583056703435247
79.67468470477822,21.57475615130433,0.578925848217975
79.71288914917534,21.56383192126032,0.5202562318763971
79.68495481925785,21.56972169653464,0.6497124538758087
79.70322000214996,21.56475727707424,0.6877652025991284
79.7150971021228,21.557841231298738,0.5885066283768636
79.68448242769617,21.54561798365146,0.9915704169653168
79.67147664226223,21.574127038518537,0.5761816113276419
79.69102707585141,21.559058114314446,0.8837965237619511
79.7144850212236,21.543901319317953,0.43750831247598493
79.70826246484826,21.525008157710918,0.5380219890336387
79.66394979060179,21.537442291354264,0.7423300389450163
79.70155436800465,21.55262360408981,0.7881481784285589
79.69431385134753,21.53653812220097,0.8038845454090143
79.71444779058078,21.533274120875074,0.39689651353158045
79.66734888501101,21.551643610845268,0.6147526730149461
79.69204216679228,21.530189220753744,0.5924755143013366
79.7127677616107,21.568024603799504,0.49907885430042453
79.6846014272045,21.549062089080557,0.7680141208773931
79.68891969506397,21.55443176643776,0.8031022702150507
79.66422764066002,21.52884299605584,0.5556028511813725
79.67668861842694,21.53947458013776,0.8118064615567222
79.67947039895013,21.54460538099567,0.9640727392932018
79.7167073469247,21.56849276983099,0.42746926237909877
79.67696004163247,21.56620957138517,0.7616079164033129
79.68765212411617,21.53337864848726,0.7389569448746544
79.70027826541386,21.556970744896418,0.7639265005680844
79.66973100234446,21.53460738146632,0.5932764689296447
79.68918654322852,21.579294829341414,0.38856937252033213
79.70431234236855,21.57712743268785,0.5465110431640791
79.71201131278163,21.553795883231235,0.5583045439716401
79.69757555647975,21.561934154313647,0.7069333599846142
79.70014321091901,21.568085822932517,0.5456714619240588
79.66757700835507,21.563259905202692,0.5964881201371077
79.71674658983478,21.561989721464943,0.42635665372694076
79.66795444464907,21.57751324047697,0.34496416281047115
79.7064803762309,21.555787366378436,0.5633040070007074
79.67588897930669,21.558178160309144,0.7584288961488953
79.71601558862207,21.57095612502629,0.3833164828133452
79.70319757236217,21.560193452071502,0.6381653562353438
79.70522882277871,21.56397595732105,0.6753014047642459
79.67314355038359,21.5340501211718,0.7364051431981196
79.6865823985981,21.5422760154469,0.9333556842309242
79.69706879167535,21.528838080742712,0.5981774858045383
79.7061984170924,21.550345926540086,0.6355923813304204
79.66623756255474,21.547343644040815,0.5748584754279056
79.71774191898727,21.579829768856765,0.20738409720960538
79.71341324023327,21.55667251916893,0.495542583070001
79.67622091542974,21.567186689391665,0.6258773291143194
79.70936561458194,21.54004088024546,0.6159970481287252
79.69109943538238,21.569892719880567,0.6203000529613416
79.68770838889372,21.556905097989258,0.9123892018248395
79.67886604634869,21.561819539895904,0.8881898111942266
79.69485811519789,21.537665846676965,0.6050252911352894
79.70379334706222,21.552918303501734,0.5990854865210326
79.68465597429777,21.558042218404815,0.8472256785407436
79.6977531515805,21.555345680548992,0.6516887491040575
79.70195877526932,21.574911622685473,0.3894924208521753
79.70266730902091,21.57389635986955,0.5587511879179936
79.66311796588786,21.57825904347261,0.5631125660751659
79.7115848683411,21.560045680360417,0.5634837706048272
79.6874951988859,21.57831484780754,0.500894108514409
79.67574496490177,21.569948680001914,0.5951249796521709
79.67450587044878,21.536249928420396,0.741337861210879
79.68898084677063,21.545646140173076,0.8117729412628696
79.71320989236814,21.53430354653134,0.4455792897449802
79.68270085490096,21.520251829649833,0.4287366610194332
79.704983544807,21.531282925188815,0.6434056494585723
79.66580912385923,21.520243635177213,0.5262337744606541
79.68856340212906,21.56319030768103,0.7747068336109214
79.71950116842356,21.54553205786327,0.5404965020568511
79.70622626816754,21.538754483624672,0.5008404820813873
79.67263170930643,21.56570325346571,0.5282709738625563
79.69008648842187,21.569949206477176,0.7099377889833485
79.67401748581891,21.57851797231899,0.6269248742028957
79.68457365563575,21.558520815080513,0.816393979335362
79.70680504142409,21.5476917375124,0.4559867443914391
79.70627348891742,21.538315858096446,0.6461833592233279
79.67368602267415,21.533339092552854,0.5580567075543892
79.71533339908929,21.532775557028955,0.42472566849208876
79.69555409096589,21.544551362483187,0.6857968849414889
79.68279545745771,21.579507181317275,0.6061915123011545
79.69011613484685,21.520051221846245,0.48659961727459755
79.69630427520626,21.53183235383386,0.7471321195018117
79.69359343191074,21.531303578944215,0.5856081710363975
79.68918430213216,21.563027169131935,0.6853462585244156
79.69029596824537,21.54114908365588,0.9209582164299545
79.67058471462568,21.54743564827551,0.6753138312430241
79.70876397425828,21.528917447828192,0.4815837665708671
79.69250561919645,21.544299822332615,0.753263346528915
79.66786479170229,21.52619198871435,0.621231151546698
79.70596942609497,21.551982597273312,0.4871467048036472
79.71594663870263,21.52587630192297,0.3508767943714719
79.71683841395422,21.567430502870387,0.4429132666316702
79.68214106394467,21.553996103052427,0.8049344074925435
79.66813101241364,21.56343807242641,0.5054451470784009
79.69110397759798,21.54511098319916,0.8653675145355769
79.66675655376095,21.54288947759453,0.6983101034998193
79.71603924511075,21.52589253334293,0.22246119031296788
79.6710147776413,21.551431336422567,0.8008927166810602
79.67516595159707,21.550870129891425,0.9384603261119441
79.6843981916131,21.548086122666977,0.731747430626946
79.68298986811355,21.564431101880945,0.7450720945248659
79.70767977354387,21.56995026400194,0.5248573505140218
79.68737900923306,21.56504738049691,0.5707754159867986
79.67024609560019,21.52863194456841,0.4491704925489767
79.67603259372916,21.557323570556925,0.770304512083358
79.69054680311125,21.52481938634137,0.6578707127626848
79.66884723504556,21.561677337246426,0.5640469939130885
79.69669934053876,21.54291034579367,0.8306970998080347
79.69394483839307,21.527949937375976,0.6427569023407758
79.70288213898293,21.571723051418566,0.43600811642009163
79.71626227692276,21.556840500342336,0.43899896873632804
79.71473527366607,21.54128349807685,0.5957794873870277
79.71676453708413,21.521843630779028,0.2577200574212629
79.67468293582142,21.552238615540215,0.803640490644739
79.66789391839836,21.575393552709173,0.5218245728426338
79.67813660202978,21.55578278996214,0.698981446165027
79.71370511036598,21.57829903627717,0.20949326123656015
79.71832320847741,21.528187067096226,0.21646187038984566
79.71155949706423,21.55409830627569,0.45346852942878413
79.66660106326765,21.567887502880385,0.4401371105155709
79.71684567988359,21.551532443867544,0.5289897685313073
79.68540148164105,21.52546398135925,0.7473226766604799
79.66055861744574,21.554973160092832,0.46854863419832626
79.6865436244449,21.556704274350547,0.7847636175655878
79.66276415018052,21.56372255490852,0.42665844615618925
79.69263267526966,21.565672690909928,0.5487325498783434
79.68031324164622,21.566246361292635,0.6343475277521304
79.68840609601564,21.559806663618335,0.732125380012798
79.69679022164459,21.532948671185117,0.7683327734096873
79.71212806574907,21.54425414535037,0.46904939386580213
79.69971409458832,21.566567798356864,0.5769412427640739
79.68604293210869,21.577205619004047,0.43667034959333934
79.70916567122022,21.524736817890197,0.2697660438869735
79.71433492825439,21.55213220066783,0.5903427366150147
79.66718559798593,21.538751336279457,0.5495274437620556
79.69191597865317,21.53352363365901,0.8290885943850342
79.67707071758454,21.550348641011183,0.7176234027984436
79.66282367187262,21.55636536043339,0.6594655686746715
79.70011280170684,21.52058633388517,0.6026137982377167
79.71176624664756,21.56681239433207,0.32900258918719
79.66977415926864,21.569192927875566,0.5585753514182472
79.70874481945744,21.577930649474073,0.46466806045096526
79.71120374401221,21.530838623993482,0.30556797403324404
79.71486042656,21.555673153741655,0.5124741045529745
79.67591710534516,21.54559752240858,0.690301953486018
79.7142371839114,21.54008967109332,0.3796425536660141
79.67923976528418,21.55393800708625,0.7238157691894702
79.69314028080733,21.56694298559341,0.7588795215104276
79.66303044824993,21.52138316700671,0.3463304313021003
79.66263286530211,21.57816400675397,0.27881288354730616
79.70322239276393,21.56859289514234,0.5430086989222402
79.68666879867867,21.56506922221873,0.6557212203231712
79.67537754252216,21.56562324293083,0.6469889962444824
79.67142480976149,21.543343642577117,0.6471512211154397
79.70019720945155,21.565097233050686,0.6638799094991381
79.66002409264152,21.543206212516175,0.62573934677252
79.7083534701518,21.573922409774486,0.37499379377061115
79.66475497636779,21.53063334299839,0.46349963536529143
79.67148937689448,21.53754084545291,0.7436322410346747
79.68317418371794,21.553080252561944,0.9219222726685017
79.68909152438296,21.539152662153235,0.7211835338326062
79.68129970694883,21.545454234717717,0.7001235257103213
79.67924272989906,21.549545361363915,0.7559105789035683
79.71783496072439,21.57138120092881,0.4103054107948186
79.6984947808746,21.55139153521652,0.8635561210107199
79.66140597732203,21.541747590916874,0.46454642466157564
79.68581055450666,21.534864169842105,0.6836475229249559
79.71250052198464,21.54452055872753,0.36403623530843054
79.67808737118463,21.550944166264863,0.7781729170832734
79.66567338068646,21.564766891432193,0.5659270954431902
79.7055030862954,21.52726292657034,0.6038935736504548
79.69636082991616,21.53329655129435,0.5193836033545791
79.69421875046959,21.542779240952118,0.8429337155486254
79.66321459357644,21.54162390430717,0.6063872842948335
79.66842994058773,21.54350488525631,0.8174043602436227
79.69735296377279,21.567611275878416,0.5939036678206808
79.67246943048752,21.53944926417773,0.6062631413254053
79.6902442047849,21.550113890824157,0.9510728562405022
79.69269290116176,21.55743442197147,0.6294587047698614
79.67701043141625,21.533930713011017,0.7458752236990849
79.71690550933249,21.56312172322885,0.5163455348059414
79.71054784641014,21.552826679184296,0.39833782023634173
79.70334241045796,21.546806869781882,0.6597126428256859
79.66467963198455,21.568587041604296,0.6368071901053284
79.66636780115854,21.53460971555111,0.7707512216947168
79.6895668807519,21.572990558236857,0.6347648959839145
79.66964280095145,21.553662924122,0.6744845984449027
79.71869592781177,21.556550492762778,0.4663005807240598
79.66951121404165,21.572503537850135,0.595857633989655
79.68924807012783,21.569054961270957,0.6901338134830111
79.68184726341049,21.556093724129312,0.9234044713628462
79.69836318528725,21.56519126223089,0.48553912292379553
79.66774218453337,21.545999169413975,0.6061402749499243
79.68581898568254,21.552842665209983,0.8767431394471688
79.67648230196842,21.52372420820251,0.6953918587094886
79.7132650914803,21.525391475080003,0.3785273277751642
79.66243514272807,21.569765524251178,0.6410918663093172
79.71482364964038,21.52358029934095,0.49679972383967674
79.70997964831318,21.530163947537957,0.5754565130626507
79.67785424298644,21.567749959537025,0.7792766028020413
79.70735743928063,21.520068757037695,0.5150886144780705
79.66187281362032,21.536944259730753,0.6822484344469892
79.7180119330176,21.555042319469596,0.4762723247257644
79.69159569655538,21.555726995888158,0.6364333647420574
79.67819686156392,21.566629174493766,0.564643653901467
79.68175499275567,21.550355575269528,0.7377768787001006
79.66398432120762,21.550564112171855,0.5252284359480391
79.71936097084252,21.56351863453244,0.262243386706919
79.66235751670904,21.549917467795975,0.7689066180135884
79.69929442738886,21.556509465193816,0.7301853465791405
79.68656415566238,21.5738664440953,0.5072053236932452
79.71693497309133,21.544087060456743,0.5223804149289621
79.6747599844184,21.543107504255154,0.7910840048423512
79.69192520943628,21.520212939511886,0.38881722964413623
79.68894137251496,21.55680557569127,0.906643310781083
79.70217198664301,21.521786314444427,0.40252518462193454
79.66408061391714,21.550248909383697,0.7298078645322182
79.6716273478014,21.568254027341933,0.5471971060713036
79.67287388920556,21.55299526423118,0.7826437397777513
79.7042890452905,21.536178169913,0.6696773807084111
79.6713483217796,21.567170105286962,0.5198530517785702
79.69440950583346,21.536183020244952,0.8428641415792623
79.67291462923005,21.563981906856753,0.5505815543436221
79.71169749700503,21.556615507311413,0.5058182637774187
79.71653112726938,21.530199777804878,0.5124177673373264
79.69110957849654,21.57430803249065,0.6741916183652849
79.68113853305255,21.53203862097743,0.6234032862042047
79.67404346650105,21.579375224448437,0.35918795170401574
79.66298686009138,21.520438629319298,0.49938319603557946
79.67611000457185,21.535809002628575,0.5983999245730766
79.69925414679672,21.53199161783645,0.5932610345167505
79.69201701587855,21.520839604610227,0.593496167993693
79.71664247669685,21.56394207400884,0.4201186283234737
79.6837766357495,21.561605548125975,0.6634269536348296
79.7016318005397,21.567541057861295,0.5417644427357008
79.6893593648485,21.535401912787872,0.8590364421126482
79.69075457295546,21.546660110024977,0.846926070300498
79.67606645887625,21.55954681129729,0.8251409972752971
79.68729704661052,21.54638611023329,0.7863035442440367
79.68824709982076,21.561839546219073,0.6466065368672408
79.70239855130494,21.558038404506426,0.5522426659581989
79.71643839995116,21.52687886818133,0.38110174745214576
79.67975927664895,21.566862587264616,0.6106435381314517
79.66253202811488,21.56324058154555,0.5830916801759738
79.68977770753004,21.559350063257043,0.8227462324891068
79.69266767992895,21.52930561637626,0.6952469343552754
79.67010643306791,21.536079786927722,0.5843629756344526
79.70562787637657,21.543590621895255,0.6738320739183551
79.71909574650648,21.536795777299385,0.4423213786731829
79.7167464830205,21.53366861744057,0.25591287181934547
79.67182636232941,21.568321460209706,0.47832773794148997
79.71252179439405,21.55829393478161,0.5211300736801132
79.7022696181847,21.553928327893015,0.6159681779725278
79.6872307938284,21.533557162651196,0.6125445876555541
79.69243665965948,21.57508459373612,0.3857898598583096
79.71097601049894,21.531470982345837,0.3507053189167154
79.6888080963783,21.56769705596948,0.790479823039712
79.68239244214631,21.578000360002317,0.5718867207029843
79.68959484958155,21.56362556375345,0.7168328356740206
79.6947477882421,21.579571526511074,0.5829593019802954
79.6713446592267,21.559063067018677,0.7569936023542266
79.71405446381601,21.533047620616234,0.4957248712116154
79.70045121692978,21.53222916962299,0.5212830882826573
79.69799613504024,21.539473857055327,0.7156285781289455
79.66596977357084,21.52042780121326,0.34611881816129136
79.69625043629036,21.56090190820497,0.6534047765076163
79.6672576397343,21.53612006707767,0.5115128585023431
79.66472186051172,21.568910993937564,0.4512040933399635
79.69163865373854,21.541550359033558,0.6508553818189042
79.68416713204279,21.5487973896078,0.8153444968005009
79.69532861620937,21.57794133499362,0.5709800676403451
79.66535333008343,21.534530327382836,0.5746941700538971
79.68585898377083,21.563275245845784,0.8298391856433325
79.6704872029027,21.565307067358322,0.6868826880592187
79.71922600515545,21.53325988945142,0.37926003453432056
79.69366901274611,21.550059810196732,0.7042069839061185
79.70124621165645,21.54101211551878,0.7806767790349367
79.67952509684095,21.566314374604005,0.5506447655465727
79.66568433488676,21.55734899914174,0.7204793972296166
79.71855225176701,21.54855898329163,0.45456683819250154
79.67717554212298,21.566761795902863,0.6507801168950387
79.68542849111041,21.534109334200505,0.6544915578737972
79.69899183530215,21.56521731283506,0.5811682228536237
79.66148183786116,21.571922458725567,0.5826806085270978
79.70861554783103,21.572717295808452,0.5245636277491275
79.69219469140171,21.567020415581176,0.775193532141
79.67669303122413,21.544480850019895,0.7597364959845203
79.66369647911755,21.57890848136307,0.38239373452552006
79.66974990492847,21.542775618629346,0.5932891454466824
79.7137020315312,21.558317523946144,0.5943967583290403
79.70116145343616,21.529664450684166,0.4983584611985454
79.6749941032982,21.578826933918183,0.448156220559086
79.6639360458967,21.56223915531188,0.7207178933923251
79.7014369187432,21.56520265271478,0.5815063766418367
79.69434446355807,21.523946602204667,0.5555610993621947
79.68427117146749,21.56580506885324,0.5992043352436178
79.68181668695141,21.566483405753235,0.6857993182952669
79.67300885655574,21.560306363581734,0.850624141342502
79.70017667539224,21.53751457682742,0.6606431101443226
79.71824008166763,21.54938140252965,0.3484122282208727
79.6705429147502,21.526626062278524,0.4263805572751246
79.69582699720092,21.548295223987548,0.7083570311304846
79.68545110334476,21.534629431156024,0.7613404633576338
79.68680132330468,21.540945819189645,0.6695375015690799
79.67524883680767,21.52975602450422,0.6788458245398806
79.70950809253968,21.53380326206481,0.49393505325483955
79.68911533624883,21.524594118509206,0.65846888335761
79.69260435113189,21.575194081986215,0.37868847687220675
79.67828565476783,21.55182464127852,0.9158145277899996
79.67090850794001,21.543804518275763,0.7639159396761113
79.66515462329217,21.552101752766127,0.6440733678983752
79.70284714845549,21.55769759370889,0.7608975979751516
79.67177405690127,21.57531272760216,0.4086387075711265
79.70140452125132,21.53072157713718,0.5710929706243095
79.68342258676282,21.53773314991811,0.7286171790474192
79.68494648805938,21.578547360180647,0.5028023763306353
79.68815064976556,21.54227157919891,0.8259663561339738
79.68206251048765,21.521353699045438,0.4112996512799897
79.66603719863335,21.528858609558227,0.6034948830019145
79.67857790860016,21.521580322104914,0.5732255205038532
79.69982406164164,21.57939538854524,0.5059657249020731
79.69994706408814,21.536732250939473,0.5162503306693627
79.6771734584344,21.575412565416173,0.4730574044572306
79.68760615759346,21.57975317654558,0.5181960547059199
79.67160683368071,21.555990473268587,0.6416575930447802
79.67262232489179,21.521991778903935,0.5684333829982541
79.66138282530439,21.524895497823216,0.3324891472205034
79.71380479299447,21.548895343306473,0.4311867740430019
79.67264239990449,21.54437032077469,0.8843515809281107
79.67365203261619,21.556370638346905,0.8514076984837265
79.6767760859587,21.546330868582682,0.8682872512540958
79.66764448430172,21.576044610956288,0.5857972645773113
79.69835577299088,21.55208438292481,0.7796332515060118
79.66450857719065,21.561623563687746,0.6175790283623336
79.66805214557958,21.573789116358547,0.6499454081732376
79.6986854035954,21.52881231254999,0.6237503971825225
79.68037963722888,21.533784079247113,0.7582782352372313
79.70247686960207,21.52643911962844,0.4721755785070658
79.69344548468021,21.528378303953794,0.7264509705281498
79.67536127038369,21.550755038016053,0.7531666209075147
79.69904967702936,21.53927075553805,0.5258777354813146
79.66697642081758,21.545390370371603,0.6198373935788889
79.6921846229848,21.578949389907642,0.35273756838814374
79.6862288863027,21.529402260867755,0.6051916104819592
79.67607241496904,21.552448724247885,0.9123513189827375
79.69624029986437,21.52593226930322,0.5949693848685085
79.71228001554041,21.539109778795833,0.3815861416687383
79.71993428198579,21.551651555420474,0.4874083639240876
79.6964657661246,21.576797904757917,0.47734542317180656
79.68428235245975,21.543473693277008,0.8367596146665273
79.67351242601296,21.52389440177288,0.5062055630216278
79.6754257653637,21.543289686877618,0.9107375434024974
79.68876729868899,21.52874447055244,0.5853468860987203
79.68203666207684,21.533799376797486,0.608999602555656
79.7148288713575,21.557085437389897,0.3923309447317904
79.68209772805935,21.52404543197222,0.641758098719817
79.68240667546873,21.547883425375,0.8967727735373908
79.68301207074603,21.556567695160645,0.7200267499280549
79.71019721262206,21.54531150354205,0.4150073995079617
79.69904729925081,21.52114758103742,0.5150516777554571
79.69685013101913,21.57913116141417,0.49802094686295284
79.68004858134303,21.54202694604043,0.7794017343791158
79.70907425060994,21.566714631215994,0.5710257729045914
79.66230183168133,21.539538789531246,0.7548164330214473
79.71224783034029,21.548501005419602,0.41510697370989796
79.69076499398763,21.54330781855666,0.821116774210022
79.6838950140918,21.540552353770575,0.6628646947032522
79.68983003684306,21.521311082632465,0.5845597662920405
79.70004493183202,21.54160125627127,0.6495919934248799
79.66076592559106,21.57336939942397,0.3576976087728646
79.7122931113875,21.56142360031562,0.5404171439144807
79.68680437151868,21.528725371545725,0.7403064734530921
79.680577991182,21.555469300277363,0.703111363726787
79.66829473393804,21.57353385159693,0.3734759981216435
79.6863679224615,21.56200204245789,0.6963464004163606
79.68977936627707,21.5289210635414,0.6753455129023771
79.6842188016696,21.572069949804067,0.684267940897583
79.70071960562962,21.53809264079733,0.6542944483486421
79.68525379172556,21.54724456865874,0.8696873017010833
79.7176850546708,21.55156856558135,0.5172452082239988
79.69595665106941,21.57103039626269,0.5653185365157906
79.70844867613911,21.575896449708857,0.43203574261154976
79.66656135418657,21.57577917266743,0.4751355078058601
79.68383747757674,21.520477250876713,0.6350414913394706
79.68021086208682,21.575313309135126,0.46341493483226137
79.69416894328819,21.523263217960093,0.45639233411606894
79.71166681120368,21.535946419409047,0.36139242782139713
79.66470029306572,21.55089927128367,0.7746654417018479
79.66435448788268,21.54879554134026,0.6490677078080358
79.71101906248946,21.55628258763324,0.46098440099324245
79.6727710051623,21.548766773724218,0.9360027067827149
79.70012519526699,21.576062540778423,0.5884342724738765
79.69257268794165,21.534432930892873,0.8377956050246445
79.70997361569323,21.53644148164231,0.3908600043119327
79.66750533459017,21.575244276141582,0.6009539921892844
79.66778697794335,21.524604370824715,0.4663900245159085
79.6934091016167,21.556573649314288,0.6083396485489169
79.7167827192015,21.560904157123936,0.3811318018035088
79.68489986550225,21.550332503405784,0.8486708005123921
79.67961652601528,21.561653912729387,0.6338501173954011
79.69640135939187,21.530365278760716,0.6189966144171344
79.7158269160327,21.57115793396629,0.4680724572731957
79.71021566997068,21.528401541368194,0.401933744624591
79.719729016644,21.544048746658945,0.356985789437923
79.66135411499214,21.524515456078493,0.4122885597620658
79.66677148868277,21.552712664729043,0.8321111611748311
79.696568065802,21.560184748445536,0.5503563659909101
79.70923458636003,21.576473298105714,0.3718073033288416
79.67711466053841,21.56436017175376,0.6329181344253898
79.67435266528204,21.55246617498725,0.9179432222626687
79.70721854796287,21.57595702103022,0.28639422718586693
79.6633829112312,21.54870621028245,0.633532819831143
79.68216295885495,21.55367233918593,0.806849298199432
79.69034855335553,21.555765911660206,0.9061062017768114
79.69362092046102,21.544598783553194,0.690638728396855
79.70371690940756,21.57030896143395,0.5368164894794213
79.68129074340584,21.531110556330702,0.5801521775457275
79.69676106068047,21.553290531422295,0.8706753104397383
79.69512252536745,21.56333399537123,0.6944387990442251
79.69285696603922,21.574238570312595,0.5702774365780099
79.69842899758854,21.573035103786054,0.49029896639960785
79.67556695026408,21.550524417365807,0.7693828204315925
79.66507892521507,21.558589687069798,0.5596771687925036
79.66715630032238,21.543654264167756,0.7380316382030842
79.67347494295923,21.54809066577281,0.9352937401650648
79.69001187613136,21.57437594755438,0.5023252720416692
79.71042656503276,21.575842239591548,0.49920906355506056
79.7020776005253,21.57372484348402,0.36615430794416626
79.70734243625212,21.52830225170882,0.5988541652224675
79.68105853743556,21.571005041279836,0.5680993138156061
79.68427922449891,21.576901823861288,0.4836421315278955
79.68362091315943,21.541674981674415,0.8099758725165238
79.67151239106427,21.5511187773653,0.839443099279868
79.66367299948861,21.566745715348777,0.6149258937726272
79.69545496556964,21.553724688253936,0.743273004965739
79.71935300100523,21.579609011302374,0.3178644311419543
79.67000978229702,21.54734280190941,0.616400603840834
79.66280108919395,21.56283656267244,0.5190846580752803
79.70677190090943,21.56755546841179,0.441157470306046
79.67515516040108,21.549646024945506,0.8322250408782887
79.70977862832117,21.57141902834268,0.44095182542188427
79.70223620002207,21.552769275472432,0.7187324563386539
79.71674041222305,21.5446990478081,0.5029105436114809
79.68453563414539,21.526469420431116,0.5362582425769771
79.69971819036704,21.543604814581023,0.7716778807529827
79.6878912868488,21.564036187283996,0.5678463101938824
79.69783532183851,21.575277184700806,0.5511462744102535
79.68697593436046,21.53510076423162,0.6215877884675178
79.67131793478543,21.54131413103983,0.8161256933697754
79.6904738449602,21.529237659646267,0.6465944333417757
79.69171505208624,21.561443373653738,0.7025416934053302
79.7086362308956,21.577611305800595,0.44093798114968763
79.70413124234761,21.55845713319089,0.4580607282841099
79.69982749743649,21.55702459180037,0.5869695897779144
79.66680322573315,21.553209395830024,0.738637559682052
79.70323697743981,21.52530734444113,0.5840506469906029
79.69001830938127,21.56377022958576,0.6681963949065716
79.71364597216636,21.55612297261296,0.39799754251366104
79.71519225604783,21.559688606131377,0.4427621951314063
79.6633093954361,21.573928665581644,0.502639656527137
79.70923849362127,21.56703764722366,0.4398111601394119
79.66226184342536,21.56685491512927,0.6445755435145124
79.6820301775417,21.575631026132758,0.5467050209038785
79.69253799853726,21.579396097087777,0.32328875732203094
79.66888604791762,21.554876963917664,0.6413719284859714
79.70477882875414,21.526532896961868,0.4629330878057275
79.66050128225032,21.547547794466524,0.6723304107791821
79.67011594290604,21.567256068787696,0.5265869931343408
79.69484780979121,21.52166351948571,0.643796307734969
79.70286325372224,21.52341324630137,0.40842014371088836
79.71499858616163,21.52402946694297,0.3764089000391855
79.70232979911607,21.563862145499698,0.432023015061058
79.70030675621528,21.550069997713788,0.8075946556727613
79.68366046878104,21.542133876611235,0.9112915389151538
79.66007706553161,21.526337022715705,0.37526600017166234
79.66720955552414,21.56393441501235,0.7515440879137647
79.69207327268536,21.539261188633052,0.6996009938754697
79.70050779315066,21.53591944420388,0.6816429688923117
79.68504689703379,21.559139152093213,0.8807988759792091
79.7038407406917,21.55354065355581,0.700002708798962
79.69131173771993,21.541744638508796,0.9080938273167404
79.66445057173566,21.558489248248335,0.7470100235138906
79.67152097505807,21.536273291223047,0.8506376368743823
79.71039989339464,21.56768981569626,0.3507612527166045
79.70349476479747,21.533759137018457,0.5057252909813247
79.71368571922075,21.529530261722922,0.4520614116973708
79.66705343494725,21.56694636456993,0.6541148633366357
79.7194133520769,21.562473521841873,0.39098436423065663
79.672564402837,21.530958338542106,0.5164196997447651
79.6607067925772,21.526974745161397,0.5816762076125517
79.71984537634322,21.5703039453092,0.48411086681551996
79.67686443312671,21.5665959089318,0.6410971006902371
79.70008116715076,21.53963544242198,0.5790020860184908
79.67060093885057,21.5594918444928,0.5645782481130381
79.69481371193194,21.527449611192868,0.5031031321080288
79.71424209918727,21.55042285954286,0.5338013848359277
79.67921087004571,21.521123817523623,0.6507913361103406
79.70021523856266,21.54349611285529,0.5607778862404009
79.6712742153279,21.524490569288282,0.5582956304371901
79.69748772392312,21.54850883080941,0.7934966205509506
79.68018702110905,21.545300898811174,0.7718634860742725
79.67267249551527,21.546663101598284,0.8093383569405347
79.67879092304221,21.522719878122878,0.6156127679345846
79.67073046411046,21.54169698047691,0.8443564605515641
79.71411496647028,21.565389030945994,0.4068195820212905
79.68383121317902,21.542134862401216,0.8988377794979237
79.67471675829846,21.562910317156575,0.6486205694090817
79.68690447046096,21.542168723418023,0.7299609656414008
79.67923217000839,21.54539436648941,0.741939727998019
79.7046651552288,21.553833526769754,0.5712445592972304
79.71827319471313,21.577040916208425,0.18743177963468255
79.68628201940186,21.5265316267988,0.5483901585438575
79.71166200399833,21.52197482611967,0.4243049345581526
79.69395178441357,21.5564774310286,0.7937991740496431
79.66943413990565,21.576945825335702,0.34699441600485514
79.70143736452488,21.579383387953282,0.35172918053803925
79.69080606982754,21.54904985484352,0.8343369689433906
79.69903639139513,21.548084897265106,0.6577172325586376
79.7133812447543,21.55869782624471,0.4394990829313545
79.68642607423936,21.553338085432298,0.8935609792885146
79.71407065739304,21.558045283456845,0.31058766183828046
79.7050401408569,21.572439965532272,0.39160060420600207
79.68931629555267,21.564778370169254,0.5867143199786192
79.69619332813947,21.549812643501205,0.6402940042217302
79.67953486795113,21.54771186754001,0.9804626956463572
79.71901583798433,21.558376104910785,0.36100340415715043
79.70004106978303,21.547342377065217,0.7044457483437869
79.6626308111498,21.54746676107594,0.7175973463950537
79.67959731434487,21.52097835410719,0.39007241352965716
79.69739886602554,21.53044384824444,0.5211401332271229
79.66337999666796,21.549310818399743,0.7595249209706402
79.66143305147915,21.56935920754302,0.6052722189164843
79.68700145437167,21.536723620403627,0.7234880237946987
79.67996141078156,21.55135860598787,0.8030180705468435
79.68629791648199,21.540697725085554,0.8837086329898567
79.6757615985928,21.526288239372374,0.5342378445915263
79.66988306481657,21.577497908984277,0.3556781959382431
79.70134860141881,21.571280432215016,0.43309385187094906
79.69087426697607,21.524709545468014,0.5334111510245801
79.67200925267495,21.563187235748096,0.5472610593982554
79.6791753655756,21.54085479426145,0.8004061924759487
79.6955084744598,21.579690988423707,0.5173500451137525
79.66433376089634,21.53814391118974,0.6348219665984682
79.66884718055597,21.534324306721754,0.5226710098583994
79.66439473624644,21.554073432898324,0.6459139388719138
79.70873903996285,21.57010756980059,0.5068461345599369
79.70514455399272,21.531551132309186,0.3902868910915115
79.70519877591275,21.562564166183158,0.4185968024345228
79.70297952060857,21.523684394988468,0.42594876361621864
79.70016312542019,21.575136084586628,0.37936171716416545
79.68861951492269,21.52486449496884,0.7100330693724082
79.69853668981042,21.574853882580648,0.5109132651758911
79.66230169328728,21.54944843496716,0.5786556697008447
79.6972878653594,21.546885466767755,0.7975659755188419
79.70667266233221,21.578398424770022,0.35322244552712656
79.69002150162306,21.57942305066189,0.36097603750537355
79.68145079970563,21.55901068755766,0.7090960027790676
79.67664560408805,21.52762715751142,0.663584837413991
79.69856812300972,21.550370205139313,0.5834379002328799
79.70156807191779,21.55174978605734,0.6010756231593255
79.71225805599175,21.550866785688118,0.41453072992886475
79.68054004494766,21.554169510311198,0.7391959083984672
79.70618633844313,21.52112348282766,0.4681877659727902
79.69368134945135,21.562673636888228,0.7865673161674316
79.71297018944068,21.562743658117178,0.5138510671990663
79.69166872649774,21.526928186510673,0.6401175556663878
79.69105778970388,21.55421436654675,0.9191622265622231
79.69467262488645,21.554101670946146,0.6245058604659562
79.70495892130855,21.560947025211423,0.46725114066098883
79.71788142872971,21.525123861528105,0.32567204490436247
79.66441380125295,21.557590198435964,0.6055229407836251
79.66320607614345,21.53684511704478,0.5796224276094181
79.71625302024444,21.550420179429768,0.3584517740452793
79.69179253753109,21.566399413162245,0.5494869153008339
79.69689418087401,21.56233875618178,0.6617534942970915
79.68894541609568,21.527134181060678,0.7423236195461826
79.66561944715644,21.555471087226962,0.6426663175680789
79.70608536270512,21.578146991856443,0.2598574999729125
79.70483347870531,21.5294061662401,0.5677288463200476
79.67870219928956,21.571174425263525,0.5424645669329864
79.6783743547137,21.562152884833225,0.6635653861917881
79.71027048285433,21.566440198774583,0.40394327246030964
79.66434143546448,21.536917499628558,0.6876967713577251
79.7128663089014,21.53727333576279,0.5602283498806002
79.67539970139376,21.574361167346588,0.5694468454532808
79.69557908486533,21.541589921925553,0.6826086110455488
79.71615965074011,21.523780923441567,0.2999577412825501
79.7006873500922,21.556035802214765,0.5512575452967841
79.68486578874801,21.52748906014251,0.7617598893911488
79.70137205253432,21.567795774484473,0.5870886272635827
79.68063877817897,21.558504786550063,0.649916715306745
79.67663550498095,21.572483590313272,0.6258040960090209
79.71980099667608,21.567090234986956,0.34352672291719855
79.70504741387079,21.52672681890029,0.6187592658963478
79.69868319864291,21.542864240586063,0.7978253087783047
79.68131737859315,21.566473614994873,0.5871721590189178
79.6629496497493,21.54504048839598,0.7139375157873562
79.66186341256211,21.578341929086797,0.4054494005132099
79.69325087532692,21.564144426993607,0.5801478873358676
79.70572196326233,21.52092999500142,0.47474287198804377
79.69224275142663,21.572799141493647,0.5711885823306365
79.71044710431634,21.526048287092113,0.2774959970774977
79.66200559198559,21.528431423450805,0.5516196278923522
79.68200512458556,21.564069544036663,0.7633056479262426
79.67422422347045,21.571898113565826,0.4675758306942691
79.68683637808942,21.552180977673974,0.788146150741497
79.66434258359165,21.537342983976746,0.6499912960168088
79.71724789849426,21.54107893271519,0.3156238705254506
79.67339532406416,21.540573359775763,0.8693873700343878
79.71533846652902,21.53960068622857,0.30110407276177314
79.6855535893022,21.534574580309297,0.6193983317907609
79.71913144799531,21.556532025677754,0.28647344428620125
79.69324350300761,21.574024319113903,0.5416980134560215
79.71584997185055,21.538424944785,0.4683633509903803
79.66032093932165,21.531201657847685,0.48693002655973544
79.70489432837086,21.570314659982284,0.4179230221522466
79.71418303918615,21.564506999853382,0.5181038301969215
79.66838323401873,21.575850221893592,0.35258740034513886
79.66576755110393,21.529931184136295,0.49921680305577154
79.68547435643116,21.528655078846995,0.5111708072894204
79.71602073436797,21.5524857636583,0.3014516940780877
79.69254319361143,21.556866019290105,0.7170329580149317
79.6916473878233,21.548810406511574,0.7141396586960108
79.66846756709796,21.55593799817943,0.6426894797488601
79.6600473706656,21.530822786132504,0.6053229172716156
79.70860840544472,21.548776825249846,0.4585554864693102
79.66525447377917,21.55948555365638,0.7250769301944178
79.69803098912412,21.545962386954923,0.7761340857836938
79.71487698727091,21.560766840148993,0.38420169950251515
79.67251911478951,21.547071476833228,0.8014250434344646
79.69991637017421,21.540015974850537,0.6500084587030328
79.66472191460245,21.538216302825226,0.5252689922563385
79.69622530863026,21.544654123539313,0.8664108804184817
79.6698359032572,21.521385377360932,0.5113601592522969
79.70415721363091,21.560111508306765,0.6988602619554394
79.67807387768764,21.570706338458812,0.7077206466568773
79.68780346052827,21.541277625666588,0.6785555038321801
79.69596583252165,21.522761988168504,0.4207715738375464
79.67027640463998,21.57920653584313,0.3448661927957565
79.70449826911705,21.535821895327064,0.6682352400254288
79.67815842043821,21.527597267301445,0.7352283608456747
79.69974231159476,21.54218515047838,0.6915074452738091
79.66949698304195,21.564313422438012,0.5237497247072482
79.70128705955239,21.537634995813434,0.5194542193189284
79.66769128436863,21.554482192235167,0.8044347643276181
79.6855213897762,21.544933599666226,0.9663999016631446
79.67483236442433,21.527065839536597,0.5125704150103523
79.7049025149657,21.539817220749526,0.4451270285686622
79.6757221002704,21.563492230342842,0.6566847418376386
79.71290303838373,21.556720233839886,0.3375683945313139
79.7135092126844,21.527186702793013,0.49655220901959196
79.67178647891336,21.52979934458286,0.6190905212728898
79.69683075670046,21.558444001558446,0.7414843269471314
79.6652630585032,21.56880492485925,0.5165128553404215
79.6834922259761,21.54096846975749,0.7689809696004184
79.70279930377008,21.555718645110606,0.5506917112270652
79.69956539481099,21.530238615325125,0.6547614677371477
79.69748204016439,21.538682580214317,0.7476439502717052
79.67695245181974,21.521216212340384,0.4809572594548983
79.68268149696605,21.56609655686797,0.6390172772031839
79.666176768682,21.544060589186376,0.5446475233793105
79.70314136922602,21.568967534419237,0.3826611427927623
79.69023332780748,21.562502379761362,0.7563477578939478
79.70252593794073,21.569724655943705,0.5161976431040893
79.67493661148781,21.53713952017497,0.7236592296644435
79.67946629371811,21.53110652382567,0.7840070692318897
79.68005292023561,21.5783143409591,0.49819721562226377
79.66154454458483,21.56303966722245,0.5247144818314763
79.68046287236983,21.570042536075597,0.5259732881459389
79.70819827441107,21.520788002422595,0.49161862930029093
79.71383790974498,21.54126769721775,0.4908778179653522
79.69109309893815,21.564569001434638,0.5632587636602555
79.68733010171314,21.524678969979398,0.6256718283860276
79.66184947712196,21.554040395774134,0.6019034958312999
79.71275226025512,21.5457443660473,0.5872953415853541
79.66078061280555,21.521056990428466,0.5474481826520801
79.71668500481262,21.534158534627167,0.43531184138075973
79.68935297492128,21.537087519344002,0.8228094584099606
79.68051606961448,21.52671159678078,0.4855218433547569
79.71545310609056,21.55789221458456,0.4588984331729582
79.6614634595866,21.534543872575114,0.6372212689899083
79.69488549369214,21.53665716997716,0.6989036859357232
79.69293595146996,21.57389431589201,0.564994892616915
79.67315922407268,21.548027385561586,0.9152600938204581
79.68573324588101,21.543527688818155,0.7391265451051043
79.69913584035662,21.563432262298882,0.49994770258892435
79.70362787181291,21.574576827812972,0.5065682614776099
79.66004301152239,21.521502180174245,0.5171267460005483
79.71621120580546,21.54689433079332,0.5522072655066218
79.66987152234357,21.556646881364674,0.7676566901651045
79.67401482605334,21.539113785887558,0.8562140863689418
79.67580840674162,21.566344463327393,0.7275973643536733
79.66226920819312,21.578288624216214,0.28923052106120595
79.66738312741542,21.576605641975014,0.5446625749145783
79.71918099537665,21.535958952362797,0.2906156627581333
79.67891300424263,21.533580296706248,0.6414450464362422
79.66691806542033,21.57744943186127,0.42135248039039574
79.66641947567048,21.547517709245888,0.6512162576656156
79.70316759806019,21.532497863385082,0.5027860258257681
79.71127411984196,21.562419817817823,0.3726139547586433
79.6754171379705,21.537065219434226,0.6841965934920052
79.66125457074011,21.536034818504262,0.4262579071206599
79.67338540110671,21.572754942584666,0.5486211101826521
79.6633909414478,21.529748749202614,0.6174621514975284
79.6662036961978,21.523863576787974,0.604257048901419
79.68589048719086,21.5361511864103,0.8546240415103867
79.67379510225169,21.55641672477029,0.7450501156329434
79.69095675271153,21.527385271204196,0.6766664521895297
79.67520962519544,21.548295680336608,0.7519229218502489
79.71643223806618,21.55764022662552,0.2963534062774178
79.71435663807557,21.57092421955559,0.4385781031443483
79.69400836630062,21.533792175472133,0.7197111952125779
79.68126543951924,21.569040779402965,0.7355000859719751
79.68286881292208,21.534094375667873,0.770134064175266
79.68471113698867,21.560605992474375,0.6655500409955614
79.70365475932809,21.545840414288946,0.7427087238285085
79.68709833973112,21.52688087454272,0.6550024251816953
79.71140379679035,21.56285580776931,0.5598205924706527
79.71664568715582,21.53306575711294,0.4827832763386118
79.68015676920274,21.530597405561476,0.6191085479125575
79.69364166888253,21.54149937571536,0.6301501824026123
79.66570339220995,21.559197414685567,0.5525709087445576
79.67202814286598,21.534039788727437,0.5584671195672333
79.6848079460026,21.53101969232691,0.6109588110837286
79.6723721629541,21.5205972175428,0.48225449397517406
79.71259362944733,21.548298585826103,0.6203073643578962
79.66949717536355,21.54571873415891,0.8587651061743928
79.68733964929318,21.53403206461824,0.7905034656239702
79.6963419544276,21.52321912984058,0.3693364841722949
79.70151183448965,21.545755352475748,0.6230326151898908
79.68298416218359,21.567292306664296,0.7287149083704911
79.71214594412348,21.56291692787963,0.3467547079560403
79.69409914906467,21.571647693391608,0.6522787465595525
79.68637046682684,21.52057496126279,0.6437315195287545
79.66403443804312,21.577985159008275,0.3841688558078251
79.6878813681067,21.540484735157644,0.8591535468599152
79.70924415044894,21.579423867765517,0.26073795769813346
79.69687246109328,21.535157167636104,0.7184507906758918
79.70992974722374,21.548292183254695,0.3952112188121704
79.68964070023596,21.541235660594516,0.6877579269703181
79.66710770230567,21.541345642899657,0.7563097296589842
79.66081839075015,21.57053692592489,0.541972278509587
79.67819317280312,21.564785136384238,0.7448767241486417
79.70187942828987,21.5795290861138,0.40453579268268863
79.7074155942365,21.55681088096305,0.6101301952745837
79.67774517007722,21.54779539626367,0.9160303747963264
79.68973923525299,21.525404431776813,0.7232955608385279
79.68526713426604,21.57979368517083,0.5929174262980027
79.68463136706109,21.553091839175934,0.9249091941540616
79.67388092279201,21.562028648181407,0.771111770076542
79.66818226630177,21.54440454323148,0.7468613614445805
79.67180131349387,21.55286294249075,0.6574723615610923
79.6633199432298,21.576554663913573,0.3375520873581386
79.67188784450941,21.529985166275896,0.7211614221635372
79.66055205385751,21.537542355059813,0.6629269827896546
79.69763550403816,21.52912358366668,0.613920672417396
79.67898252444326,21.567532954228284,0.6454893345480908
79.71838868268561,21.523722715625308,0.1991786833288251
79.67162302304658,21.524897898991078,0.4986229402781297
79.68074971421858,21.53790964676724,0.7582638540817017
79.68147046951849,21.55085129085526,0.8416687015089206
79.66050708976374,21.544376488033574,0.735744093450629
79.71035247718237,21.522688978640247,0.2763876005619005
79.66191966760866,21.577449493472255,0.42439683809520345
79.71641079008376,21.577172171221484,0.2968938148135507
79.71352446106562,21.536761379394445,0.6007770979506057
79.69213131496515,21.563891536916113,0.795382186268369
79.69261573449468,21.554714524682993,0.7578363382555141
79.69922667537736,21.534248601700337,0.7731981954481633
79.6832230007161,21.535730293104496,0.7617924319752218
79.69883333700388,21.549469190458627,0.6151574110105082
79.6626861033213,21.54515421648984,0.6607981792083173
79.66324285764098,21.537473759693874,0.5277477893094732
79.68743382517717,21.568450695778306,0.6881620715846676
79.69297733806636,21.54888777505824,0.9231547595815889
79.71326905842015,21.559290883743348,0.5488030524482915
79.66627963803447,21.531356410010073,0.5194645628661642
79.70935887563164,21.55201045975099,0.48350567006107426
79.67260284023752,21.539078562966797,0.613190729711726
79.6836450189106,21.55158481662369,0.7803104889237955
79.67899614608964,21.566849550004655,0.5522856662686997
79.68400931637193,21.566134792605475,0.6913921864831044
79.66902972988436,21.541253240682057,0.7812039265338193
79.69021420446421,21.561656627024778,0.8056363190421056
79.70809855538988,21.576477397023655,0.26445041719376033
79.68649204062274,21.557540159795494,0.7493418428953988
79.68943681455389,21.528904607402957,0.5755347825887993
79.71092605511687,21.560782517756746,0.36731889700452547
79.70236348687828,21.526294263180958,0.4577498305619631
79.68942726451118,21.57232662452758,0.5181475427482993
79.67546173889134,21.550999629748116,0.8550396653253416
79.71309560481069,21.543108444178692,0.598619082841571
79.69462122410143,21.523420395678983,0.5129689931263963
79.67326885660664,21.542847024075527,0.8527796044872309
79.67614718515827,21.574192400074946,0.4425392324406225
79.70818798533617,21.521258979777176,0.5178149950166981
79.66264873372525,21.548478889466907,0.5440714527085506
79.71952553122173,21.575869485466637,0.232399955877101
79.66782110078289,21.5436904599859,0.5983941648826998
79.70776411152382,21.54569054124773,0.5132462895647611
79.6836865190063,21.554713603311946,0.8437666191440703
79.68953297099725,21.54777624001463,0.9700482939930146
79.71283903464787,21.530116101474253,0.5114984752147668
79.68477467137535,21.521113332344193,0.4940661150627561
79.6922496252204,21.55658869947872,0.7889375615812944
79.66295797974455,21.575248395220466,0.4858723765839687
79.66014084843205,21.52638184798163,0.5645120126395636
79.6746879923801,21.532657163155164,0.7551618844162924
79.70083498557513,21.542213769149498,0.6878987061164497
79.66727589360154,21.568524533741265,0.6176369623002252
79.66682571752827,21.536155618988257,0.7202090330092751
79.68465763648216,21.572923264256726,0.4719313174713925
79.69887022231649,21.523297472479005,0.4044140097877174
79.70272431953488,21.576457397275533,0.4935239643959579
79.6707070404459,21.553644824672425,0.8596724877995887
79.66477528884232,21.55952666070926,0.6068017359973167
79.71642382203673,21.54206137135218,0.5805490433892349
79.67563998295373,21.56691965713066,0.5726928793716053
79.71120078985652,21.529993975005063,0.4150067962488895
79.71180948702776,21.522934709516708,0.34768595748728737
79.70635135550575,21.543731016586452,0.7168028470966852
79.67013001639916,21.571221742838862,0.4920714078054071
79.70930808755526,21.56529561019826,0.46762986016957553
79.7061550335545,21.551029358229336,0.5034232871742147
79.69580337940637,21.55432826482992,0.7481665594896656
79.68023212211014,21.527793569577923,0.7426889583848044
79.67575051625599,21.57044089051705,0.5460104140246071
79.66731335272482,21.56721758097785,0.6768280249978278
79.69058542401405,21.559388223633217,0.8774131582855833
79.69511565253059,21.547971462179735,0.6383427961931901
79.68156033943094,21.57786755609677,0.5821357247970467
79.68852154406085,21.572741918312587,0.5020750766226713
79.68181086744215,21.558665829610877,0.6948056536846332
79.69846036343924,21.542308059863036,0.7325465459370623
79.71407555246779,21.557081336720888,0.5230215983845058
79.66983521572281,21.554526455591837,0.7072935810913684
79.68288452859419,21.543654519270095,0.6969059526649104
79.66845211623705,21.538400438301284,0.8110494233335452
79.69749662622446,21.54442064753424,0.7953126964123771
79.70373223056932,21.554434684362004,0.5573477767665751
79.71591476395585,21.545688090682663,0.4488882316710898
79.67673231557565,21.53581446929208,0.5981416447395317
79.71701267235193,21.565657799065647,0.34206585696662933
79.66379576030924,21.551888049757444,0.6691298927491179
79.69618083180187,21.524060509793536,0.5297212393555437
79.6634279631606,21.542098990337568,0.5559676076413538
79.71362645126571,21.573094807432717,0.4614229275663383
79.6917885434242,21.565314191871995,0.6097127310619319
79.70016090104576,21.53939480703664,0.6827496278048242
79.70989443555463,21.57629098912267,0.3163141528679664
79.66901863734904,21.524596174501493,0.5049466857929247
79.66231549371628,21.57767408223353,0.3315764131438279
79.71273286875477,21.53474230554908,0.4927855736450677
79.67889599364753,21.520545650818146,0.49556115311689364
79.66773873447562,21.546028482191097,0.5784734780914904
79.68810767422522,21.54153822578122,0.6634593490573119
79.69589836454176,21.552345340312407,0.741101490349693
79.66185823620535,21.56780637163419,0.4221713882674538
79.67649373949543,21.570545848129026,0.6322597255257749
79.66196799245661,21.5440737999767,0.6016963114341309
79.68522012335173,21.54579074462238,0.8881844316727521
79.71370600174397,21.52889066381977,0.5427548600568988
79.7189591446896,21.522852856532868,0.34254703719890445
79.69822285321021,21.5584728994141,0.7669689212604804
79.66969826162708,21.52386625753316,0.5985593289433311
79.71435096339995,21.564029807165287,0.5526117016952089
79.69097486939201,21.552345408701335,0.7186585058164939
79.66922495872618,21.531914978693564,0.7242775936563532
79.7153036001671,21.552371376610758,0.5786136973486227
79.70544814304338,21.530979862996126,0.48170312561913103
79.70390231636338,21.546324232450623,0.5778814685454798
79.70255084222767,21.56797361897453,0.6663328302929583
79.67202038926578,21.54771515760464,0.8209525997634564
79.67266040150245,21.528921959097854,0.5802254105143083
79.70129757990563,21.563429720909376,0.6813090938746134
79.67318336500662,21.5312061049762,0.5939940800882759
79.68632030180818,21.564312992462206,0.6170438409382405
79.70692010953563,21.548761137352948,0.5999854951756116
79.70703715108587,21.547224505545657,0.6040784820820511
79.68719570635155,21.571086102271448,0.7039125870985327
79.70753139629652,21.562516211460437,0.5069232358542676
79.71031730777189,21.521974647817295,0.48311079312398686
79.69928654507706,21.537770458876096,0.6006767831427228
79.6737055511385,21.572255239650993,0.5886414322414426
79.67644070682313,21.52109957011271,0.43182378507407704
79.67889046932451,21.552715206775716,0.7964815546054078
79.66700824646404,21.563669540150435,0.7294551800731697
79.6763895772222,21.557311365129074,0.6984933396251423
79.67257115345875,21.565631932126266,0.7474718768952673
79.68731972498851,21.563541510934883,0.6563278909578689
79.71450625287234,21.561521841709187,0.29749781479228354
79.66626881900524,21.569292391655537,0.43034836598686105
79.70321607543684,21.55874144010697,0.6823413860874681
79.70123698026478,21.544145109655418,0.5984864897807888
79.6657452519198,21.548314546594874,0.7433819721698508
79.71535434429434,21.563003486960884,0.48000838400219026
79.6941083321294,21.572578361780007,0.5021014304408009
79.68182353126814,21.536333128050387,0.757307641460197
79.70539231500972,21.540524607758265,0.5595850335256153
79.6754419275041,21.575844363781744,0.6552988650568516
79.70161059022277,21.554710707544565,0.6034101592173629
79.66238267245433,21.5307377090281,0.4407621594924209
79.71036448225655,21.55982170833474,0.45868926990790154
79.68689025082128,21.57944572933236,0.5297275414259739
79.69820157486147,21.56940721386822,0.6178064948560043
79.6732742691884,21.564744468193084,0.7995346347675527
79.7006244227595,21.532482799255977,0.7017404591168102
79.70633441655359,21.572568387081038,0.382019155205635
79.68839279121306,21.55154733061213,0.8138202281469162
79.69706361544371,21.573357401324316,0.5908679530621368
79.68737955542935,21.539789669765494,0.918494383387899
79.71364548215547,21.523723063158126,0.3262577277099915
79.68987215083085,21.548558558119584,0.8047778267805522
79.71050852254173,21.53619025628907,0.6093671790996635
79.70808112349621,21.562913757386575,0.4671517474988105
79.6846302892809,21.57742639317136,0.5056437992342867
79.67380506951145,21.561458449069093,0.8403468460803303
79.68436492795358,21.57321603578255,0.6682605159867154
79.70957304254651,21.547181440816072,0.4667879999390254
79.67365795214916,21.566298444231716,0.6011030783062714
79.69146618075146,21.5705826062003,0.5506233457617619
79.70836580487764,21.562652537655012,0.6316055126578312
79.6812086485077,21.550466637164174,0.9960366998073599
79.69853257822015,21.55755196657692,0.7662567585824182
79.67473789444293,21.562030419740733,0.7148149843855535
79.66655676672208,21.535185064193286,0.48626142081699125
79.70766305350557,21.568574755654897,0.5277118896930582
79.66593811740452,21.577019472338034,0.4182105003348178
79.67628288370477,21.547914358910795,0.8639477713172611
79.71130656531984,21.56206403098659,0.5055862063641274
79.68078815722471,21.56422155434742,0.7131310546957799
79.71838272097085,21.55973485285129,0.5339036797180352
79.71878406008643,21.552826906499718,0.26952598588471266
79.67609656122721,21.572898877274486,0.6320229404290973
79.66245869333498,21.546935602556132,0.6170177274677284
79.70230379705232,21.523666177389195,0.5345148523458647
79.6870591901589,21.57067338254273,0.665767656125914
79.66604517063757,21.560438876338992,0.49631900558056846
79.70245136913869,21.570955517589976,0.4345366904009193
79.66187049454672,21.52831284654668,0.4116866203817638
79.71221180142953,21.52184517643058,0.2738290091762499
79.6683191517468,21.576062472422947,0.5475435864285043
79.6676387127248,21.528863698351035,0.4931843833762851
79.67054033787811,21.568579139924225,0.5888383238747714
79.71761598150952,21.569392596530836,0.29098225484975176
79.70159016161523,21.56252231203294,0.6230694468254525
79.70808229212781,21.52787573266557,0.5226704560263296
79.68385809914396,21.560043917473646,0.7259001022229024
79.68017876365029,21.57334519499961,0.6047366799238412
79.67406904040699,21.54553189868805,0.8971358928321493
79.68883888169874,21.544811011262716,0.6988885742743517
79.69310972401205,21.546571498574764,0.8513445747259603
79.69790649061916,21.524936313440573,0.46971141341874184
79.67542711023992,21.573521534141797,0.4426585260355237
79.71691924485418,21.57215097183883,0.37223578723858575
79.67018550989242,21.579874559307417,0.3605868468054567
79.71793919048598,21.555110988489904,0.5148972316960352
79.66089136735044,21.56507149818708,0.3953614261002581
79.68886754150901,21.532160314378437,0.5705580113913895
79.68000207028699,21.56005172909345,0.7788997117738287
79.6869474048358,21.558983970925443,0.8072158450328459
79.69423987473884,21.574072524150495,0.5954944233495811
79.68613534948076,21.56984756337034,0.5567586304840684
79.6848908110181,21.576307987757065,0.6307767850072756
79.70396340492479,21.572130008362095,0.607792366883487
79.70115257650518,21.57212163369393,0.49759549466303654
79.70999627692215,21.523823399601323,0.4834538121321349
79.67499753887436,21.570757717161754,0.6034167369119152
79.69657171058525,21.556448703670185,0.5891248563660494
79.69511168712357,21.542826667105956,0.6972958171107998
79.68218426865236,21.52339087746328,0.4429295677853819
79.68916345251417,21.56066042648608,0.8961415658772343
79.67882692859834,21.539692105032255,0.7132785760073712
79.66851066385702,21.54806657589916,0.7785246207722054
79.67282807263976,21.560903706223307,0.6520465987015087
79.66633081878408,21.574706472821447,0.5274101073403682
79.7009841745114,21.5695262149363,0.44293632087580276
79.69964364358654,21.547035827746214,0.7875471058803829
79.7170363822948,21.54326698944678,0.31485495876948094
79.70378070481884,21.534386784330643,0.6848743131859747
79.66312275032537,21.542345605070558,0.7421917107088278
79.71305471043574,21.526662783237512,0.45252246242790856
79.71176050977674,21.578266330501883,0.22873939925347467
79.68659921924636,21.554435046637572,0.7349604834940837
79.69515178303168,21.527668350567712,0.6900721971341099
79.71856469994835,21.541168360555954,0.2954678145016031
79.69193826183088,21.552822348617237,0.6901186465608921
79.71431930970256,21.551973138198452,0.4841984690330413
79.66498232546861,21.52213020212312,0.3976355500077381
79.67146311212252,21.577050462053744,0.40179950559083355
79.68644529660648,21.536522540888495,0.7840517530481111
79.69508540850023,21.52097108013591,0.45198584769785216
79.70897367111176,21.524586640537017,0.312380037417606
79.71929572690858,21.55481169419488,0.41395748029889334
79.68333108978844,21.528267131240504,0.6118866883361992
79.6628449381684,21.52250348757121,0.5229000170639196
79.70807029019772,21.542777587984762,0.4382666091465551
79.69626284314496,21.55736567154041,0.7513098186888214
79.67191257153209,21.526710388290496,0.5594819757164224
79.68968970739728,21.538799669929077,0.7416307276479692
79.70453861473202,21.545065640297473,0.540369478329007
79.70622470722412,21.529567605867204,0.3508771910139953
79.68997710471993,21.550364433908,0.9232595747071373
79.67831287180773,21.525112845214107,0.5354046473784158
79.71842455492231,21.522791109780705,0.3912505649715546
79.6998017566574,21.551190122029308,0.8321541082295154
79.68449425116077,21.534873818365053,0.7643681422833464
79.67682779345228,21.52572242847388,0.5608830132270402
79.7038661789802,21.545434755249257,0.5629050856192421
79.67453100673562,21.574908444371044,0.6611348580501275
79.67030259933841,21.563451546799246,0.7160770105924366
79.69179003333772,21.56893695492082,0.667025932172828
79.67739924355864,21.572314839325518,0.5605437188839946
79.69773430869542,21.578357664483782,0.5527774780766205
79.66707632049246,21.56579479441085,0.662468479957626
79.69929646627403,21.556504475316366,0.616003961658337
79.67699779167985,21.541925552818135,0.8337041391175154
79.66001457606606,21.530898594193463,0.4884078227814625
79.66761616346045,21.561199592438996,0.5079953332438587
79.71601692267011,21.579696999167314,0.41870679180720594
79.71204127834692,21.548041521077135,0.39325202373787127
79.67401654192217,21.563420762085567,0.698982938839174
79.70670231427273,21.54970554699959,0.5408218107823158
79.69651429559043,21.545916005401807,0.697241235730082
79.71825428268698,21.544618336813596,0.412220181487565
79.68241633957204,21.5502774809759,0.997404990271074
79.70088763675103,21.542013739711923,0.637747793750273
79.66381214334544,21.564926399309307,0.47471422480640535
79.68377484080898,21.57245632159549,0.6244003492294283
79.71782905967129,21.57297311839871,0.26889577570582235
79.692338852467,21.53366192280555,0.569878367309274
79.67727277020009,21.573754548323887,0.4247633830671898
79.66721625778771,21.540493073911307,0.5458930785831603
79.70221170041088,21.538558459929117,0.6023426868948798
79.69869136260579,21.563605363443894,0.6018782240039741
79.68243632281623,21.53828178040518,0.6942868933746775
79.71705648111195,21.52317798433658,0.43274430679486064
79.66133216877927,21.54241706633862,0.5013503865435718
79.6782234310979,21.5632879360215,0.8485804431424073
79.71526416917797,21.53961750521621,0.470121135731457
79.67925612629917,21.55777354335971,0.6532206883169507
79.67513517003131,21.559607166655788,0.890065017622335
79.69205322459587,21.56402416070358,0.6280621631481047
79.70942810499523,21.573827827978654,0.3924631349792552
79.6661888056527,21.545953869956104,0.6359241356071426
79.71658124257874,21.529985924599746,0.4545881271448919
79.70770437287086,21.539135542925912,0.5417342056892408
79.6708750153331,21.545930035310437,0.6552014686436041
79.70272047767189,21.562833488159686,0.4624849075640258
79.68309752335826,21.520787327533696,0.5935022055575153
79.68413768068457,21.53894712300639,0.7162591479423691
79.70699740554633,21.566790554861157,0.38288055886946126
79.71776708847884,21.56025146219984,0.40525220020023434
79.66759935237083,21.563904398415136,0.7172603241690334
79.68523781421273,21.56870864616635,0.5828374848771052
79.68885649648506,21.566994143132675,0.5966496299634187
79.68257870901729,21.560930989969165,0.8662411608933815
79.68179134742297,21.546379691942235,0.7405183210087066
79.6631361200537,21.57901589973269,0.44663590705612677
79.70113231723376,21.554144391735402,0.8039140500128401
79.6861728650272,21.53216615256213,0.8045823030889381
79.67168762815864,21.537568771306287,0.5865225140430033
79.70896201013812,21.561613747358226,0.45305147664145734
79.7081536448891,21.575484373911966,0.2970481579439317
79.68918349768533,21.530723207752352,0.8028188399671679
79.67790703966887,21.524940789744747,0.7292344363415106
79.69828556354778,21.572891862882518,0.43364761346186026
79.67728912814664,21.57491667873477,0.5927324967481686
79.67416047581942,21.536582760718954,0.8330078393789182
79.70383087924158,21.542637143462272,0.5433115352016157
79.66241951438326,21.55961127984987,0.506313006556391
79.66568610826208,21.53979580125055,0.5159233461977181
79.66040729044141,21.5726295224962,0.4273439664551701
79.66917659118852,21.526454722162832,0.6734575512426471
79.66413940052263,21.52227893325761,0.5813724961359963
79.71974814206679,21.532509172404566,0.25713676496020427
79.67732859819725,21.5371652666923,0.6710308495626451
79.66895608076015,21.526775595477332,0.5284947755774457
79.67445977547975,21.523941425760437,0.6375269900450254
79.71616753429241,21.565336462810105,0.4336748416549039
79.69120961338146,21.529856593954136,0.6472869923007607
79.68188908577847,21.574835331943977,0.5796861315322057
79.71240348747455,21.542079979686886,0.369327913052236
79.68369941623294,21.56023634858328,0.7677032365891465
79.68010051419746,21.533524126886128,0.8710725182555092
79.67243695135298,21.53441936610951,0.5656955850162434
79.68266780943456,21.554482552172054,0.8357450441680312
79.679001061361,21.553638575508757,0.7652202936101967
79.70063823755788,21.566123753680724,0.5847462584334702
79.67737496228024,21.565468798341655,0.7109169244407809
79.69463198478535,21.560241265879817,0.7303544598802998
79.66395352990192,21.54694783395361,0.7736320434371604
79.67147734940178,21.573438423176835,0.5019873948519282
79.68444431629668,21.55735470941328,0.8098772067085761
79.71621695523451,21.57941190942774,0.18002931713415582
79.68263511914294,21.56916218907606,0.730933752194395
79.69984444727199,21.5226585886743,0.40677326792635876
79.67530523334528,21.53923563442482,0.8632810604093718
79.66762201455839,21.554312542988256,0.6399863445671876
79.6635121960048,21.563288172272287,0.43600501243632667
79.67832480991257,21.553020189865716,0.7230082587137372
79.66945966160782,21.56716782534773,0.7513793992352318
79.67044062688096,21.53695933916544,0.6440497294937715
79.70564555850322,21.53103472307397,0.3946784348178971
79.66095028425669,21.523235001027384,0.3298780230444628
79.69346860754412,21.55439882467429,0.712198695781443
79.6827676828356,21.56131597124053,0.6224833817923255
79.69039299999451,21.53956898302716,0.7756138879658125
79.69376981423288,21.556815051091352,0.6628470739285638
79.67880206166744,21.5231294338512,0.5632727505847717
79.67770653161105,21.525957600777808,0.49108636472640316
79.7040041109601,21.56210528633551,0.5496065477165046
79.71227661928727,21.542084182313037,0.5216600974126677
79.6715548979475,21.56028004186618,0.5796099856360141
79.6658571256321,21.569903267216795,0.5054940157563377
79.71386774838352,21.571157346248565,0.32929978959345096
79.68099372781884,21.530330058727866,0.5993484336110331
79.69307904343977,21.54917713434108,0.8220501279693447
79.6815725886712,21.56403560341795,0.7494157584822467
79.66754814018076,21.56643883577601,0.6348749050183444
79.69535989869686,21.56708055884373,0.5134748818511867
79.69150845110617,21.533690040062833,0.6309255223104469
79.67217961355146,21.531552089063425,0.5621332217171623
79.68711214267914,21.55540074809642,0.8253683588648555
79.70781685024093,21.564465147864293,0.48940158480333973
79.69542556618647,21.53914837093205,0.6674860211412832
79.66581503962402,21.526282309411744,0.6074815748726992
79.69288128983375,21.563004782974602,0.5702014505085
79.70216429795737,21.5379818698828,0.7616948988062664
79.70756220434684,21.529981763458704,0.36525232137670216
79.69774705471805,21.528863411703828,0.657073213482389
79.66915948987244,21.538894572851603,0.6621785140006805
79.7026103959954,21.555560683954823,0.7473501490945351
79.70064051076488,21.541504134321627,0.5382332421700301
79.66146561297643,21.521239711095607,0.39117810907247114
79.68470486005542,21.525814506080668,0.5554916026128479
79.67997701481774,21.537430194831916,0.9223895353299001
79.70016472385522,21.559582268928825,0.7907957999760087
79.67296814873865,21.52591090440811,0.48101301233789995
79.69545231537845,21.55363941121004,0.7888417350416581
79.71479235770884,21.52719315224944,0.3974317061967324
79.70786814233252,21.532696919640962,0.3954986755020836
79.71528746417299,21.530331311653345,0.3004476338842206
79.71871035801595,21.52403371813425,0.48745923855444795
79.66064020762036,21.560279789043193,0.555350829237315
79.69736447658265,21.54780421284316,0.6239728422096846
79.68477036386554,21.56986320645384,0.5458252760705407
79.71159126942011,21.525933450398938,0.33757114785402076
79.67510888212054,21.528683976000284,0.6322017055385969
79.7188617693469,21.538387463881026,0.34869762316368386
79.69682247817262,21.565951959216328,0.6029321970060898
79.70761224413373,21.538345529389343,0.4427095244108158
79.66513597316936,21.54450512244992,0.6283093726983402
79.67100747308552,21.53809621397783,0.5870744743106865
79.70550422038205,21.52481345750806,0.5706580598275287
79.66131919132236,21.57636601737377,0.33448938302887643
79.70901267915363,21.55291233952427,0.6248792062713726
79.66083694112152,21.567269991291127,0.46579770254004355
79.69942713034368,21.559501425531117,0.6481419374623081
79.68190563521391,21.550855256743716,0.7839154674745099
79.69668969116314,21.525380695399562,0.597396918319443
79.70176188441934,21.558564012716218,0.7343230812170032
79.68054851315118,21.52932222135621,0.5964309271340027
79.66647774688664,21.544862990161377,0.6244249560320342
79.6641787520649,21.557746788608824,0.6936927133127104
79.69533616135375,21.566933740028325,0.5265496754624542
79.69123932122405,21.561102710542517,0.7712858358468501
79.70453206054727,21.560292011743275,0.45640504214420463
79.69058413060023,21.528942532550513,0.6693923275181869
79.68534674740185,21.540767712404293,0.8143968192810784
79.68388523069417,21.522574736359612,0.4377070991883178
79.66158681415585,21.563168613590587,0.603503374319961
79.6801334321018,21.577155158879044,0.4983390696170975
79.71856120945147,21.535846623410745,0.3077727862181522
79.71241333457363,21.52526180254974,0.3511738161083614
79.67976268402205,21.548534204605218,0.8417817681667419
79.69526772430397,21.57140189338765,0.4343680849682522
79.71083780473212,21.553118451716305,0.6566221856334614
79.686476460205,21.522806629011406,0.6032562363800014
79.66107747182501,21.578456334431674,0.2842023530365667
79.66447062770912,21.569718994597753,0.6211456889542377
79.69062356328092,21.52789564462309,0.5639872418108672
79.71816636254056,21.575307865390208,0.36401843647064225
79.70159257253313,21.54704129731631,0.604939465195706
79.66425497148632,21.542313879434495,0.7272574785791157
79.6713616525475,21.54766319983163,0.8417110956780789
79.706279388593,21.570074317412256,0.48510007239475733
79.71048638559738,21.559568780697205,0.4210076006553595
79.69706167517131,21.523554907143982,0.43745254021328517
79.69866539017778,21.577456262266967,0.4190061813279006
79.661700247023,21.5288670480087,0.4023314760359487
79.70971181557489,21.56473407710412,0.4269825462898591
79.70729651249025,21.558168191825686,0.6074329672787455
79.6755421086462,21.531251682876793,0.769099863397956
79.70252060319793,21.530243924566783,0.49051115233559217
79.6728912763855,21.57221965562228,0.481732389596371
79.66241980966309,21.545181695409976,0.7396584887527604
79.67206819255541,21.559274590850446,0.8440357565023225
79.67071773260525,21.5502442602314,0.7390833032291787
79.68026487980408,21.563641211024557,0.5841587721223893
79.68510696983053,21.54875454250236,0.9055414116547496
79.69051233348986,21.537242794915333,0.8321538574265903
79.68860523253049,21.54180300225979,0.6594530756828186
79.67624047635792,21.57154466166702,0.618529701947849
79.66175024011444,21.548082081575362,0.6601512430747116
79.69630609733423,21.532806959934675,0.6034066508499832
79.68374468979084,21.576076323284635,0.6076748999559701
79.67792032944325,21.5677960273899,0.6343284090914825
79.71201646256984,21.52333996876337,0.4383301223702962
79.70480459846789,21.57993657771883,0.3946897624847198
79.71146593290234,21.561695601786404,0.39826464562450936
79.68969896768274,21.529615995942436,0.6805243969749628
79.6678558751276,21.534230060877913,0.7097234834666428
79.70177328616728,21.561546728874493,0.7479413188710258
79.67236442679622,21.566785663316747,0.6007145461722088
79.6864737801455,21.534342156588988,0.6018922424706538
79.66390004733692,21.535418131233957,0.74745386438657
79.70951850414538,21.53842724169232,0.5530480554611739
79.66755643846285,21.555881101890197,0.834124019816121
79.71418585042295,21.530308970698076,0.2920410577956809
79.71185383613569,21.526254591933085,0.3595752603167356
79.68787496586636,21.560731845345128,0.6460867259557892
79.70466209225823,21.56674587638759,0.6199478568494953
79.6971667044291,21.55005576426499,0.8525137948196978
79.70818453854027,21.541829962616102,0.5524054534563443
79.68590830604715,21.545922562811587,0.7461018743935285
79.70714850905466,21.543304470032318,0.46182129657660104
79.68774740902391,21.57759909449426,0.5300760704162517
79.71645794727057,21.56608539431315,0.39543344361049104
79.6891823260495,21.532485232891005,0.7523872872438284
79.68775715631602,21.54305134912324,0.7593702619962125
79.70710431169381,21.552640737481784,0.5492805918661643
79.70929466150565,21.55677915172382,0.3861321762865958
79.69326934685927,21.548091033761725,0.8215900853962043
79.6707878688097,21.568607598100716,0.575067985107836
79.68806549385745,21.566056361167494,0.8075342686732241
79.71808435017458,21.55030947511769,0.46592991378944104
79.70517917158234,21.571265763206902,0.43861496689886414
79.70866975623275,21.56506537182654,0.4149271290984191
79.66196952992915,21.56671491092324,0.6511641692463763
79.68807156775804,21.577384046766003,0.3608366979621339
79.69879726801945,21.53598801647255,0.5948249119575952
79.70980196101769,21.53605888974201,0.63116560360501
79.66295641921496,21.573337135341436,0.5155494560255909
79.71114633313852,21.56633358240314,0.4573977391226762
79.69290405620451,21.575592732486136,0.4238296611054516
79.67183883823456,21.523787809619467,0.6360650078278176
79.67903531298698,21.557665424635694,0.706361957131167
79.6769157731051,21.528677700287407,0.5628411943545539
79.69185154205731,21.550233831897554,0.7098841159127987
79.66310114079467,21.529344815911205,0.42673587201177665
79.66951216950999,21.52768471053909,0.7091062419542278
79.70876158260255,21.520730100722922,0.4214335790364779
79.6679562394448,21.557814328742975,0.7328214259389775
79.67400377616748,21.541541357001403,0.9133445735316222
79.68720223633625,21.52631129709274,0.5265775732952687
79.69102725328679,21.539370266663877,0.6169033673017494
79.70581662877684,21.530136645487094,0.5313517006577941
79.68683994559997,21.576501689890097,0.5244529779554381
79.70739187726213,21.53920029314568,0.5442925087768807
79.69710077842272,21.54003721139736,0.5737158446520786
79.66678598436543,21.570391480203973,0.5250145868551813
79.66937988630357,21.55886534567716,0.6367225180321561
79.68622202352698,21.562610296444177,0.6708093370259809
79.68381336358534,21.558160108239335,0.7144677714478765
79.70461265617824,21.576771777036914,0.3695861165480131
79.69484422838784,21.53242004989348,0.6054704192194815
79.68328798486013,21.579342354505346,0.4266428582884496
79.67024561700703,21.569857370653388,0.7198943308061168
79.67361022613953,21.55533835533258,0.9063002092021362
79.69453006110814,21.559742297463774,0.735767258096841
79.68540632829398,21.558929552590037,0.9308526529010192
79.69089565053164,21.523503773443547,0.6962278441894353
79.67024064611813,21.533080989911916,0.6078847903010269
79.69977437514068,21.577688253071482,0.4278183203573961
79.71115232445136,21.552061865731563,0.654544858836454
79.67547637040721,21.542701216195713,0.8306894465407069
79.68949085354991,21.565722307803345,0.5932130980553867
79.71853163974126,21.551471136559346,0.4739322896228523
79.67999450443304,21.520789766285912,0.4353590548644897
79.69570278069543,21.564174255802907,0.6020496468093264
79.66541174201201,21.56393305360317,0.5183523503049092
79.69636090014876,21.529908922726598,0.5255751854463353
79.66537790639828,21.57739960530545,0.2947059402518184
79.71755412611942,21.533434487892468,0.5073080862870165
79.70293975912433,21.54746496204293,0.5896156454417092
79.70728958728814,21.526884157675653,0.3318147584017494
79.7022462616463,21.556196939167034,0.5158282274989943
79.69538374216458,21.54252706720343,0.761145313724909
79.68699476686513,21.541190407732582,0.9558353060885684
79.71150240278567,21.569618612633256,0.31405130137222625
79.71741014005258,21.520573702771028,0.2126883089183148
79.68994217037424,21.567876806253544,0.6261062823468103
79.71589210294931,21.554286913944882,0.4646105135412097
79.69499997459931,21.57916591080881,0.39263005886995594
79.69230305121378,21.555366593236254,0.7157290484617789
79.68726896397732,21.523322748048876,0.5370968140154014
79.67255726569181,21.523038719586623,0.4739427466297329
79.66022317964908,21.572989179182308,0.573188194732067
79.67449037361136,21.570472848730663,0.4600206643061565
79.69058339029621,21.54075340453492,0.7016180883114334
79.68279759713558,21.55708194905087,0.9014777574460061
79.68690911368016,21.549375481423336,0.9402711819686485
79.71883889317384,21.578029843308162,0.20301465424354503
79.68101634224016,21.57699765405261,0.6599708127464532
79.6871309763616,21.579030340512446,0.5423026702026639
79.66801093308116,21.571986926838054,0.4608297389692363
79.66287746394622,21.574573095446503,0.4422073013551735
79.70652457087554,21.533036726726028,0.4580175160084651
79.69424099050431,21.569860407339384,0.48151651750542157
79.70564228836263,21.562531426792255,0.4823154234786178
79.66899176793319,21.577767190529684,0.48601782638249175
79.69430972627096,21.554275709706555,0.858083010871322
79.67521854846048,21.525110030002633,0.5339457127374432
79.673683709014,21.555843933471227,0.7278850842824733
79.66069156084318,21.561194855681276,0.5536610970444329
79.66782044341414,21.533219261722746,0.670056360915221
79.67855608668998,21.543646803010763,0.899706089436382
79.66701272563546,21.555910204843098,0.6404672339690854
79.71915150642465,21.54244634423899,0.43090545703810573
79.67851795891143,21.54249686303432,0.7835085875889136
79.66781943680213,21.52798519835037,0.6267194563042128
79.67194493876967,21.576444803384657,0.3953553605543735
79.69526219370049,21.565029663069705,0.5708969306632043
79.66384261143189,21.520074606331967,0.41219869152543187
79.71174604780846,21.565936797041328,0.5604198427562389
79.71768998075423,21.56438769955947,0.4115627394188629
79.67480484524005,21.52058385760933,0.6451361455214181
79.68700571611545,21.542176257856823,0.6966197932278394
79.66132806706176,21.55640486141953,0.5930213980001432
79.69844261348364,21.54716503911148,0.6957603456059402
79.68483556348315,21.56667916712323,0.7120741503614113
79.6762035079661,21.545527499958066,0.9117521403478024
79.672410226637,21.52923177816723,0.7210108757699213
79.69924138465953,21.578584937456426,0.4886111052260128
79.68497302186194,21.534522399566562,0.78163523932895
79.67077955734179,21.56306153863248,0.8058055711771961
79.7013465448892,21.528589378699845,0.5003818307735365
79.6939043369822,21.539740756827037,0.8406469819197889
79.71152032329577,21.546521656505824,0.6395846766337809
79.66704855393259,21.531533920271624,0.595626470205199
79.70713999611667,21.546997574582115,0.6510525432428736
79.70041100720903,21.529429769379504,0.5180542380448697
79.66690065620968,21.55354039233915,0.6013710199202416
79.7016892437923,21.55982279515121,0.6479572050984898
79.68649283733279,21.52374605704168,0.4773211853796166
79.71669908713335,21.572267927264928,0.34684726717945846
79.66849668103707,21.531108453102522,0.7202837018264436
79.69857000344894,21.53352174551922,0.49892557365661194
79.68291880272777,21.55968099040498,0.6405028217875882
79.71740888023545,21.548125063626063,0.46414069789578094
79.67979849371741,21.549963735950264,0.7926019895613609
79.7177311545695,21.52768929907379,0.34018840949235785
79.71408915106605,21.568344149312583,0.3755783765045829
79.67622299411863,21.55702325476625,0.6611304903702916
79.70821250660958,21.528122922598566,0.308320545755064
79.7197362521082,21.542439962021536,0.5180283880856393
79.67515978013027,21.5686245959641,0.5447385084077903
79.68620663015939,21.554101302759197,0.8039470802888526
79.691210844194,21.526518926747976,0.7344870738590137
79.67769586814823,21.542366622747355,0.9093784688692045
79.66091589037876,21.534561663907343,0.43585603076089036
79.67320775465186,21.551047933219223,0.7957578708431343
79.67691621306051,21.57060166773232,0.6767638068196904
79.68661598207909,21.546176028088265,0.8976058353465681
79.6702661487048,21.546000521822098,0.8362595468326925
79.7123952614015,21.57432105413962,0.3672812613347406
79.70229466796388,21.554571124750435,0.5503771355811724
79.66511202865358,21.553971465243844,0.6647051400274024
79.6990055470684,21.535714593512523,0.685729069369905
79.69921938858434,21.556463364870226,0.7149936832871799
79.71737327041862,21.554554628045043,0.29761535531130634
79.66018125228136,21.54381108822051,0.4694148037306739
79.67487594698835,21.57944173395395,0.6077287814539618
79.71566748876252,21.572913457896885,0.2593294769477734
79.71592803492389,21.56497517740461,0.34269030414942225
79.70323518516224,21.55224073530478,0.721867052952369
79.70594579926285,21.547723588113676,0.5752030603896154
79.66548897747577,21.531093843713393,0.48000513613250007
79.6908325500867,21.538344248440875,0.7466223588621429
79.67389497947734,21.566437647989392,0.6741034945860139
79.67087308261681,21.54722493723625,0.7540831935438084
79.7086181979474,21.57293617099417,0.5473680680958901
79.66810228820083,21.52887466818073,0.5113760487528357
79.68811909821979,21.550500825760817,0.8802408419699317
79.71631469437516,21.558817941041276,0.3107567449480282
79.67114992333391,21.551010907378476,0.7375528868137065
79.7186796054243,21.573353613495097,0.41288031366676875
79.71965727914566,21.579373796909746,0.22789163310506427
79.69333702928094,21.52695007950048,0.6127154783059752
79.67020856441063,21.527797294244614,0.4766143047210376
79.67896629327645,21.527819446813606,0.5134929538277491
79.68546956996059,21.56087062576423,0.7704318594890065
79.67855945346149,21.542360565729748,0.8684461762145776
79.67683813479259,21.563998879675953,0.5911655089708714
79.71833378255297,21.54432828837322,0.5429871902441277
79.66920188964494,21.55765640327992,0.6265388512368985
79.703999674523,21.56619148034073,0.41857168747943285
79.66002461736635,21.552892954639294,0.5101987118433198
79.69577096016414,21.552370215427,0.6521918383304479
79.71495658023724,21.525294059517137,0.25150226018660415
79.67727604564558,21.544646904574567,0.9114485870232247
79.67113155851546,21.552746629193496,0.7625302305471278
79.6991007876927,21.547718849539983,0.6774895498796092
79.70275608443791,21.574046920011305,0.597440036086282
79.70128183113712,21.574391837927166,0.43194478993333063
79.67915901280128,21.569315042835324,0.5363007874966207
79.67513214412956,21.542517884522386,0.7262512199035134
79.71735512799772,21.56303794910125,0.3204536669098571
79.7153979704962,21.543717307664174,0.4531356722474555
79.68743899659357,21.533955615938545,0.6608878377071085
79.71077163196927,21.54057415861305,0.5131291289083573
79.68713940865806,21.524257877997133,0.6256526739050133
79.68546334108434,21.539906650540278,0.8852660366076419
79.66940577685595,21.54764453303567,0.8127804605470865
79.68558436338951,21.577328853686847,0.42352592367871017
79.69224501631598,21.538804635173175,0.6336097691246216
79.66135025964572,21.57414721235233,0.45976805163041035
79.68664678031053,21.53373149654941,0.6330808015330762
79.70688137310371,21.531458133865556,0.3764767366322478
79.70080276338246,21.55113972738593,0.6907715658325596
79.69810941933183,21.560350682157843,0.613182850478269
79.71457332570623,21.522659935048136,0.4386873733933229
79.66108192058951,21.533263951902832,0.48846902863978814
79.69342285517153,21.54734101999008,0.9296766494741028
79.70724093090458,21.53986026015899,0.6344583189128725
79.69248012296207,21.562757264760897,0.5659504513106206
79.67943373315482,21.55066963576248,0.8431474159579462
79.66817503390551,21.529621546336234,0.6050636497549923
79.71325378430898,21.573667922758904,0.43627680450400497
79.68824574354325,21.537574340529,0.7649506656825138
79.71268691181913,21.563867866537866,0.4409703376981108
79.695151127346,21.566794946746324,0.581944466600927
79.7004515269969,21.577789462015364,0.3701079265576014
79.70825566926271,21.549910447991444,0.6986636338697161
79.699549332676,21.556950130927866,0.6196762900293525
79.68388329044073,21.54009257760877,0.676013621589034
79.69081800303572,21.56069075760472,0.6377083368255213
79.70818273148055,21.547803009151977,0.6734139898541875
79.68241901778238,21.546259141883464,0.8724091994109626
79.6832872874061,21.571328051746963,0.6924937728110494
79.66574140696348,21.523010130609922,0.5742177583621558
79.71487506611331,21.572917745669912,0.46672581043775363
79.66546217889672,21.57112419026971,0.5325347007452597
79.69889255064692,21.550381975213707,0.6162083082850802
79.68479166872817,21.549412171252335,0.7419658020393003
79.68433716341532,21.54170844208213,0.8426942116292264
79.70077311019436,21.5796504275009,0.37674128593556566
79.66402562395778,21.52667015996523,0.5265916488800997
79.69562234697709,21.555412914137715,0.7370067218901366
79.70632190715834,21.560900895406743,0.5789403841053644
79.70969276547319,21.576059800493017,0.24770789315243083
79.67023182336362,21.566812209811403,0.47752530657598313
79.71384514300469,21.558630832168692,0.5248435373194594
79.69936876551084,21.52700873900873,0.44411298087680917
79.71291128804924,21.54242401100989,0.5299975018197051
79.68911684302661,21.52833049855288,0.6457615258644758
79.69252200070584,21.57287276394793,0.6988025039048982
79.71514229662172,21.564977269333816,0.5130872746786868
79.71399457260128,21.565452207207834,0.395933909751012
79.68688965240214,21.559135391066413,0.8140350461214548
79.67646475789813,21.550422612216202,0.7091350193631436
79.68359022607385,21.52899826356781,0.6233402394264749
79.68326585971178,21.5397816932023,0.8746093483323183
79.67721201249897,21.528214947548612,0.669286669006639
79.67611477625998,21.563494788571138,0.7052165505038279
79.71166377618879,21.52961372656132,0.33536545269072715
79.66419171524107,21.5621268130103,0.6937605099615959
79.70065667092598,21.561535323375754,0.5526900180612005
79.67036920308739,21.547558268739476,0.8584617050962035
79.68067035360365,21.52811371924708,0.6749309099363832
79.66369258204809,21.53888804956804,0.5890655375624965
79.67619841821133,21.539205586544533,0.6368499721526536
79.70610526426704,21.562023107988598,0.46250185637233543
79.71310091947284,21.526824581164824,0.5162434189327734
79.67329162911413,21.569744118772963,0.6962079515211043
79.68781287035553,21.565660437411154,0.7110964761267984
79.68821944287623,21.531178415090455,0.6695252396694431
79.71241451834558,21.563149862906734,0.49756352338313736
79.70576794317255,21.560110790888068,0.551689031815026
79.69078463310208,21.564887248006656,0.7265266859792403
79.7002448320283,21.53133571332692,0.5210734766112568
79.71084130323456,21.529455419329388,0.5415138878929902
79.66057233724153,21.534189039155365,0.6063041852874342
79.684173401863,21.54195230218894,0.7716510579298714
79.71443459003662,21.567619898862148,0.5040395873327533
79.70441878185063,21.564275436248728,0.5419778562305928
79.69257048246004,21.57552709553671,0.4178285446434491
79.6917786716221,21.523517773545915,0.4179641539571074
79.68086620585626,21.52069337686085,0.5832177502669718
79.6912312320185,21.561948329782048,0.8286164596851003
79.6993229919678,21.536757249747648,0.7397389695632846
79.68510178230572,21.540044733732028,0.8510556229340331
79.70284918878353,21.552808121554868,0.5383884860045027
79.71167393363562,21.526144787387608,0.2860371490249849
79.66928109089109,21.558561664992883,0.655509835479884
79.68709282136905,21.539508846773867,0.8986122217226538
79.6844812054771,21.55796290745806,0.9373864977647893
79.70124788824299,21.5700404147844,0.44359168719758535
79.67499204791547,21.530266680000246,0.7305425613441285
79.69841505489714,21.57585238557487,0.4972454012816494
79.71264935450388,21.551841288463745,0.35452546932944107
79.68508789598762,21.575375665910435,0.5553478314775802
79.71466094199876,21.532463804932107,0.5099932926932464
79.71958982433601,21.55627375987625,0.33007967690369394
79.66636552299687,21.544233227039417,0.8169763774910258
79.67398319127909,21.566453331469358,0.5747088374570783
79.71702278508893,21.556354536592796,0.2993282870213162
79.71749966118888,21.5496709274175,0.32890615102171916
79.6658624365232,21.57477912438586,0.5780629686475978
79.66089991002262,21.5426270238503,0.5819180670456471
79.66966600139538,21.53319881229389,0.7357149917099466
79.71976076700294,21.556486071211125,0.4042967208857935
79.67079997699663,21.557441706230367,0.7240988771505096
79.69015285640332,21.546345677294312,0.9082043693013808
79.71090506358583,21.54919660262136,0.5006820561455485
79.66122409664129,21.57757320485799,0.503250746758787
79.69626933893551,21.563961141483805,0.5271437614714563
79.67662152693218,21.526636105088954,0.6460587714906008
79.71174009498638,21.532727804252236,0.5132815696757453
79.67700766895584,21.57853459806613,0.6071505252413228
79.70120534321691,21.56358793322761,0.5106074634920515
79.70045317794684,21.57490270756868,0.5026247243289927
79.67328961293157,21.53823168783932,0.7207650997406814
79.66208795199209,21.564512011605196,0.5175847662380904
79.68455497442712,21.56284016251141,0.6213653029820211
79.67735158911795,21.537681399126363,0.6560735528091625
79.70853866497681,21.55304897952704,0.6559442967221865
79.70802185130732,21.557644906676217,0.6192235287066086
79.68742143713156,21.548867908649648,0.8024822088969792
79.6963907335194,21.56963072239948,0.6706545408966813
79.69625557095921,21.56997214250788,0.44287680538023244
79.70962948890566,21.571036032898093,0.46533590132707725
79.6855001448474,21.56820541414589,0.7671600437689303
79.67652680078743,21.549285008631827,0.9276253177086674
79.67590209508843,21.54288629788894,0.7645060028075408
79.69217153675693,21.56988257702286,0.674429338994476
79.68694889216393,21.549412087513375,0.8181029171701114
79.6864072462591,21.53478228391768,0.8408484013000225
79.66546824034538,21.550440611939333,0.700756553557867
79.70311622444142,21.528510989315155,0.5950187252602279
79.67282420127891,21.561497769435928,0.5833758036805758
79.67181721781252,21.540155276897433,0.7707397791091117
79.68476549921664,21.535639527906845,0.7697424923410354
79.67366670049707,21.57739052477408,0.5243838529182208
79.69503149603848,21.566612859745497,0.6837984461498975
79.68228780036007,21.567224170163435,0.8003687027398954
79.68693470335556,21.55742331815675,0.8823357878366774
79.69223015929624,21.570350368630617,0.5094023471973578
79.6722121313489,21.565549748869802,0.7502503913856398
79.66934509737193,21.555926422248017,0.610366616747757
79.71282531417242,21.5776674641111,0.3922295130421343
79.68602342216988,21.531495696981064,0.8073516126870807
79.68472561657795,21.576602783139684,0.4042360578197951
79.66213672901637,21.54408628971993,0.7368665286091318
79.68987857815524,21.55170393900409,0.9057162950630451
79.69325018329666,21.52736435917266,0.59357108203684
79.69353045225728,21.552406446335308,0.7209747045946052
79.70242187015937,21.55667240511149,0.6058598300705211
79.67064891009946,21.57986209250851,0.5856979379668379
79.67513338805384,21.57851154466429,0.3922571122857247
79.70864382791382,21.577983837512456,0.4046960829576733
79.7168302370106,21.540903283606124,0.30351412616652373
79.66815596484204,21.579475989924703,0.35220044440629505
79.6898589732703,21.547328689095707,0.899539136876753
79.67285057516438,21.571110175525714,0.5184897619515157
79.6636043901013,21.53297919814114,0.7192001398441177
79.67953020028756,21.550349990779395,0.8418182557481275
79.66862125751105,21.577960725767653,0.4623930793334196
79.70259598440606,21.576821883815406,0.29500050558386054
79.69202352482029,21.561024092669285,0.8606880499297478
79.66863006825942,21.567868859353183,0.4907969887595891
79.66055449530432,21.530585601796144,0.5242963266696874
79.70848942294145,21.56329951296905,0.47016236517036114
79.67057166436985,21.55708304850012,0.7048935778278878
79.69637299853325,21.525493104145074,0.5854808875508306
79.6802153147846,21.52678954039538,0.6678709866881061
79.6951291562989,21.526506617065074,0.4624819705229013
79.67893921761893,21.56346141608979,0.7243652901418642
79.66521637364153,21.528502912494854,0.6295846654917827
79.67337700051347,21.548063936266868,0.7808774063666102
79.67128351398874,21.541418908352664,0.6473359612340495
79.68568116114638,21.553030248446213,0.7780462764816347
79.69949702700556,21.562388589233162,0.5408710957286493
79.67582836449678,21.56108335223328,0.6269216980494284
79.66072419611804,21.550931194954863,0.5784755500534184
79.69113624185589,21.547860092416624,0.8224783159337159
79.69634556936154,21.543868935707334,0.6110996295960494
79.7177722296401,21.57171459689826,0.38559040900850744
79.69536824818559,21.539851108292357,0.8730553652478819
79.68827035356269,21.53556194927005,0.880226869229205
79.69440409755386,21.564598929619315,0.7563599659663263
79.71567403779171,21.541585807701804,0.37472550344625316
79.7097026887361,21.570819915985435,0.28564383965385454
79.67937872400182,21.53967332311823,0.8967297255942397
79.67423526181942,21.562116689474475,0.5812072963748534
79.67575801674197,21.52270654037712,0.45244383599684246
79.69026526238291,21.54313377280662,0.8144798847099224
79.70464296707371,21.540593810498052,0.503773036888171
79.69019315243098,21.569000724356552,0.7262340498434412
79.66406778374969,21.578023324193698,0.5109105214442509
79.70341484202639,21.54765287660158,0.7200597752920364
79.70835820772025,21.569490176629223,0.5480815865526815
79.67736987190717,21.56198168205744,0.6532644706318981
79.699847544357,21.57804315925982,0.5084734848138686
79.68559551406327,21.568666510860567,0.6057392749191758
79.71334716134365,21.524648683957825,0.43337281814439876
79.71071353348964,21.56279690334293,0.3631481210182862
79.69152591989858,21.55212998292534,0.861891331817098
79.70149033274882,21.52098616347594,0.5890094058810615
79.71300098206133,21.535078777523527,0.31458402461263807
79.6897430206047,21.575305314701613,0.409609409659681
79.67879504442932,21.575563682367203,0.42319431153515713
79.70521996827458,21.567931027612037,0.48054010395507213
79.67320397528708,21.57890677619668,0.4060526629437047
79.68331186888037,21.56839271347745,0.7484897844093037
79.7119436342264,21.520612251237115,0.359601097277826
79.70346534041616,21.53727006041809,0.5904681284090545
79.68422866031484,21.521837450934264,0.6068005293405909
79.6728846701445,21.52564647812425,0.5282324457748029
79.68135810344994,21.533130449017047,0.6762834348499827
79.67704624895364,21.550213512779532,0.9055364279495126
79.67056535727663,21.57085192020772,0.6490058696435252
79.70459997481393,21.571718005369426,0.3243872901431707
79.675124193211,21.556972111513435,0.6703111625188265
79.68725004821006,21.57569055634397,0.447445482580618
79.68315156681017,21.55000373959541,0.8043567616143459
79.71892464271814,21.57334216264799,0.2764868308970004
79.68346553464889,21.54724391537992,0.8991557295914766
79.6647989489678,21.536633500445312,0.7227215641624385
79.66538954515433,21.574984775086023,0.37851722390651826
79.69544522328118,21.54327610454073,0.7667494280598317
79.69596181310429,21.550204246530665,0.7148977599078046
79.68512553942895,21.53973163795184,0.8029987663373369
79.68591062153872,21.559770256017444,0.8117365602405661
79.66323595497045,21.579701873500362,0.5236428623029981
79.69099279062335,21.521530812931886,0.4268412463909347
79.69028436852282,21.573990880360423,0.4251485926962998
79.66897295911342,21.520235563419355,0.5085311695923211
79.66623036316665,21.541853672868772,0.6522459958669232
79.66741434943597,21.53011640837737,0.4836827826434422
79.66606169478948,21.565440506840353,0.47621820257146064
79.6965824917322,21.52303665044543,0.5256547987998557
79.67178895914417,21.55320909721506,0.7097115499821421
79.67508580913125,21.537695568030717,0.89982696909103
79.67041432864909,21.528020214931882,0.5571577364553136
79.7174701182669,21.566309092726158,0.29659364268633637
79.71127704778911,21.533045010055314,0.49869036014267465
79.67382969024109,21.533420512723296,0.6114427455029572
79.67965397763533,21.536504607108274,0.7604202117619787
79.6725935705383,21.55520600582968,0.7617832617722096
79.68951255756765,21.559579955901444,0.7457691402727595
79.66117663194845,21.52105615142208,0.5135985092400398
79.70028208053381,21.53451217816683,0.5279408849599001
79.69138948898906,21.545858250550317,0.9251115368823699
79.71391833569807,21.539918617129672,0.5496511829676721
79.6698635610597,21.573050239510653,0.47925662055706
79.70824655476366,21.567262523853184,0.377347868357471
79.707517660868,21.55755341293233,0.486128852158452
79.66763087135301,21.540282544959823,0.6429402456936347
79.68391355344865,21.562040340690768,0.7682013954686493
79.67020915846867,21.570618280770745,0.4293477155694472
79.67528323002745,21.555689822641536,0.9132714808476745
79.67579477048983,21.5670676880136,0.5361676918320308
79.69337418364154,21.564946297683985,0.596088951781763
79.68468465590563,21.55430423866962,0.7121041651314116
79.71686396824038,21.53873099300929,0.3484213803118555
79.66758220851682,21.564746929480076,0.7177337460971425
79.71842152809101,21.532407781981455,0.4149134893685655
79.67383831841285,21.56676930078829,0.5664350169524732
79.7063724361829,21.56827280152855,0.5968232216008715
79.68033819557037,21.56932869277422,0.7290750591580438
79.66858488372503,21.548374958258705,0.8150212276643163
79.71147335111478,21.531548846066226,0.552064826210449
79.67853165395418,21.525983416003964,0.6379216003147765
79.69953132425361,21.564601675029273,0.6032162692156304
79.6939866211052,21.57317568307179,0.5030212788709421
79.68830537856346,21.559050301530213,0.6901624178216317
79.68974916835892,21.5286496036233,0.6507717755735114
79.70393427484554,21.576093786911052,0.5483839771106612
79.6652663748474,21.57934612087236,0.44971446802481513
79.70009083971748,21.546002716596096,0.8190725199390824
79.7137487260839,21.555689517356424,0.4274334464241161
79.66346729182119,21.566633711200097,0.6064044271025886
79.66843920035402,21.564183387403002,0.6772526092347932
79.70299791620212,21.578067231516005,0.46977855683288616
79.68623689889468,21.526892985464727,0.6629292024656317
79.68421291724881,21.554843491968565,0.7429783194209039
79.66821799807265,21.561515885180384,0.5531720196196034
79.69040620244307,21.57340590545126,0.7009659416925613
79.66759271867178,21.572446577663086,0.383237659723632
79.68859722737864,21.578679987613675,0.4761618766261394
79.7058169179377,21.55072470723626,0.5807200702371191
79.67549586147322,21.56984565200879,0.5706507329073547
79.68884717009078,21.54563690248764,0.908407640724955
79.71952095816381,21.545338832671362,0.47870544890237143
79.70119902540124,21.53520090186837,0.7295778359945035
79.7104814062783,21.56909423722115,0.4032267987047046
79.68489085639364,21.57914890634881,0.5051408446415719
79.70607165538755,21.535380503700836,0.6615791574143973
79.66243055037647,21.523367895281265,0.6063858300767562
79.66737467095253,21.56893254624514,0.7034832505277249
79.6721842355752,21.557213803152084,0.8126309073114901
79.68411711547691,21.57758192803306,0.40251737433683676
79.71074469269955,21.535134353144617,0.33696116675195326
79.68077596304727,21.524261659480075,0.6769354225816147
79.69927727161092,21.549546535651988,0.8106179195260961
79.7025588576882,21.52512796137791,0.5581395167451018
79.6951709412453,21.535707400066162,0.6202806287843006
79.6814345180902,21.52755867164915,0.6755241938883372
79.6946232005028,21.533447930779605,0.6096986475836639
79.68053593556738,21.526368679169284,0.5982243199081854
79.66503242431311,21.577234359965637,0.407509167556935
79.71956823869115,21.536713762806983,0.5095855544865489
79.66763094721794,21.546633855159552,0.6436685043197883
79.66434090303017,21.57391670845805,0.4980266776034935
79.71271184495242,21.56063929527769,0.42188988695306073
79.67811007965356,21.557082248833705,0.8452101158993457
79.6990178184444,21.56233379142165,0.653064935911081
79.67974034377973,21.56972933542632,0.7583049730029183
79.68348725624766,21.572660156071105,0.46764629344868563
79.675726778321,21.5585583802399,0.6829839969148844
79.68058264034758,21.57340043648164,0.6535070958041538
79.68464202403518,21.55212385164553,0.8016631093762763
79.70322496414553,21.536637451376105,0.4931287021714733
79.69069217165409,21.57280460253303,0.5661606308363598
79.71661391302942,21.552488369644784,0.4852529218629009
79.66251282363032,21.574368255254033,0.3179925949360548
79.69018409935792,21.522410068837033,0.47310788857340413
79.6950534873299,21.543850945092473,0.8484805495211807
79.71521181916445,21.576868301101747,0.35132493172087154
79.66294951141728,21.534979005565496,0.4449465837772786
79.69440997509611,21.576492174762308,0.4267431735594751
79.71121779571168,21.577234147667752,0.410606642295253
79.67451566368715,21.57292853885355,0.4702005093554884
79.71257754091144,21.553820082705595,0.5902211463138134
79.66114260455646,21.558816366944836,0.6402241757734601
79.70394727774803,21.57217701990699,0.46292432711866127
79.71598679327012,21.566553824943348,0.5203570133975544
79.69943185969841,21.557805630967323,0.6372879945138055
79.68634175463882,21.57893556447224,0.40760382595546907
79.66269286098836,21.56114059818002,0.6398840932192693
79.71520682879935,21.578528919546866,0.35851065659037684
79.68821777336149,21.523443308476423,0.5093648398328698
79.66173980466016,21.528337622244532,0.4569128961419561
79.70138926427973,21.547087530760027,0.6445247424144341
79.68891023521458,21.543092767653057,0.7483255492380834
79.66746071904655,21.56696409048142,0.6513366114797137
79.67285630855861,21.52963684158815,0.673210989827941
79.66386944082734,21.578565710746688,0.40308508459836967
79.69445761238251,21.538903952515653,0.6965582381647473
79.69732176875512,21.545735422464407,0.6925559054354069
79.69034453790132,21.5364847019464,0.6744118605974729
79.70902612798015,21.55476181703959,0.417664179209973
79.71166052927848,21.523517722025353,0.31982024136370435
79.69693746380099,21.528980650334226,0.5307549644649564
79.66076538878244,21.56474786220512,0.5482023231135632
79.70171377934486,21.531190035004286,0.6423917914493612
79.68507995301522,21.5341308670934,0.7022042337797135
79.69393344899358,21.567578934143487,0.7547402380025937
79.69894483612113,21.525598070701434,0.6206179923818711
79.68101419685962,21.546248429366248,0.9898660258243686
79.7150259103103,21.521383803219834,0.46437747993336276
79.66803849200498,21.540808443959072,0.7374850566904476
79.70029070843687,21.561938884156643,0.6511431285118264
79.66026157479739,21.525406196783035,0.34823655685936383
79.7154790663243,21.573300077606724,0.4297605940391345
79.66675024799429,21.574569942576442,0.5163645979661172
79.66569305380885,21.526299422507506,0.522830547572962
79.67998045798313,21.579443946182543,0.5386156427410025
79.68241397716234,21.53785177320373,0.7669417898219049
79.67285800433937,21.525046100267897,0.5678096325313685
79.69510729965563,21.520304026869834,0.45078035690758933
79.68657484588252,21.54451137374583,0.8970192504668897
79.66205053534246,21.557788599142366,0.720547533811137
79.67917912373531,21.5399307549942,0.900628467869505
79.70862597481438,21.570203041928476,0.5303181698954845
79.7013820920917,21.562996376533903,0.45117646617367185
79.7034922512148,21.54100969191808,0.7437294479440435
79.70188701544501,21.564058579996516,0.5124079866353481
79.67865838128299,21.576429264218152,0.6389609730034743
79.6659798353246,21.52558575991258,0.423779398731289
79.67634803104198,21.538366237609456,0.7489598429463726
79.7099071180111,21.547799556347,0.6137728062322172
79.71882824786698,21.549879407665284,0.45674406206171336
79.68963082088449,21.552531738693162,0.7895929282746403
79.66058202129538,21.53803761439232,0.6294409084093316
79.66840268872805,21.56003557875894,0.692052086512176
79.67932483451898,21.55870507021179,0.7182824377905095
79.69471512091557,21.554669290376296,0.7970972708811103
79.66450561874832,21.526825703302652,0.4269315684697652
79.71660143792259,21.548618073465757,0.5007678576484155
79.68190502039707,21.541373613249363,0.6693575016843039
79.71475505307549,21.549462308190286,0.4818503822643394
79.70683130816542,21.5753119861309,0.38655738349294744
79.70532623635093,21.548831880589503,0.5536091402736115
79.69640317478694,21.52083884751037,0.4852253847680411
79.6976070290231,21.54633020428505,0.7741336302285047
79.69828019411297,21.56923889080296,0.6995963261041624
79.69772328322153,21.566803655393088,0.6963598630238349
79.6932236938839,21.55080340441169,0.8519045227560345
79.71918484110897,21.534986140771558,0.3769950737747527
79.70393743404554,21.547905319774873,0.6026903238107628
79.70661678330355,21.55382213316509,0.44248571555339283
79.71234776890502,21.579992286296445,0.30212116700832425
79.67293838576354,21.55865068541016,0.8463176192438164
79.6650282495457,21.561655895803757,0.5835428784836071
79.68897366619592,21.54948724861408,0.816279274227462
79.69084484173716,21.54126937304695,0.7148208172216655
79.709750906797,21.56877717901883,0.3767959074562688
79.68662701475694,21.549695939460353,0.7096059660171223
79.69425118153265,21.57968140779787,0.4855880060819617
79.6916242563108,21.54742723445608,0.7895066290370398
79.66229216702544,21.524080017018854,0.49632548916865976
79.69691289379581,21.560954688225404,0.6878097509063676
79.70968259714645,21.52279848705555,0.48959837339972545
79.66945003288454,21.53503009581308,0.7412359337432033
79.6956599040356,21.541224295166792,0.8137376861352336
79.69561663266678,21.564369015137277,0.6484637541611245
79.66985109784338,21.549654155584456,0.711856684616596
79.66740781442384,21.521718755878616,0.60850007230784
79.71880311657858,21.557010991076552,0.27035580331143955
79.68362315017917,21.544686174245598,0.7360686674811556
79.6736453037234,21.575310070598025,0.4966413964737463
79.67027947266726,21.549973738668413,0.7950895794886672
79.700056102815,21.562538508756358,0.4710341339964622
79.69656671783963,21.53313210953977,0.7068180003340085
79.69861312737925,21.565658413871898,0.6186111615779799
79.66528036165069,21.56325731862902,0.6009902310032864
79.7136120750099,21.574244902512476,0.3483763786451068
79.68335598380854,21.522029298503153,0.551006307250494
79.67880216438581,21.546850041857045,0.736662953099831
79.68774168683487,21.560749324164377,0.6389690418094189
79.68340396394485,21.52570983400481,0.54112441661952
79.71181462018835,21.544636244028933,0.5685771387224292
79.71575565851187,21.576528796183972,0.3701873167548294
79.67820719298697,21.546156069453467,0.8273542130762592
79.7118361484476,21.579124287008835,0.37407059624025646
79.70689138777199,21.52341034366479,0.4460507269356243
79.71584846034068,21.56306978656845,0.3566318298851166
79.67474501873114,21.554860974174893,0.6695434373488699
79.69461754900726,21.550032380627925,0.890952884653443
79.67647267508443,21.578250844089098,0.5198511584534387
79.70944566942906,21.527779024029467,0.5009820904138433
79.66031945143426,21.573759937100853,0.43119874071791753
79.69388914977318,21.561474424668194,0.778066655343624
79.68035220587632,21.535539764397978,0.7772229692990524
79.67936102242467,21.574100148737937,0.4263581903745768
79.6986943794319,21.54575769507166,0.8304927213108855
79.71108906695883,21.568853639684384,0.37184135627827186
79.6965517234836,21.543330191022843,0.625268118348875
79.7111903787188,21.571055849645994,0.2895254533654672
79.67587582671285,21.558197747106703,0.8376598042707432
79.6911701112859,21.528462798015024,0.6837670318092822
79.68703219234402,21.55897978980817,0.8402589988523208
79.66069869397018,21.531480685762112,0.6476916977558808
79.69340872858844,21.54471535767365,0.7335439931260476
79.69969145944877,21.53021773505512,0.5903308797071025
79.69551486426514,21.521320966940028,0.528134888669179
79.704176793927,21.532713192366998,0.6895906692375717
79.69428037170718,21.552182321423448,0.7141999140442076
79.66400501529104,21.54889365806664,0.8068899942389561
79.66698673144508,21.55008982573216,0.6095895631732458
79.69578847465263,21.534861212706794,0.7491575002238242
79.67649875151841,21.56110967203685,0.7831508508655165
79.66477870774209,21.562255797209218,0.7043355243298912
79.6857761646069,21.54147806953358,0.673715209488133
79.69325935588502,21.572870205308448,0.42328623135540266
79.67972475930097,21.558641392998133,0.6585990104792862
79.70322602213355,21.562782356515516,0.6029234986192756
79.69862623648608,21.536640395076336,0.6862627317004484
79.67996910166549,21.520036698109333,0.6340306869413848
79.70529235173451,21.571922536726124,0.45171627729252606
79.69892170255198,21.569345463074786,0.4228979307617622
79.69824672272307,21.52739151328257,0.4643534475049683
79.69320566204722,21.54244630809738,0.6214234447149417
79.66068338008532,21.559680358503314,0.6575344283204037
79.70179043100862,21.55912665143312,0.7208917394180083
79.68256250746654,21.57162102008851,0.7534943773941394
79.71655658260951,21.528416089698126,0.35186902983884255
79.70907908626464,21.545796384867106,0.4055132347805806
79.69526166817188,21.525833465075586,0.4761851728793343
79.67513091890915,21.54337571490632,0.82571740521102
79.67222304359666,21.52090644673526,0.6364483200070903
79.68042309026065,21.573896383906607,0.4465137071694304
79.6885940766148,21.551622639809718,0.7121887391087203
79.67776393060234,21.57098813564814,0.6655240166487966
79.69089576972355,21.523594282060202,0.6003915889811675
79.66992222553078,21.533647486628375,0.5799510179877412
79.71866276876953,21.53556279971327,0.484512935341476
79.6664754732979,21.543201489678328,0.583466049516514
79.71591664837926,21.568171982343852,0.5154742407470982
79.71481468068416,21.543193472423887,0.370467971237519
79.69152162890917,21.53227921177878,0.5502587963681503
79.70349461631017,21.523899415620324,0.41443120840955205
79.68616289787835,21.524769504901162,0.4917987384331312
79.69780207465254,21.56560283235766,0.6185853091121367
79.68043455624526,21.546688179462198,0.9001330014887513
79.67806954118713,21.56357086732,0.7166312182416258
79.69469378717017,21.56093722730582,0.7471135372466943
79.68988778045103,21.528121747705615,0.584181853875513
79.694772182149,21.528573276051535,0.45639920634981623
79.67719963487721,21.565320520926047,0.8323080010600019
79.68201746990901,21.563276097609123,0.8300434161821963
79.66503387763773,21.542681846012457,0.5429066854863878
79.66313658233634,21.52464533579997,0.46290856376006334
79.67520742778038,21.520725881301907,0.5497038515195483
79.66445481155984,21.537289416967702,0.5324999057387295
79.66622648251808,21.520553336415233,0.47968438780874134
79.70877570432363,21.53380435726622,0.5063008961396384
79.66233242182099,21.54517004441268,0.5509184405360005
79.69953656763609,21.527284945918716,0.43035388385383694
79.67635346492892,21.52625666546989,0.6757205256920695
79.71229274084249,21.573786246143122,0.331210857226096
79.68909953707465,21.555128201741372,0.7268626875729087
79.67833458755966,21.576067341205764,0.5986400938708785
79.69105833614137,21.54074956982714,0.848048576936024
79.68291748114271,21.56062869623975,0.7028427100685345
79.69385806388019,21.532281500477307,0.7685926360047185
79.66687197209957,21.557100419036797,0.7387715791206917
79.71981943016876,21.5277751438006,0.3029125624515797
79.6855333526618,21.520124838350576,0.4921776802721502
79.68089383838245,21.57589190808457,0.6026935985929964
79.70261259089898,21.55329366257051,0.5614855892852139
79.68183396438971,21.57561643976692,0.5304206361598391
79.70999645830172,21.540029891422122,0.5631855804493113
79.68725624346162,21.539667164149705,0.8047872080636261
79.70317350479593,21.54403930010638,0.6717237522242954
79.66644719298651,21.562362459037487,0.6433454478432268
79.71076715113331,21.55394851805117,0.4279930980069987
79.70414307920669,21.575521294425947,0.40868263703533747
79.67270300670772,21.521526454067946,0.5186208884731678
79.66871716058475,21.56249175627835,0.7393655413878304
79.67897754092354,21.539819661361992,0.8426365281570325
79.7185642351619,21.53081401910911,0.3501944563226308
79.67540989447402,21.550623737351206,0.9574870341163805
79.68736763253679,21.550303827050797,0.7188419565229951
79.66180121354304,21.528220661721306,0.4153038824263591
79.68383365177397,21.532113763367974,0.6582881949147756
79.69427920092599,21.544489879894094,0.6864942466826858
79.71718747675048,21.544528684743536,0.4695485873890718
79.6910041626964,21.53905348837718,0.624111205990495
79.70914643957066,21.528912709090598,0.357119588748563
79.69282765855414,21.520262420746057,0.43068572132866667
79.66244710080613,21.57821410374568,0.4699421999331823
79.67890049651139,21.576609953782235,0.6331354696055096
79.69453297046987,21.549019022750567,0.8634167110901961
79.71703563795586,21.579703105196497,0.22595525629493363
79.71154782158507,21.560419259846935,0.49946064967618675
79.67370133685073,21.52413145225645,0.41113409922296107
79.67320658980114,21.527063091944957,0.5358196903043626
79.67207037802683,21.574966650632177,0.608949217776452
79.71534993377814,21.557803132128978,0.429420677432606
79.7111599691861,21.57059101759944,0.3117779722983146
79.70649300593517,21.57389617897803,0.41337616914836284
79.68356410685345,21.546876520676943,0.7572327061559294
79.69026284225792,21.522911557094602,0.5107863551635123
79.68785990468771,21.53129682093384,0.6793552323672286
79.67520388645356,21.523994316838145,0.5126696396165258
79.69030168276892,21.53132439074191,0.801602789811863
79.66182979287116,21.54463197558735,0.6476212133656396
79.66790862240984,21.5270918086309,0.6539252496127048
79.71319537577014,21.53000399486832,0.4973146869126868
79.70510078602189,21.5467493069243,0.6633727198254407
79.68537210454355,21.540410257023307,0.8061475697920734
79.69102902173704,21.548059487451283,0.6619913394416638
79.68219993315759,21.545750321665544,0.8786987467252747
79.70444679202964,21.558668681558792,0.5478480036879911
79.70705123075392,21.57623137293255,0.29181737748630404
79.70579711141218,21.526471860306653,0.4503841912811357
79.70335670349006,21.52595560895855,0.5563647052790353
79.67227026032157,21.571168366665454,0.7114619619206461
79.68027819875442,21.550383802279146,0.8063843444770131
79.68819072609902,21.565984301414105,0.6949357844753532
79.67984757948565,21.532925314216435,0.819470042964921
79.7052964120095,21.56973175439005,0.4331590707284333
79.67976121145499,21.57543079745156,0.4328465302255372
79.66829392520712,21.55812898093279,0.627853872263424
79.6839424271229,21.526352741288427,0.7341208505872807
79.71879486596694,21.573717688849378,0.23604223689410808
79.67355288477602,21.567549263642203,0.5836509585104044
79.69672951953659,21.56505266659087,0.6180669109469165
79.68597838299038,21.522203691334354,0.6492755777704129
79.66426147405896,21.567937751515416,0.6737587974009129
79.68927259635988,21.5282770606281,0.6079546783041545
79.7021298597189,21.53334317057181,0.7073037907659085
79.69079319854967,21.554628090092155,0.6923842894452206
79.7123263638248,21.535898846375012,0.3613998798569724
79.67733622099945,21.559680892378715,0.9000112856051758
79.66517495027823,21.556484226861944,0.6652604889762535
79.71619393669948,21.526488975880795,0.27682470646238916
79.6826917809717,21.55936087477549,0.7814585843724472
79.69458433308722,21.575437294589495,0.5904445204538628
79.70752018756781,21.52966659431115,0.5761190751151302
79.67945881983253,21.555823721256573,0.9225050904786617
79.70296987229065,21.540511922316202,0.6460254981681228
79.66812513098907,21.547576700306415,0.8419925443370448
79.67747762483232,21.537220010744736,0.7642098770018918
79.66868263816819,21.541247838180862,0.7462366909934809
79.70867383350408,21.521734709395993,0.4770944019904986
79.67335895411361,21.578893104275032,0.44728341143227446
79.7030442133243,21.557487995324365,0.49181584491629415
79.71659790383474,21.550042335429634,0.39729979452542175
79.69166633254413,21.543022920970017,0.8253287718227649
79.69240175153564,21.552362473529442,0.698336631814271
79.68766201408587,21.54280635992295,0.7112509560546882
79.67955340860361,21.54159447564962,0.7523873564306616
79.6885393018555,21.54783679250332,0.6903933124049506
79.696168451936,21.53655898202027,0.7575189566223152
79.71915949433024,21.530802993998005,0.2946622903972938
79.7162658735591,21.553396353890818,0.3298584557304719
79.71172917749759,21.570565926169017,0.47137724960619964
79.71334783214229,21.529169690663554,0.5151672839739749
79.68807095099751,21.521964060436254,0.3923697751796578
79.69944665963065,21.534808704709242,0.5465913199997122
79.71370400337617,21.578783238607226,0.477262122845204
79.68357704589948,21.5697254844246,0.600368264079214
79.71770574870072,21.555751963211716,0.5513565789655429
79.68494716372415,21.57575493491459,0.4689998483353038
79.69606495992359,21.546716747010233,0.6679093433823589
79.70258828279634,21.57899683615451,0.3263925527205539
79.71703552078455,21.537778122707156,0.29166989297044554
79.67467697644314,21.534418344970955,0.8268298429902495
79.70476785869431,21.55828289206882,0.7328450247155545
79.69124893516864,21.54268923807702,0.9262655583082856
79.67611342843723,21.557581932518573,0.8848298331547044
79.70659641038779,21.53829973109816,0.6612975819445158
79.69313333681043,21.55707509541028,0.8016273824060715
79.69965842923898,21.5365447756351,0.7389670440693994
79.67937406411467,21.52305832412913,0.47020171246154047
79.68887643710966,21.57472815411539,0.5097757552711544
79.69704125505928,21.572992312112405,0.5639268996480188
79.6842946488562,21.57824788895636,0.6119450050554704
79.67190235239086,21.562991630573283,0.7311702370926638
79.71769842953891,21.560963270664118,0.5052421809373119
79.69068805240255,21.55354018420449,0.7934984778095546
79.70403522221726,21.527556544981152,0.5609751993295444
79.68466283161337,21.531354118656957,0.8373148347735311
79.68130790584154,21.53736818132035,0.6728995102103923
79.68442985790803,21.573409381754402,0.7024921923707489
79.68455179862714,21.530378171476183,0.68506013013098
79.69265080695652,21.575372390469273,0.5601940162546595
79.69260819219888,21.551367143983082,0.9053020422121847
79.68982922895297,21.562934178128383,0.6892873718168492
79.66808714709504,21.526614669200832,0.5220370278862856
79.68976452871003,21.536142012926554,0.7474519632797552
79.67014623402524,21.577511116490882,0.3276111725145238
79.66756814717775,21.535968996815782,0.65287626596705
79.71595874304047,21.537791303223468,0.3659459428382317
79.69629700078886,21.531855843090465,0.7563515181151245
79.69956940348747,21.52774441991841,0.4196410299415457
79.68410762022,21.53399545848724,0.7209804985524917
79.7145388535149,21.55853961351705,0.584111611952787
79.69827582937478,21.547322064010213,0.8429892564065667
79.7061501921714,21.553225350180274,0.6524866075228672
79.68211374814166,21.52734188972596,0.65745258490298
79.71760071284915,21.56812698682977,0.3073359573090493
79.7092276774095,21.567045682034788,0.42392607065317
79.71123690778087,21.52129539466856,0.2540879362087075
79.67033165604555,21.543010905670616,0.8321944329227158
79.67625779247227,21.524126236118267,0.5116778610474777
79.67713759598101,21.567526346764897,0.7069632611373655
79.67625455339481,21.564236180987542,0.6577446524947202
79.71132448972625,21.574119285657588,0.37910212322436376
79.6619130877125,21.534184237537186,0.5798602459343811
79.66456599933885,21.547377752987668,0.7687240888820455
79.6764348922378,21.531069272629864,0.5856940393535748
79.67199237847896,21.542274096068446,0.7311521972190216
79.67391157683296,21.551334595094012,0.6886098374668477
79.7078765913552,21.523199847390316,0.2907981476893178
79.69378759563352,21.562892224640642,0.7165196923477359
79.66034623967758,21.552597601622264,0.5121130632920017
79.68575936594225,21.569737541032637,0.4995629735559192
79.68447309561103,21.53630683007147,0.882923507454555
79.66683671616667,21.574199266316153,0.5018180270205159
79.70056850731609,21.579921655181824,0.3055805474302079
79.70212583130277,21.57515790630266,0.32138966067277497
79.70325359314313,21.56667354854999,0.4224658266934588
79.70370825673352,21.568742128172424,0.5012858457804885
79.66000316961593,21.554424654552673,0.6442815875823025
79.7172352482308,21.531409231774756,0.429351646233832
79.70885252602328,21.560622441108862,0.4083394008989347
79.71423890179535,21.562765180123595,0.47409897612254126
79.66093859771844,21.579123108416074,0.36796542875129257
79.71603152774715,21.55247807897538,0.4365783019523185
79.70858731172129,21.536282140901502,0.6063945762687302
79.71023314857752,21.561020351304368,0.44358769631049894
79.66559724308331,21.578762549179984,0.32387843145167494
79.70432668173511,21.530632834496146,0.6358418877402043
79.71759500137853,21.539559875112136,0.3292565649200171
79.70071284048508,21.55251285722636,0.6184869577396064
79.69423368427748,21.530212878092918,0.6873627720448492
79.71673778066494,21.521333238371195,0.3954887134626228
79.68657622730406,21.540218987346474,0.891316131001143
79.69595761397862,21.57192224809006,0.44958812283380717
79.68858029760966,21.522608103959424,0.5003518448744525
79.71597077328161,21.545735743541012,0.3369114883530656
79.66456508360592,21.565732046375565,0.5827444624169258
79.69006718204952,21.57719095581465,0.44026891149120484
79.70121714648313,21.579128523940263,0.4761572146332931
79.70751439230533,21.545318162836523,0.42366865404341425
79.69498111884664,21.577023057662746,0.34979683327109035
79.71453506464728,21.522125138396852,0.3387760230457112
79.71651948681303,21.56475501627991,0.5369016352467578
79.66385915339161,21.558564762078017,0.7459205341873747
79.68414223237248,21.53497131145517,0.8949003009745349
79.66140754130326,21.550439110040777,0.602057815308059
79.67976499944247,21.52777322426563,0.4980719635217019
79.69221209307824,21.572295829057094,0.5064100703865749
79.71464769583059,21.54147388513274,0.5105649396859137
79.71079325934792,21.55756266822794,0.39499301543251125
79.66764998360031,21.529526577177236,0.5198237369165382
79.66558182248446,21.53236989067787,0.4578861702855836
79.6953560403254,21.579517382248188,0.440704547486936
79.69192707834752,21.56518518366648,0.5834852562962426
79.6759826584858,21.57771831218644,0.3732517450214946
79.71396718507323,21.537751069912723,0.4261471397117808
79.7156419845677,21.52987377259719,0.34958400296072356
79.68415668630041,21.55018410780873,0.8589035030924175
79.71341815342682,21.54968009693364,0.5607326253162661
79.68303693365577,21.530496790825477,0.5651577499749806
79.70420900990977,21.563993174174882,0.6384017898637762
79.68855653305286,21.541706652066324,0.6615028307954967
79.66735498939043,21.531181913855832,0.5802030120464965
79.71567605207422,21.539919003672598,0.4659585963602283
79.68724579560265,21.5538195219781,0.9603576911891574
79.70406922241935,21.563588255930824,0.5787687530245027
79.68203042886587,21.548913453163447,0.7471430907966012
79.66113285271457,21.551535699389703,0.6259230419453135
79.6660318215215,21.528336756156563,0.5175121117196203
79.68977316876939,21.574881455482494,0.531526420046859
79.70139786142758,21.575723451879522,0.3639136220606115
79.68008411959475,21.56100559542508,0.7613878257829554
79.70172930755065,21.52105788453604,0.34140799587105886
79.70191813536591,21.5522244529542,0.7356791785811618
79.70223615443967,21.557753138325314,0.65809571329141
79.68955131124123,21.579679253377485,0.3428411703441031
79.71489316900728,21.579764017311685,0.44876533727285045
79.68935179107883,21.57145667411953,0.6271450910712308
79.68701591160979,21.523829859521566,0.5132519147740112
79.67196284914064,21.57719658344672,0.34954140494412367
79.67845930524138,21.55675967482912,0.8406454499758971
79.6625400695511,21.56805320622875,0.4842801117585094
79.69801211761697,21.54443157098115,0.8411770269432464
79.67491214463563,21.539180168274076,0.6250769197902368
79.67824931526913,21.547794648729028,0.6985077410234269
79.70624887129986,21.528812470778128,0.6192693345101894
79.67963327098968,21.541423968325198,0.9528471757888843
79.67453175352078,21.571457049986094,0.44106349279837515
79.67014346494803,21.52227702917565,0.5690793742957085
79.70649150413091,21.529052682809475,0.4004790310145079
79.6677823754794,21.52750696957897,0.6157006544434085
79.68722522561502,21.544184532562014,0.9377718401147267
79.69041580696462,21.57981921405345,0.3449824154006535
79.70124339476114,21.53040147581268,0.4785872865715389
79.69799700893998,21.528728958975954,0.42822985431633087
79.7086432403767,21.574903343786566,0.2683912614041522
79.66268508603557,21.572923031017957,0.3302909838539454
79.67778644348677,21.52193442219979,0.6263863879251903
79.67680804712651,21.56510235761076,0.630727554475641
79.66876101433553,21.559327942088583,0.6865233434357798
79.67735069523138,21.56606444859116,0.7661579823743652
79.67858591884857,21.549670147287753,0.8368696566073478
79.69131306771564,21.579482753106895,0.44490165683452754
79.69982226873557,21.522630821122657,0.3322402794928843
79.68286603081671,21.534062295184228,0.7552601683612938
79.7031682138788,21.543792759218416,0.5258221186223264
79.68016992031477,21.54698667649394,0.9233062643246209
79.67741702063888,21.57528204416197,0.4639658586388512
79.69247128335142,21.553600261844636,0.8364306766927976
79.66142298161834,21.522706659731224,0.4868343894947632
79.66478734741804,21.544471777805537,0.7098298475526387
79.68507817261519,21.544989424742145,0.769228304469563
79.7165747626835,21.577929456306265,0.2620323677950854
79.7032907067906,21.555951825461264,0.7341560182543909
79.66528759417002,21.558139064269536,0.5061559690766787
79.71077908076686,21.562795181875074,0.38018359998799833
79.70393804623649,21.566202358940927,0.5662574167808658
79.69665679154215,21.558103064212148,0.7991758270744491
79.70921757763655,21.534231661068034,0.4511240697771073
79.68424659086457,21.572442754860468,0.6362113361443361
79.67329006305123,21.563927188024635,0.7005567843373285
79.69072140334653,21.564512229105816,0.5582769596947037
79.69293050533561,21.579793404354085,0.49230946368245865
79.69229958232059,21.568151592091798,0.7197494476166524
79.6939044274888,21.569749084189308,0.7383868851266344
79.71692229509435,21.577084330942608,0.19288976705151198
79.71413473738578,21.529068039990932,0.4520018279586646
79.71254302219353,21.549863642588683,0.4730479110804263
79.70808500865452,21.554834021415445,0.40907028673577117
79.71660568643591,21.539756543753345,0.46215296758288293
79.66590967850077,21.57036420063367,0.4174954332653601
79.67590739568674,21.56574517729874,0.6403504608895867
79.68970335673927,21.563252984470488,0.6413293761612552
79.7107920695874,21.579828966385488,0.31261026378870665
79.69030994269136,21.535562882404502,0.72615720794557
79.70488208436049,21.564127435100524,0.49897043564222593
79.66833759431493,21.553084268494352,0.7418981733803108
79.67514482877858,21.538779350949632,0.6841021032855853
79.70390656570225,21.529635212243388,0.5592267387093531
79.66988404053326,21.57375303022405,0.6260459021576119
79.68108135607929,21.55572732896247,0.7361238983894084
79.67589197546882,21.569496030258446,0.622479416779711
79.68099170165334,21.55272069904009,0.8826715565937648
79.70249944294467,21.53319862483924,0.5909996562743995
79.68207083086857,21.540252928786018,0.7683764609125634
79.69331579935647,21.542892330548412,0.8132517700375175
79.66599591262326,21.578376088750222,0.29498175046294234
79.70830106159407,21.52033799670288,0.3520158462815727
79.68219331753889,21.57913996138147,0.4966311096422823
79.698912049542,21.57882769810659,0.29300170361879574
79.70352337609971,21.579769047431807,0.40121634136468576
79.6725796553267,21.54859529073518,0.8357652656165901
79.7130804990972,21.577828538177258,0.4307551831810214
79.69697345509641,21.54373595091099,0.6142780185124462
79.68572350850509,21.521577666440102,0.6830140016435771
79.67094011101469,21.533460831182307,0.6947130036039231
79.71653805627408,21.57671777469624,0.2969724326798708
79.7053040922479,21.520825881600125,0.34202975835269245
79.672481473764,21.552759648125377,0.8012906755477808
79.68026264648346,21.52453609533368,0.6974873221727251
79.70858045548529,21.537183794705655,0.5280132088647738
79.70174065979292,21.525285571042712,0.5419663110216223
79.70594705756294,21.57157171726678,0.41589566972022585
79.68647206613278,21.55546424257886,0.7819968352788872
79.70298857575852,21.574126387943096,0.39529309526525247
79.68318962337183,21.56130119197241,0.82303395752276
79.67267577501629,21.578261747874706,0.43280923360374235
79.69796062209048,21.550592659285623,0.633525840658437
79.71856083553592,21.55832263490577,0.3639298676941485
79.67863605828371,21.554578529193343,0.9251050412672442
79.68765817553275,21.549055625766794,0.9078964230104822
79.7004400822642,21.57075756192538,0.4709869249943705
79.69249037692735,21.558671508140222,0.8670299979416846
79.71060566774254,21.568078735891326,0.3133372645563881
79.70570456238816,21.567181836196145,0.36792044333063617
79.66349783223174,21.531462709639317,0.44471319577451407
79.71990527403543,21.559009811951057,0.27189527951459624
79.70514414722317,21.53197888115088,0.4031856266202523
79.71183419897764,21.554999228694626,0.5477826196938727
79.69907186272572,21.56064608106678,0.6802312294715831
79.71137710768281,21.579834104295255,0.3951271460943681
79.66674297849572,21.521832518688985,0.5315974024048843
79.68086427013355,21.525474543646823,0.6761298110230741
79.71258525661626,21.524621601782272,0.30154322336414585
79.67209931267601,21.543901677176002,0.8087858046875915
79.6646945259148,21.56929530168915,0.5554882097214986
79.70728713639672,21.570643379967226,0.5871633802678808
79.7101291693386,21.564218775743267,0.3939872973787412
79.66975913309139,21.573812694509794,0.3858487919745329
79.71126075896696,21.539371596650167,0.542152777661346
79.70120606773582,21.525289278655137,0.5705065934578416
79.69120496099299,21.52348918167939,0.48210402425031956
79.70981501156689,21.57112796317716,0.44667118571833475
79.68515495495913,21.56382617766122,0.5921355195196841
79.6716396373734,21.561916918360666,0.831475893843993
79.67709116059663,21.54038058031274,0.6747002350745103
79.6903098410976,21.542794311317092,0.6689258760412505
79.69187984756039,21.57748681173396,0.3543126603601685
79.70833484958648,21.523828284645877,0.39768534684090295
79.70748116341913,21.566423904216265,0.3681920206865601
79.69488199343228,21.538577999422504,0.7928037334873963
79.70684712900193,21.522343277104753,0.5387496448485161
79.67150640749762,21.564554206644544,0.587475914362439
79.66300387162559,21.539854713140702,0.6625132766998347
79.71241802935808,21.563328851124567,0.31502140093016984
79.66453326962576,21.562459262987087,0.5700555627106488
79.67480130578464,21.552087212525986,0.743320580550032
79.70171913697746,21.56664238775263,0.4731941196059685
79.68456687625763,21.554862299450274,0.8691530471569886
79.71257883819493,21.537198211170896,0.3569888013832596
79.67787878767973,21.564046918063863,0.8199800295102972
79.66071228080015,21.555348388952662,0.6502955435227333
79.67803933843363,21.520763636901396,0.582350319252472
79.69468450295109,21.574098650666215,0.6539372699170312
79.68255630252419,21.552738617099457,0.9727476441873562
79.69209236534552,21.57211763592877,0.5834747292722822
79.7125958871301,21.572964210338935,0.3861375102669098
79.71474910325382,21.546697999404103,0.41721998724794646
79.67595844387924,21.55045959978707,0.8846761939812439
79.6877284283962,21.544945263260534,0.8395471343390242
79.69294864091448,21.546966206518483,0.9205732652633279
79.71694674741329,21.5737088295383,0.2720341341607595
79.71991703914986,21.567288640838072,0.3007275868220399
79.67412443493049,21.527591540578936,0.5512844644416712
79.70361879228075,21.556618466892406,0.7082669593343452
79.68268186373399,21.57975439842318,0.35786698517212856
79.66048649181317,21.55573304207395,0.5821919407816047
79.66055515134614,21.567152297535586,0.4870906709567149
79.68763396045374,21.566143688402867,0.554079952241468
79.68930009478026,21.54101905155234,0.7664275136110281
79.66135418179441,21.542310958162236,0.6164421282853342
79.70121564500646,21.563444585307423,0.4641769336270734
79.67764020331569,21.54999901189629,0.835602622185746
79.69359358609215,21.55423424254782,0.9064532372670965
79.67805514438992,21.56277434742189,0.8739397716458336
79.67002805889216,21.56665450162234,0.6273623173932753
79.68443042431593,21.536290994663982,0.7681905628006603
79.67393640188743,21.528807625566216,0.5590508571114166
79.69208805861514,21.537507678803422,0.8859822254934611
79.67192971181719,21.550452299505523,0.7126464547025577
79.69050435859867,21.54052847903782,0.7658452468088879
79.66944271089213,21.554101765530856,0.5870156527563027
79.70025848256914,21.523207943447538,0.4369369996329716
79.70523626106649,21.550585024696826,0.4842381973335701
79.66662365405499,21.542079094416263,0.7641396921028334
79.68806814472224,21.552080005293572,0.8456378053714086
79.66425230203929,21.545352001293097,0.6909668093455521
79.69589094673252,21.53705355103825,0.6287875628082301
79.67586425787577,21.574246474327456,0.6412221219120797
79.69165746741032,21.531085899305282,0.5089588303803415
79.69104766056306,21.560881934534834,0.6835587082709607
79.71546126077163,21.575478682754945,0.3990191067172766
79.69294499335412,21.552320197581125,0.9074639576203349
79.6949799087831,21.57258450931477,0.46286049543723123
79.68409918754585,21.527491088705997,0.6450657318547743
79.71694477619097,21.549627326215383,0.44936437696613885
79.70663115456638,21.547421516828855,0.7032082963268453
79.67712431741816,21.520487128422218,0.3775828327689358
79.71065257514657,21.54659544048156,0.5037585834902334
79.6859437816111,21.542141785382956,0.724443715878624
79.70972002861201,21.560187923666476,0.36220614616442287
79.70937328409761,21.57629978671459,0.2827114196947899
79.67133221120577,21.52514746529572,0.6949656249203175
79.70206846788301,21.539648583202876,0.5474068351795571
79.67743857815839,21.546643884243654,0.9605781568215204
79.67784956019956,21.54731112268206,0.7454613647898685
79.67778088461283,21.566488583250536,0.8047623268174042
79.7035340948536,21.546603739950005,0.6865329709067001
79.67378956250755,21.52162967808722,0.3999594769121416
79.66005435011476,21.562606245675568,0.5678068035606916
79.70291421120896,21.573089781708738,0.41677171256629375
79.6702710846301,21.55083428275298,0.724209222862739
79.66626894371846,21.55486651130191,0.6700208256784252
79.67425096723564,21.529776186338143,0.6166372740820231
79.68279403133936,21.53323875668074,0.7722375443811174
79.6885543796484,21.534110214347475,0.8007057467064591
79.66267420244276,21.545844518492878,0.5943219165425906
79.71823439995764,21.575688713253736,0.4601691280219774
79.70296378320518,21.551307086002893,0.779744444507219
79.67939164391946,21.53152585871208,0.554119836014271
79.67912183543712,21.535965264152136,0.6079678839682946
79.6869125529621,21.54304090178363,0.7995401863793496
79.69757468936578,21.557395538541567,0.7252772190680852
79.66878238399534,21.54640198918024,0.6725884531955162
79.6713357888259,21.543546690650615,0.6892915650220885
79.71156607497001,21.55388371602394,0.5600505576084986
79.67537529543334,21.53451009969727,0.7446758673940266
79.68281169987851,21.524734196355073,0.4886289494531699
79.71227631105701,21.52146485888933,0.48610951283444137
79.69978886976399,21.535075549808028,0.6789532767311536
79.6805027127605,21.52549552204867,0.557621285989982
79.70102197274348,21.540180438311246,0.7070094927154815
79.66118099292288,21.566376012421586,0.4074299599025337
79.70413855960068,21.562977659829208,0.5516759644024971
79.68922096243097,21.55665565736728,0.6914242169127484
79.70879092883706,21.571150014632767,0.2974136416141624
79.71727825912039,21.536924057472657,0.3617334347321136
79.71554731296968,21.573103225181796,0.2588518667549937
79.71455590260732,21.54395435018015,0.5053607099455482
79.69073019735603,21.544053599095996,0.8546035809200256
79.68160852684834,21.54432109681753,0.7324515709923152
79.68790211948384,21.52588566197446,0.4557095596656908
79.7013937601988,21.578529429899863,0.5124187310500933
79.71303986661226,21.528310406669508,0.26039892463852904
79.67241917818001,21.54045314346815,0.7058465206989515
79.71509158950771,21.539158019219606,0.4427325677235088
79.7089108139182,21.524480765969003,0.5154929133226142
79.7187313609107,21.52913560780671,0.46499064048085165
79.7128151063969,21.522691500171124,0.44232454892899614
79.67679623978151,21.53754426961363,0.6850911695804595
79.66635735468064,21.571999415441734,0.5808291135726036
79.66673446431949,21.540366532344244,0.6054096398185909
79.67747339911469,21.527421509924043,0.5354991801418278
79.69685102343907,21.558741632103033,0.7101656920586135
79.70825921956583,21.579796054723293,0.4232235204393692
79.71395501841889,21.533939427371916,0.2999639777833269
79.69742520306215,21.536774260322233,0.5397458141551663
79.66033787876488,21.578310823256846,0.4850300995317973
79.6711790065911,21.530726577253027,0.7370912183070857
79.6659835722312,21.550672844047547,0.7303448140368332
79.68179946853414,21.534379127980966,0.7173720010640063
79.69008105961802,21.575941113874073,0.624280853216753
79.66260383071472,21.578891260874578,0.4780538915037185
79.68090867854774,21.5688818707672,0.670935305582621
79.67075078047752,21.538887028948768,0.6665504625174119
79.69882420997553,21.54420924851683,0.6157308854482213
79.68785634215946,21.534538341019985,0.705149842167741
79.68971905881604,21.57344547802054,0.49586126006067766
79.685661507282,21.574873496661287,0.5012735564089711
79.71736118262919,21.545132239734762,0.43527802762045775
79.67288410750729,21.55939198419418,0.6345111033062535
79.69099985559063,21.52993319078648,0.7374778937603457
79.70416104210192,21.546096154021804,0.522796407060005
79.69341066478808,21.557889946400408,0.7375664470736185
79.71574125314301,21.54312418711108,0.5215564292472499
79.68267810133847,21.541455971541186,0.8151360419236275
79.6878205483464,21.520059939536015,0.46674463710430647
79.66531133891289,21.568257607826624,0.5424888792417826
79.69653994666311,21.573360256721287,0.6251644683234933
79.67729271810688,21.578167811772747,0.6405740446735899
79.66961854237093,21.563156283104153,0.6970936401166271
79.69267187757427,21.552927538742193,0.8734431222492997
79.6919386158028,21.536157071188523,0.5771733256242315
79.66455229847344,21.579957968557807,0.5250596068295466
79.70189292720967,21.555385171271926,0.7858654555052977
79.69742633143905,21.560869244339827,0.691001500369343
79.67134103696479,21.56094436971732,0.7776730628362829
79.68816609172924,21.57071510774543,0.612587402408243
79.7032193749887,21.520580352330814,0.36626165376372566
79.69176614443248,21.533214816425883,0.7925244496293827
79.683729344571,21.5599320400102,0.8070879676105239
79.67934030748485,21.573708744209473,0.5901777553513473
79.69662363199865,21.56112032691528,0.7231512992942131
79.71634652189861,21.54480947748962,0.5498152487133949
79.70030469042865,21.541693329752214,0.7416218072251914
79.66448475421818,21.564276880496998,0.4983905592104282
79.68764109840893,21.56447426182823,0.6968562832888432
79.71344944789064,21.55642347955034,0.6161118790419062
79.66566774554806,21.53748802144584,0.6600372327502249
79.71933254272825,21.57550928910343,0.4587962160231305
79.71694416361872,21.553112796527117,0.528467813530388
79.66469646884379,21.5674295413749,0.602775701038891
79.71600479922697,21.53285849572971,0.36093381479138814
79.68178795541556,21.540642447316884,0.7532576749918847
79.71068255002454,21.572474770983238,0.4502014244401733
79.6851030002628,21.5230064217964,0.5389491695796087
79.68645130676215,21.5507389186754,0.9295094610392571
79.69805458545865,21.54890232879064,0.8048460399815439
79.70646864515656,21.565073811334482,0.4564839989452794
79.66202734905688,21.536913626235958,0.649040523177548
79.69558935973163,21.533144009311574,0.649745595307773
79.67120397964584,21.575567970326393,0.45073209501636025
79.68075697107179,21.554302579117508,0.8024493332829471
79.68087811996931,21.526281374097017,0.7307630227075166
79.68814362041327,21.531582169732857,0.6438703925328381
79.68004818471256,21.579929563570854,0.4100903660592952
79.66644166710704,21.53173653977513,0.5493141137337667
79.66873772431153,21.55662853068122,0.6252690157793147
79.66200627913366,21.545207684739736,0.6467148001068356
79.68821494511973,21.57313594569099,0.4646092988680749
79.71726686169117,21.56531011553772,0.48471501421702173
79.66694051341888,21.555817083775707,0.6096784070168837
79.71677586958019,21.52064433890788,0.36623331522951014
79.70400169088393,21.572787712449607,0.3521728604246954
79.69824992817605,21.546680048250323,0.8655845946548514
79.69871666531941,21.575894659181113,0.45882648655803243
79.70960365890377,21.54973234077125,0.6402343362603429
79.66641519186278,21.56165346935096,0.716919784215211
79.69028525941393,21.524157558968,0.6257546149206059
79.70182546829564,21.564709099211605,0.6722290945239326
79.6952092267044,21.540279761878715,0.6106922717222625
79.7099667442614,21.541081540859906,0.5756972943675795
79.66433630254068,21.52711935068256,0.44713339128965046
79.70144206236995,21.528811428918413,0.6225614287622099
79.69204166382308,21.53114554337237,0.7930879745679159
79.68274965183879,21.539692370114285,0.9240740787716287
79.68041649893404,21.573518194766535,0.4559483932169437
79.69724995796645,21.542095614293803,0.6784736161394767
79.71345972247866,21.563461762393793,0.3985961635913162
79.68977055556607,21.524964850233392,0.463090141370032
79.7094833898446,21.55546592795632,0.41185931051850655
79.68412938291064,21.548913473876226,0.8145076169842799
79.66614366776759,21.57867747681727,0.5817144711872169
79.66369034418751,21.570772466192736,0.5251931981647229
79.66308006227942,21.54728978634632,0.6910210597146761
79.68280900851745,21.566508565842717,0.6776151464138163
79.68023426505015,21.531582324477625,0.7437683435046081
79.70307622141735,21.553740179643505,0.7760214013370939
79.7045692900951,21.52447714333412,0.48556617514151235
79.66305123813002,21.540885341935102,0.5005528784798426
79.67326739577334,21.53355173089733,0.6831845392518514
79.67645571100954,21.56313458891951,0.8646790463351428
79.69285671904856,21.54940544147286,0.7591823534295439
79.66867091343441,21.56506422873088,0.6526856093784943
79.668036473164,21.550917726257886,0.610753729188787
79.71662733335248,21.525189066529098,0.25316639382723044
79.70825217443786,21.56412205898395,0.6106986760644336
79.67083929412547,21.569993755839267,0.5192755841435431
79.68439406847433,21.574211873554766,0.5032506124783935
79.68133731995545,21.5543195167184,0.7958511351436341
79.70746024444392,21.565215121539968,0.6393692067724778
79.69061277498868,21.565122660212957,0.5563866015654337
79.66767098421961,21.529344985587937,0.6733760547228023
79.70433952378937,21.529853241247572,0.46837616740795684
79.68381327869349,21.524253130348548,0.6852661416186244
79.67577545485793,21.539194818108417,0.9190339750191968
79.68252991732125,21.548410515264464,0.8044850928094678
79.6898653938164,21.57987387116525,0.3545240004099607
79.68058693098502,21.54585960052409,0.7354764525344539
79.67451434635551,21.563574555310442,0.7754166326397345
79.68391012172823,21.56160382157635,0.6503930641080562
79.66115037464499,21.532268917015035,0.4640289418596765
79.70634987076578,21.523510429086965,0.34515902284646227
79.67025669361405,21.552760405092013,0.7096662142735624
79.66263427681784,21.562018335538866,0.45532586209708414
79.6992219215743,21.579895107411172,0.5302433674520766
79.70643616772942,21.541516663136868,0.6855413796136383
79.70882974789556,21.573781873724865,0.3867495858739357
79.68961055095963,21.54291594735215,0.8385161671032719
79.6723220910814,21.56136470250583,0.749199971495208
79.70423366063498,21.555895175831022,0.6858323390362512
79.70198278462925,21.523178727598154,0.4739031118041237
79.67477624404619,21.524703305618214,0.5695533967023705
79.71420446535177,21.52124584538347,0.39553527955470236
79.66626228748497,21.54225004507564,0.7476646761874061
79.71896129437548,21.564748062925958,0.33009328897046397
79.71161486865864,21.530365323639444,0.3872379775476492
79.70127391872875,21.556351178103032,0.584266447077626
79.7163249932968,21.537329666801863,0.43719833785178663
79.70333867009943,21.567819557438742,0.4816537437807311
79.6714274198218,21.567903768940177,0.6253893768306971
79.68652936828677,21.566524870897982,0.6521162574792451
79.66429018145989,21.551490010828083,0.7721611493665168
79.68337944533728,21.53707400260479,0.6464439681538612
79.70449618118423,21.568566642632717,0.5247741885234152
79.68318660105585,21.531166033716353,0.7144630635082543
79.67981765052808,21.537385576121718,0.7385317852335219
79.69572134335061,21.531036862369636,0.5993558371899799
79.71233227173994,21.56045260962326,0.5594657598838277
79.66285499155276,21.56117416168695,0.5276116942588505
79.68312822608198,21.559150599567204,0.8988628026380994
79.66949444450891,21.54493608801188,0.8634396235467618
79.7017212550439,21.526010260432084,0.5471539653982879
79.66634347362586,21.5746701750709,0.5638284414863606
79.69988846551482,21.550463857840732,0.731855000507041
79.67717085224787,21.544418331694665,0.827915783545379
79.67193500882424,21.555329493594897,0.8989970463696279
79.71618115346949,21.531567426149145,0.332687069125546
79.66111147460475,21.52795292674629,0.3894351802151636
79.68626663631338,21.544331513287474,0.7684328902771882
79.66129761954771,21.533633241645994,0.584721714438249
79.68901558288626,21.53465741767223,0.6305644240017547
79.69006284266766,21.57355068926671,0.6793636890329191
79.67929974828368,21.55184555063115,0.8096427402598044
79.66792970665149,21.5490081438594,0.8346107581313784
79.68258325226407,21.561368775623716,0.6852362227614185
79.70033577639595,21.5770928868206,0.3911361205281366
79.70694374851867,21.526731913868232,0.32576032089275453
79.69184503614329,21.570012074026554,0.5283442405919268
79.69539006366638,21.555041150792068,0.7398229737055485
79.67203698226747,21.528769921228708,0.7429143328980565
79.67723981999366,21.537828959121338,0.7334903873311093
79.66971373660314,21.548941684987884,0.7962559759804314
79.67495772100027,21.561470628674645,0.7064496028815794
79.67349320681353,21.534556421017207,0.564249739801802
79.69116692718347,21.552092728928056,0.8047683590522187
79.69376132534744,21.56108029764495,0.5766812209062667
79.71669684524929,21.54692444505085,0.555869715102622
79.67173423882609,21.571781557667208,0.6363143262541333
79.6985005426097,21.572167546170423,0.4841938643115813
79.70903555613926,21.548241473058425,0.5948934172578466
79.69361448782698,21.57837554262453,0.354771790807333
79.67530021915006,21.524535105544327,0.627263681715058
79.6757530138012,21.520201742699374,0.600511657200401
79.66235518318426,21.542840095828236,0.72698317030759
79.6783266535929,21.55606582368235,0.7415563307432923
79.7046762207402,21.55775200944698,0.5227745141730405
79.66285106543242,21.54858674417763,0.6579826908827484
79.67315771695029,21.52749299879444,0.7390171527721636
79.7023739499119,21.530229851307272,0.6684143077169846
79.70695909376937,21.571128879031118,0.4108005958117322
79.68731910460372,21.572074667904353,0.6739897892802715
79.70188446030872,21.56043391227164,0.7405268497948351
79.6832771301193,21.559853078336733,0.7075458672087354
79.66959479470144,21.555860927681668,0.8264691686195567
79.68388896961137,21.532175553142118,0.6371454231009704
79.69479806921218,21.545695042015595,0.7191032289778085
79.71688319691117,21.5617536790878,0.31881222383366403
79.66412505712532,21.5522351363202,0.6686816343032904
79.6904436456307,21.521114820043305,0.6183659420197658
79.67973518669264,21.577213408403203,0.5212909153434291
79.6904987016566,21.57068896315433,0.4855751730434899
79.66143852684259,21.535632700846584,0.49512741601599297
79.67878152128209,21.556987536109975,0.8192898862984733
79.70919208885162,21.57539436302369,0.42195197728974876
79.69323650403128,21.525760660726817,0.5921702512302662
79.68703494956897,21.5501817688478,0.711516510597161
79.67713150430292,21.547374581550777,0.9055806158736746
79.67788255136747,21.54461230031701,0.9484619983944885
79.68298608601543,21.570135316533573,0.6314722053576178
79.71013424259787,21.542838768801847,0.5917573587620316
79.7180327924085,21.52381979999446,0.4683536124874195
79.68631932288102,21.52395026452986,0.6148019052103438
79.68360117032486,21.522564676391475,0.605820895675293
79.71079304654918,21.544548725312442,0.5872393403685792
79.68561431923817,21.5631043766619,0.6615619767847274
79.69312109033774,21.53222334771583,0.6872434311921805
79.67385649987592,21.55878811122589,0.8517227974961903
79.70461015214674,21.56122530832622,0.5085151297611697
79.69191929909624,21.535312127440935,0.8319237139988878
79.70854207301441,21.556033459363636,0.5803949401929974
79.70684396380172,21.56109210040161,0.5165754773714926
79.6729002860962,21.547996817368126,0.8297302090442809
79.70293813303347,21.540202995836804,0.594268346203942
79.70800326447709,21.55714909309446,0.6485463698998399
79.68076643444694,21.578670825239683,0.4873820754844647
79.67035654677413,21.545610484562136,0.8783951053192154
79.66015792933477,21.543504105777107,0.6014288828700047
79.68705421918558,21.547856014145566,0.8874147296308053
79.68114596389233,21.524573103606702,0.7341822820030436
79.69329459002952,21.55318979678028,0.6715930424953485
79.67128246555532,21.539721843233036,0.8051248714260868
79.71157993285999,21.527285327339875,0.30848590391567926
79.67546531293769,21.547975404467042,0.9192134030090686
79.67358577630526,21.52020303919444,0.5237656143495281
79.68884284338905,21.544107114709764,0.948677687303627
79.68993106142466,21.526344116075588,0.7067972706586161
79.6729051137271,21.521457562203988,0.3815732688573586
79.67631164360355,21.56946850277467,0.5138487571566135
79.67018231434932,21.574974928196955,0.5357865239178068
79.70310761069939,21.532460478901545,0.5621586076655283
79.70620534187525,21.552357895830056,0.4942285969960681
79.68773970984755,21.53667748942786,0.6464766413566341
79.7028452213611,21.54961464632033,0.671742458121823
79.70415612351624,21.546197879253647,0.4940872963175553
79.66829653166066,21.536143063304827,0.7767091616874572
79.71797068149007,21.562023614778116,0.4887221568318215
79.70926191682578,21.527589457559216,0.5276087887816785
79.67226900767174,21.52318436693028,0.3848906332938229
79.67116990214475,21.566060525982234,0.5006604274664821
79.66753966873478,21.55995580187324,0.6822085303832284
79.66830271375251,21.54991156744878,0.882564637800998
79.70488970794172,21.54806738622835,0.5723576883337165
79.6881792554171,21.549844682769486,0.785941059766498
79.70697605036439,21.54622144456592,0.4741846366784336
79.70477529366102,21.543573537749868,0.6644626878231155
79.69627676281031,21.549981436173166,0.7946884484469561
79.70118199639472,21.551710910269584,0.5557944136675517
79.66110134346275,21.561514138845016,0.556607227476702
79.6787066588083,21.56267242964404,0.7846048835955177
79.69826933075556,21.54265774480841,0.7049156518760477
79.66056069720918,21.54481243136461,0.6613829353491005
79.66197861662096,21.54242183018417,0.7175643970231314
79.71111327894822,21.552192146417543,0.5729186274714446
79.70104149170152,21.54720121227485,0.7154968663105228
79.67592218398721,21.57337578778817,0.6663675999784476
79.70127777040712,21.561781676014988,0.7303699933444725
79.70754740014836,21.573919383025267,0.3892536879770524
79.67840765698661,21.562548219493564,0.6368812368487291
79.66216224264994,21.578259528911428,0.5079360776426111
79.71596674748126,21.558144206695314,0.3477532495783441
79.68071079029774,21.57781300828978,0.633945245439844
79.66638890579708,21.529490193424564,0.4233123740804738
79.6895114122836,21.523148660849763,0.6759243995606933
79.70610806773985,21.55474751111223,0.613994341691517
79.67329883887705,21.579009592347983,0.5502802108798049
79.676169403008,21.545056314838142,0.7856511407440407
79.67456289920791,21.532722601731578,0.8317509826443408
79.7195003831699,21.55129248695161,0.3242378974123003
79.67184422402383,21.558927917474733,0.6572455637409784
79.69453121301797,21.538910721730954,0.5918800200937542
79.71551587849942,21.562886161509955,0.5511756975462293
79.66881379413266,21.578506870422743,0.43874551684863117
79.71825125187206,21.573817787302634,0.3937052012655178
79.71684863406374,21.537495122410732,0.47341476940622224
79.7130743192235,21.539603420988676,0.584603301467946
79.6728733912798,21.542292473466976,0.8206348205990255
79.69804330336066,21.543673166703616,0.7337929224703081
79.70565348837768,21.526019169951596,0.5271319514353413
79.71916167569178,21.565717770333357,0.44563203384994227
79.67082542932488,21.54192035581664,0.6514695014544124
79.70596155397115,21.572789198602326,0.32974475941277925
79.68032807019563,21.575616437387204,0.41067251566001706
79.67053758793408,21.521465878558462,0.45809204505818457
79.68528261647283,21.57931018419569,0.48257087618856453
79.70763015472892,21.56260136389001,0.5525625543536672
79.68789098822224,21.551223533559575,0.968757497178498
79.69225138601217,21.54337165650235,0.7337341010241003
79.719709564612,21.55111108795658,0.48199892883653084
79.68394655797344,21.539477483438706,0.8102750181798007
79.69692404528256,21.55736126882179,0.6228349694808107
79.68191465209692,21.525578816586687,0.6364530202471015
79.68356713877972,21.55726735617471,0.9470522227285464
79.70173844520673,21.536520691008306,0.5002562320405892
79.71627321856569,21.52105808974314,0.34407693550991586
79.69254153702954,21.55316234596977,0.6511461152723604
79.70610399573692,21.55470686535116,0.5338345046476882
79.66535239352902,21.54559414028269,0.7231936178720011
79.67266948224591,21.52433717395302,0.6514448503947208
79.69012789845517,21.57360057716825,0.6247697501261742
79.66120070341772,21.556685848433673,0.5903148962903405
79.67517129872576,21.526942797974137,0.7255009012833047
79.69104407738949,21.55065583459565,0.7499865131722319
79.66089767189537,21.549835258956907,0.6955971871570582
79.67587277717357,21.523624112127575,0.5473798961333954
79.69084184916855,21.556411582216175,0.8999797389036136
79.69438895487887,21.568499583935292,0.6938668004167126
79.71554510158332,21.564940483254908,0.5289036976522211
79.69872073739504,21.53217816484985,0.5201803076270763
79.6848841481518,21.57173755177325,0.6513024452211835
79.71582107062798,21.54055252993956,0.5114856588379979
79.70709297900326,21.576790502697516,0.4741083742705216
79.67200053526676,21.52430487785354,0.5456701669253157
79.66785054168092,21.54917252131119,0.5817916464577384
79.70054869814456,21.555827462630653,0.5956967399797902
79.69359298993461,21.534859005908476,0.6392548086621022
79.70738041682756,21.566282811323212,0.5970424540227808
79.70432830300471,21.557613740788643,0.7019950167060309
79.69751269203145,21.521086566237276,0.35791928391301076
79.71918293029773,21.556502115441774,0.5360979486017385
79.69201538380662,21.549488694065104,0.7064184176045964
79.6667863453901,21.53176175210221,0.572255187540819
79.70969641388896,21.57974489362357,0.2758299464749029
79.67511120174073,21.573829731689656,0.6578364816869391
79.70663812888863,21.53755046170174,0.6265510955115179
79.71742642576,21.552464255247916,0.3854720335785432
79.70180773083786,21.538990128394616,0.6866102289170551
79.69576180965699,21.566529745098162,0.5247242186152403
79.6876231705405,21.575819885991784,0.4952715001595598
79.68186459195972,21.54152971641486,0.7827908853556365
79.6811802850583,21.568335054948616,0.5776025717324371
79.69818236234258,21.549904452562792,0.837044050945454
79.70507638701626,21.543794713678693,0.6618291438682351
79.70071102416907,21.576305311125925,0.38736207285133095
79.6719046060716,21.55062428132314,0.702379435348301
79.68963923080861,21.548044630015447,0.6784508752048568
79.70749840433098,21.560346064117738,0.489631735140603
79.68854224469135,21.535674052061097,0.7489836687412388
79.69219739678412,21.5394875722473,0.6891270684428819
79.70626816289025,21.575922750174314,0.4753336415679288
79.6996759183759,21.560711790726216,0.6149980122586312
79.68456069525294,21.56959822886626,0.5808535245055149
79.71372476267165,21.536266705716127,0.5805678049715111
79.66975402411981,21.55262741139579,0.6758628342637097
79.71973098691542,21.57828377601937,0.28368370776077123
79.66713115470857,21.539122233941693,0.6420441251954129
79.66089699826625,21.529628588579023,0.42986547498372785
79.71340113406893,21.55065316049348,0.4008176285799179
79.67469721050196,21.54326926532349,0.7356933180771156
79.7037819776468,21.5295746339672,0.6286725925588876
79.70866092249592,21.5733130829622,0.49830148157688653
79.71153918346192,21.579443434633227,0.406663752505455
79.71949565413985,21.554114930841397,0.38963621612139476
79.6776423826024,21.566480606102406,0.6772110343303461
79.70261460051563,21.571542302172777,0.42101470503841
79.66692399149684,21.56205892036131,0.5108693698292431
79.6844085574814,21.522649362946705,0.5036293122390572
79.71087830159875,21.52945805390301,0.43826627365149406
79.68205948276355,21.524259351469084,0.44777376853947926
79.69546572283214,21.520592776398523,0.3594637826954258
79.69022640662348,21.538359784525433,0.690236127873614
79.69875709186672,21.543541357628893,0.6645180612272179
79.71837366336327,21.534461783940156,0.35724212906539643
79.66334413159008,21.52387627888518,0.356917493343046
79.6944376910501,21.5517917854502,0.6877170765595955
79.71178172675502,21.536399159197426,0.4025442477432836
79.68888296270491,21.567762229291812,0.5221565390537848
79.6647116311565,21.520483157297516,0.39274072551918104
79.693632361145,21.570551623077254,0.452722679045556
79.67992443344943,21.577285220736755,0.5731388463025092
79.66929650712028,21.562968103789213,0.6222496380040047
79.710942070797,21.56401864391575,0.4137763007032208
79.69129597077946,21.57601373869616,0.4025098314836836
79.71599658474274,21.53254427711802,0.32260151090241096
79.70836099027618,21.57967393409251,0.2896679437605428
79.70157830762642,21.56640887220271,0.7043490765696239
79.66030153020192,21.563594242499665,0.6388060833167419
79.6856694073983,21.541665434739716,0.6715340679460217
79.67184917689912,21.552746649124334,0.8073964422713588
79.71464787466293,21.5592350672964,0.3724636608713434
79.67047503908059,21.557220571679032,0.6092673269730179
79.67716360309956,21.562299078308655,0.7937616168278361
79.69101020606406,21.524942904344705,0.45953616118502183
79.67580181713988,21.5413389059699,0.7739435290522731
79.67259188063674,21.546040000995728,0.825585145923009
79.69594595950616,21.535637757872497,0.6933948755861045
79.66533577136529,21.530357636216152,0.7086762770038506
79.66349006552325,21.528335648794773,0.6081830921607048
79.68233471771116,21.541983003535393,0.9059192454525047
79.70323986727047,21.549606502033754,0.6028776502796215
79.69328840549643,21.5237785864088,0.3924714258608736
79.68537258810801,21.576787485675432,0.5906445003920728
79.69394509385347,21.565914599371645,0.7941728304706581
79.6819270890792,21.563851106391127,0.6976756281924643
79.71616878012593,21.530371631499325,0.5375364571863628
79.66329429345464,21.55622804608073,0.5284449849679042
79.70040348874178,21.55178349680852,0.6261801038522534
79.71347695988966,21.5789481307472,0.24528408067145407
79.70823308252412,21.564860306204807,0.4853454698875853
79.67104246208929,21.55454571302297,0.8427657255460534
79.67775558093881,21.571048759988205,0.5562034313443078
79.70302287632242,21.52930565625164,0.6469333760708811
79.66505623355084,21.520912991781458,0.46559507462857286
79.70871170198996,21.56141400000487,0.5014074259734226
79.70313441667629,21.525898687614234,0.5733373774823408
79.70377639895412,21.52692601839901,0.37228409836756465
79.66601448221606,21.56468084358547,0.6812678842700244
79.70306563268898,21.53623209064804,0.5150942265082507
79.7007890875132,21.557717872934134,0.5854627025387353
79.70985534944931,21.575044415565564,0.4243914415731656
79.66249575737538,21.53898847189827,0.7310709944471327
79.66138664010806,21.533028649470396,0.5694737209644878
79.6823804259927,21.526393773024463,0.6600455196282056
79.66892729703095,21.527827741685183,0.6528723460439412
79.69350306865421,21.52373336172273,0.46579588777027087
79.71504093409041,21.525258542729784,0.47159327588252703
79.68348878382004,21.545920275328548,0.8206877719051061
79.71069702263635,21.539251902701437,0.40615184999677467
79.66001445247107,21.562393648859377,0.4994608854228313
79.67011087860755,21.57221449949482,0.4664401459543323
79.66182541237924,21.567086392188543,0.4427655818711486
79.6796888308309,21.551838235399938,0.7726831431690664
79.71449137574179,21.52614652697396,0.2874225773014747
79.66581712741593,21.562586037036493,0.6695746504656315
79.69638458660462,21.54176972348361,0.7509180589606841
79.68708975634716,21.525139023634924,0.6335513033472789
79.71630809274195,21.570547984432757,0.3247587560921357
79.66735114855223,21.54029299103095,0.7703449582477722
79.67272167103013,21.533094929950693,0.5635317879817852
79.66177251811669,21.57228712387713,0.49114597805552596
79.68603611497788,21.57412803210682,0.49320640025413315
79.67666997397387,21.540338250231493,0.7968917127617888
79.71219435603342,21.541288085156882,0.43786045994343475
79.69629644879187,21.55477771165499,0.8200345988827916
79.69684544427854,21.56400648962864,0.757581964519894
79.69191464181287,21.523788952114412,0.6207216214879554
79.66551102023375,21.555600619431306,0.5754029334339015
79.68670112102352,21.57716920370701,0.4447971689350379
79.71997031138251,21.535725633830797,0.5041473352682518
79.71011375745076,21.574529632845813,0.377597690525426
79.71360754325002,21.577010100445783,0.48690083692715447
79.70939358155479,21.536149218458263,0.4718970761620861
79.66618250160586,21.565252111953118,0.7301691515434829
79.67364689524389,21.534326500499173,0.8262830464553614
79.66018729908139,21.564256669703926,0.5791317247699368
79.67821060749269,21.56784519827733,0.5088950166479633
79.66651644414078,21.53483234222264,0.5991367899795402
79.6883676007181,21.56295217261499,0.8480592990834369
79.70062764931443,21.568726272331844,0.6583800511186936
79.71247031770228,21.541514732326412,0.3938854969738681
79.70495302990545,21.530062166559382,0.480690172487214
79.71631513574671,21.52551787403905,0.46556099598441514
79.66323389742362,21.554522902216597,0.6673014063251561
79.66073079012499,21.57868588715894,0.5032492131163903
79.69968028683017,21.569377019201333,0.6426298881175139
79.67736114461333,21.546150378336073,0.9505275119940441
79.67521006096635,21.552197254171297,0.6937675009408408
79.67985322526162,21.536771673124708,0.6597031447306607
79.67618776347354,21.529783952041605,0.526542288057421
79.6906861843781,21.548924869493934,0.9451589115203937
79.68640890683345,21.54781009397003,0.8347369863082532
79.69074571308259,21.551315797168225,0.6794249350401528
79.70036281669003,21.577168275133836,0.3926146412130994
79.68322783053827,21.556233718008684,0.7719108993991645
79.67507846122852,21.55634631019734,0.8749672612654349
79.66997203220852,21.527681485771662,0.6476422610179993
79.68096844717195,21.57978933197061,0.5336463740835709
79.70450838851477,21.56637069665408,0.38132131000490777
79.70540229460669,21.57263220064564,0.5766667893016776
79.70001432320105,21.54485802470986,0.6057491953009138
79.67404169051841,21.550127685747135,0.8423408807390426
79.69528517475128,21.551325028549737,0.6294523774298725
79.6942413796946,21.531645672357374,0.5193404210777957
79.68905597188657,21.561369349379618,0.594334334680057
79.69299873918303,21.574178603417046,0.5522402647572348
79.68950743795742,21.529822349088306,0.6915502302387111
79.69392738196444,21.52517909640917,0.4211900785573123
79.70293035727727,21.56429313433242,0.5016249513323796
79.6665776916642,21.53639210990038,0.7510100275102545
79.70497754512894,21.55743175249704,0.471475685397098
79.66815316900765,21.561745500279528,0.5718469358036351
79.66399767990463,21.53931464581491,0.6120983281084703
79.71856478117328,21.568908675845545,0.4642052221248012
79.71741950613223,21.552999338926853,0.3551734052283973
79.66362619269643,21.572139964477106,0.6376786334405083
79.68659520648849,21.565797613153535,0.6477807623511616
79.67117469629798,21.572114537922246,0.5176746717211379
79.68912069382806,21.521209682927072,0.40830189055435245
79.70981063457998,21.534610375644316,0.5426662026246554
79.71703670648458,21.525400476426757,0.2818847510574831
79.69805515920709,21.54652498103136,0.7632208653793977
79.6812343400327,21.57339760729692,0.4914322926912579
79.69619953393867,21.54805241573601,0.7187718226008278
79.67872007836651,21.57098278267482,0.7152529587494894
79.71458941844992,21.539630694281158,0.5241329532242537
79.71222402778635,21.540374204368316,0.3833132693487863
79.69349390501678,21.57373370381961,0.5682565196754557
79.67948793492282,21.545549028790703,0.8759754241776223
79.67760338053498,21.56738592926768,0.5380586290080742
79.6620050796823,21.534198612872913,0.5544411414315651
79.70894925106151,21.576928049780655,0.3150336892982969
79.68702299278233,21.554474694791832,0.8103676526912296
79.67950797570401,21.565559414114702,0.7789350944541549
79.68826662129986,21.525370941987692,0.4863562796502383
79.70912427942727,21.54955985354983,0.4382237947835744
79.66747685246244,21.57406230986404,0.4289582968146014
79.71145935929451,21.572622317742596,0.5350679080408831
79.7138505301065,21.522808837434052,0.4422774280599181
79.71680247490204,21.538221908147737,0.2761977971343879
79.68384927954536,21.546599200388744,0.8172091813115855
79.67302842424226,21.530335888861348,0.5663464564839379
